--
-- PostgreSQL database dump
--

\restrict DcjIVyJ5Klx44JalngNpQALvsJv1D5t7IiZUa8GK4e2EdmbplhSvRHjqcnlAUkE

-- Dumped from database version 18.0
-- Dumped by pg_dump version 18.0

-- Started on 2026-02-18 20:24:10

SET statement_timeout = 0;
SET lock_timeout = 0;
SET idle_in_transaction_session_timeout = 0;
SET transaction_timeout = 0;
SET client_encoding = 'UTF8';
SET standard_conforming_strings = on;
SELECT pg_catalog.set_config('search_path', '', false);
SET check_function_bodies = false;
SET xmloption = content;
SET client_min_messages = warning;
SET row_security = off;

--
-- TOC entry 9 (class 2615 OID 18448)
-- Name: tickets; Type: SCHEMA; Schema: -; Owner: postgres
--

CREATE SCHEMA tickets;


ALTER SCHEMA tickets OWNER TO postgres;

SET default_tablespace = '';

SET default_table_access_method = heap;

--
-- TOC entry 391 (class 1259 OID 19248)
-- Name: approve_line; Type: TABLE; Schema: tickets; Owner: postgres
--

CREATE TABLE tickets.approve_line (
    id integer NOT NULL,
    category_id integer,
    level integer,
    user_id integer,
    team_id integer,
    flow_no integer DEFAULT 1 NOT NULL
);


ALTER TABLE tickets.approve_line OWNER TO postgres;

--
-- TOC entry 390 (class 1259 OID 19247)
-- Name: approve_line_id_seq; Type: SEQUENCE; Schema: tickets; Owner: postgres
--

CREATE SEQUENCE tickets.approve_line_id_seq
    AS integer
    START WITH 1
    INCREMENT BY 1
    NO MINVALUE
    NO MAXVALUE
    CACHE 1;


ALTER SEQUENCE tickets.approve_line_id_seq OWNER TO postgres;

--
-- TOC entry 5762 (class 0 OID 0)
-- Dependencies: 390
-- Name: approve_line_id_seq; Type: SEQUENCE OWNED BY; Schema: tickets; Owner: postgres
--

ALTER SEQUENCE tickets.approve_line_id_seq OWNED BY tickets.approve_line.id;


--
-- TOC entry 364 (class 1259 OID 18780)
-- Name: auth_group; Type: TABLE; Schema: tickets; Owner: postgres
--

CREATE TABLE tickets.auth_group (
    id integer NOT NULL,
    name character varying(150) NOT NULL
);


ALTER TABLE tickets.auth_group OWNER TO postgres;

--
-- TOC entry 363 (class 1259 OID 18779)
-- Name: auth_group_id_seq; Type: SEQUENCE; Schema: tickets; Owner: postgres
--

ALTER TABLE tickets.auth_group ALTER COLUMN id ADD GENERATED BY DEFAULT AS IDENTITY (
    SEQUENCE NAME tickets.auth_group_id_seq
    START WITH 1
    INCREMENT BY 1
    NO MINVALUE
    NO MAXVALUE
    CACHE 1
);


--
-- TOC entry 366 (class 1259 OID 18790)
-- Name: auth_group_permissions; Type: TABLE; Schema: tickets; Owner: postgres
--

CREATE TABLE tickets.auth_group_permissions (
    id integer NOT NULL,
    group_id integer NOT NULL,
    permission_id integer NOT NULL
);


ALTER TABLE tickets.auth_group_permissions OWNER TO postgres;

--
-- TOC entry 365 (class 1259 OID 18789)
-- Name: auth_group_permissions_id_seq; Type: SEQUENCE; Schema: tickets; Owner: postgres
--

ALTER TABLE tickets.auth_group_permissions ALTER COLUMN id ADD GENERATED BY DEFAULT AS IDENTITY (
    SEQUENCE NAME tickets.auth_group_permissions_id_seq
    START WITH 1
    INCREMENT BY 1
    NO MINVALUE
    NO MAXVALUE
    CACHE 1
);


--
-- TOC entry 362 (class 1259 OID 18770)
-- Name: auth_permission; Type: TABLE; Schema: tickets; Owner: postgres
--

CREATE TABLE tickets.auth_permission (
    id integer NOT NULL,
    name character varying(255) NOT NULL,
    content_type_id integer NOT NULL,
    codename character varying(100) NOT NULL
);


ALTER TABLE tickets.auth_permission OWNER TO postgres;

--
-- TOC entry 361 (class 1259 OID 18769)
-- Name: auth_permission_id_seq; Type: SEQUENCE; Schema: tickets; Owner: postgres
--

ALTER TABLE tickets.auth_permission ALTER COLUMN id ADD GENERATED BY DEFAULT AS IDENTITY (
    SEQUENCE NAME tickets.auth_permission_id_seq
    START WITH 1
    INCREMENT BY 1
    NO MINVALUE
    NO MAXVALUE
    CACHE 1
);


--
-- TOC entry 368 (class 1259 OID 18799)
-- Name: auth_user; Type: TABLE; Schema: tickets; Owner: postgres
--

CREATE TABLE tickets.auth_user (
    id integer NOT NULL,
    password character varying(128) NOT NULL,
    last_login timestamp with time zone,
    is_superuser boolean NOT NULL,
    username character varying(150) NOT NULL,
    first_name character varying(150) NOT NULL,
    last_name character varying(150) NOT NULL,
    email character varying(254) NOT NULL,
    is_staff boolean NOT NULL,
    is_active boolean NOT NULL,
    date_joined timestamp with time zone NOT NULL
);


ALTER TABLE tickets.auth_user OWNER TO postgres;

--
-- TOC entry 370 (class 1259 OID 18818)
-- Name: auth_user_groups; Type: TABLE; Schema: tickets; Owner: postgres
--

CREATE TABLE tickets.auth_user_groups (
    id integer NOT NULL,
    user_id integer NOT NULL,
    group_id integer NOT NULL
);


ALTER TABLE tickets.auth_user_groups OWNER TO postgres;

--
-- TOC entry 369 (class 1259 OID 18817)
-- Name: auth_user_groups_id_seq; Type: SEQUENCE; Schema: tickets; Owner: postgres
--

ALTER TABLE tickets.auth_user_groups ALTER COLUMN id ADD GENERATED BY DEFAULT AS IDENTITY (
    SEQUENCE NAME tickets.auth_user_groups_id_seq
    START WITH 1
    INCREMENT BY 1
    NO MINVALUE
    NO MAXVALUE
    CACHE 1
);


--
-- TOC entry 367 (class 1259 OID 18798)
-- Name: auth_user_id_seq; Type: SEQUENCE; Schema: tickets; Owner: postgres
--

ALTER TABLE tickets.auth_user ALTER COLUMN id ADD GENERATED BY DEFAULT AS IDENTITY (
    SEQUENCE NAME tickets.auth_user_id_seq
    START WITH 1
    INCREMENT BY 1
    NO MINVALUE
    NO MAXVALUE
    CACHE 1
);


--
-- TOC entry 372 (class 1259 OID 18827)
-- Name: auth_user_user_permissions; Type: TABLE; Schema: tickets; Owner: postgres
--

CREATE TABLE tickets.auth_user_user_permissions (
    id integer NOT NULL,
    user_id integer NOT NULL,
    permission_id integer NOT NULL
);


ALTER TABLE tickets.auth_user_user_permissions OWNER TO postgres;

--
-- TOC entry 371 (class 1259 OID 18826)
-- Name: auth_user_user_permissions_id_seq; Type: SEQUENCE; Schema: tickets; Owner: postgres
--

ALTER TABLE tickets.auth_user_user_permissions ALTER COLUMN id ADD GENERATED BY DEFAULT AS IDENTITY (
    SEQUENCE NAME tickets.auth_user_user_permissions_id_seq
    START WITH 1
    INCREMENT BY 1
    NO MINVALUE
    NO MAXVALUE
    CACHE 1
);


--
-- TOC entry 405 (class 1259 OID 19429)
-- Name: borrow_requests; Type: TABLE; Schema: tickets; Owner: postgres
--

CREATE TABLE tickets.borrow_requests (
    id integer NOT NULL,
    user_id integer NOT NULL,
    remark text,
    request_item text,
    ticket_id integer,
    return_date date NOT NULL,
    borrow_date date NOT NULL
);


ALTER TABLE tickets.borrow_requests OWNER TO postgres;

--
-- TOC entry 404 (class 1259 OID 19428)
-- Name: borrow_requests_id_seq; Type: SEQUENCE; Schema: tickets; Owner: postgres
--

CREATE SEQUENCE tickets.borrow_requests_id_seq
    AS integer
    START WITH 1
    INCREMENT BY 1
    NO MINVALUE
    NO MAXVALUE
    CACHE 1;


ALTER SEQUENCE tickets.borrow_requests_id_seq OWNER TO postgres;

--
-- TOC entry 5763 (class 0 OID 0)
-- Dependencies: 404
-- Name: borrow_requests_id_seq; Type: SEQUENCE OWNED BY; Schema: tickets; Owner: postgres
--

ALTER SEQUENCE tickets.borrow_requests_id_seq OWNED BY tickets.borrow_requests.id;


--
-- TOC entry 334 (class 1259 OID 18511)
-- Name: category; Type: TABLE; Schema: tickets; Owner: postgres
--

CREATE TABLE tickets.category (
    id integer NOT NULL,
    name character varying(100),
    use_accounting boolean DEFAULT true
);


ALTER TABLE tickets.category OWNER TO postgres;

--
-- TOC entry 333 (class 1259 OID 18510)
-- Name: category_id_seq; Type: SEQUENCE; Schema: tickets; Owner: postgres
--

CREATE SEQUENCE tickets.category_id_seq
    AS integer
    START WITH 1
    INCREMENT BY 1
    NO MINVALUE
    NO MAXVALUE
    CACHE 1;


ALTER SEQUENCE tickets.category_id_seq OWNER TO postgres;

--
-- TOC entry 5764 (class 0 OID 0)
-- Dependencies: 333
-- Name: category_id_seq; Type: SEQUENCE OWNED BY; Schema: tickets; Owner: postgres
--

ALTER SEQUENCE tickets.category_id_seq OWNED BY tickets.category.id;


--
-- TOC entry 332 (class 1259 OID 18498)
-- Name: department; Type: TABLE; Schema: tickets; Owner: postgres
--

CREATE TABLE tickets.department (
    id integer NOT NULL,
    dept_name character varying(100)
);


ALTER TABLE tickets.department OWNER TO postgres;

--
-- TOC entry 331 (class 1259 OID 18497)
-- Name: department_id_seq; Type: SEQUENCE; Schema: tickets; Owner: postgres
--

CREATE SEQUENCE tickets.department_id_seq
    AS integer
    START WITH 1
    INCREMENT BY 1
    NO MINVALUE
    NO MAXVALUE
    CACHE 1;


ALTER SEQUENCE tickets.department_id_seq OWNER TO postgres;

--
-- TOC entry 5765 (class 0 OID 0)
-- Dependencies: 331
-- Name: department_id_seq; Type: SEQUENCE OWNED BY; Schema: tickets; Owner: postgres
--

ALTER SEQUENCE tickets.department_id_seq OWNED BY tickets.department.id;


--
-- TOC entry 374 (class 1259 OID 18888)
-- Name: django_admin_log; Type: TABLE; Schema: tickets; Owner: postgres
--

CREATE TABLE tickets.django_admin_log (
    id integer NOT NULL,
    action_time timestamp with time zone NOT NULL,
    object_id text,
    object_repr character varying(200) NOT NULL,
    action_flag smallint NOT NULL,
    change_message text NOT NULL,
    content_type_id integer,
    user_id integer NOT NULL,
    CONSTRAINT django_admin_log_action_flag_check CHECK ((action_flag >= 0))
);


ALTER TABLE tickets.django_admin_log OWNER TO postgres;

--
-- TOC entry 373 (class 1259 OID 18887)
-- Name: django_admin_log_id_seq; Type: SEQUENCE; Schema: tickets; Owner: postgres
--

ALTER TABLE tickets.django_admin_log ALTER COLUMN id ADD GENERATED BY DEFAULT AS IDENTITY (
    SEQUENCE NAME tickets.django_admin_log_id_seq
    START WITH 1
    INCREMENT BY 1
    NO MINVALUE
    NO MAXVALUE
    CACHE 1
);


--
-- TOC entry 360 (class 1259 OID 18758)
-- Name: django_content_type; Type: TABLE; Schema: tickets; Owner: postgres
--

CREATE TABLE tickets.django_content_type (
    id integer NOT NULL,
    app_label character varying(100) NOT NULL,
    model character varying(100) NOT NULL
);


ALTER TABLE tickets.django_content_type OWNER TO postgres;

--
-- TOC entry 359 (class 1259 OID 18757)
-- Name: django_content_type_id_seq; Type: SEQUENCE; Schema: tickets; Owner: postgres
--

ALTER TABLE tickets.django_content_type ALTER COLUMN id ADD GENERATED BY DEFAULT AS IDENTITY (
    SEQUENCE NAME tickets.django_content_type_id_seq
    START WITH 1
    INCREMENT BY 1
    NO MINVALUE
    NO MAXVALUE
    CACHE 1
);


--
-- TOC entry 358 (class 1259 OID 18746)
-- Name: django_migrations; Type: TABLE; Schema: tickets; Owner: postgres
--

CREATE TABLE tickets.django_migrations (
    id integer NOT NULL,
    app character varying(255) NOT NULL,
    name character varying(255) NOT NULL,
    applied timestamp with time zone NOT NULL
);


ALTER TABLE tickets.django_migrations OWNER TO postgres;

--
-- TOC entry 357 (class 1259 OID 18745)
-- Name: django_migrations_id_seq; Type: SEQUENCE; Schema: tickets; Owner: postgres
--

ALTER TABLE tickets.django_migrations ALTER COLUMN id ADD GENERATED BY DEFAULT AS IDENTITY (
    SEQUENCE NAME tickets.django_migrations_id_seq
    START WITH 1
    INCREMENT BY 1
    NO MINVALUE
    NO MAXVALUE
    CACHE 1
);


--
-- TOC entry 375 (class 1259 OID 18928)
-- Name: django_session; Type: TABLE; Schema: tickets; Owner: postgres
--

CREATE TABLE tickets.django_session (
    session_key character varying(40) NOT NULL,
    session_data text NOT NULL,
    expire_date timestamp with time zone NOT NULL
);


ALTER TABLE tickets.django_session OWNER TO postgres;

--
-- TOC entry 354 (class 1259 OID 18707)
-- Name: file_document; Type: TABLE; Schema: tickets; Owner: postgres
--

CREATE TABLE tickets.file_document (
    id integer NOT NULL,
    document_name character varying(255),
    document_type character varying(100),
    related_to integer,
    file_path text,
    create_at timestamp without time zone DEFAULT CURRENT_TIMESTAMP,
    update_at timestamp without time zone
);


ALTER TABLE tickets.file_document OWNER TO postgres;

--
-- TOC entry 353 (class 1259 OID 18706)
-- Name: file_document_id_seq; Type: SEQUENCE; Schema: tickets; Owner: postgres
--

CREATE SEQUENCE tickets.file_document_id_seq
    AS integer
    START WITH 1
    INCREMENT BY 1
    NO MINVALUE
    NO MAXVALUE
    CACHE 1;


ALTER SEQUENCE tickets.file_document_id_seq OWNER TO postgres;

--
-- TOC entry 5766 (class 0 OID 0)
-- Dependencies: 353
-- Name: file_document_id_seq; Type: SEQUENCE OWNED BY; Schema: tickets; Owner: postgres
--

ALTER SEQUENCE tickets.file_document_id_seq OWNED BY tickets.file_document.id;


--
-- TOC entry 403 (class 1259 OID 19411)
-- Name: it_category; Type: TABLE; Schema: tickets; Owner: postgres
--

CREATE TABLE tickets.it_category (
    id integer NOT NULL,
    name character varying(150) NOT NULL,
    is_active boolean DEFAULT true,
    created_at timestamp without time zone DEFAULT CURRENT_TIMESTAMP
);


ALTER TABLE tickets.it_category OWNER TO postgres;

--
-- TOC entry 402 (class 1259 OID 19410)
-- Name: it_category_id_seq; Type: SEQUENCE; Schema: tickets; Owner: postgres
--

CREATE SEQUENCE tickets.it_category_id_seq
    AS integer
    START WITH 1
    INCREMENT BY 1
    NO MINVALUE
    NO MAXVALUE
    CACHE 1;


ALTER SEQUENCE tickets.it_category_id_seq OWNER TO postgres;

--
-- TOC entry 5767 (class 0 OID 0)
-- Dependencies: 402
-- Name: it_category_id_seq; Type: SEQUENCE OWNED BY; Schema: tickets; Owner: postgres
--

ALTER SEQUENCE tickets.it_category_id_seq OWNED BY tickets.it_category.id;


--
-- TOC entry 348 (class 1259 OID 18650)
-- Name: log; Type: TABLE; Schema: tickets; Owner: postgres
--

CREATE TABLE tickets.log (
    id integer NOT NULL,
    user_id integer,
    action character varying(255),
    target_table character varying(100),
    create_at timestamp without time zone DEFAULT CURRENT_TIMESTAMP
);


ALTER TABLE tickets.log OWNER TO postgres;

--
-- TOC entry 347 (class 1259 OID 18649)
-- Name: log_id_seq; Type: SEQUENCE; Schema: tickets; Owner: postgres
--

CREATE SEQUENCE tickets.log_id_seq
    AS integer
    START WITH 1
    INCREMENT BY 1
    NO MINVALUE
    NO MAXVALUE
    CACHE 1;


ALTER SEQUENCE tickets.log_id_seq OWNER TO postgres;

--
-- TOC entry 5768 (class 0 OID 0)
-- Dependencies: 347
-- Name: log_id_seq; Type: SEQUENCE OWNED BY; Schema: tickets; Owner: postgres
--

ALTER SEQUENCE tickets.log_id_seq OWNED BY tickets.log.id;


--
-- TOC entry 393 (class 1259 OID 19308)
-- Name: module_permission; Type: TABLE; Schema: tickets; Owner: postgres
--

CREATE TABLE tickets.module_permission (
    id integer NOT NULL,
    role_id integer NOT NULL,
    module_id integer NOT NULL,
    can_view boolean DEFAULT false,
    can_create boolean DEFAULT false,
    can_edit boolean DEFAULT false,
    can_delete boolean DEFAULT false,
    can_approve boolean DEFAULT false,
    create_at timestamp without time zone DEFAULT CURRENT_TIMESTAMP,
    update_at timestamp without time zone
);


ALTER TABLE tickets.module_permission OWNER TO postgres;

--
-- TOC entry 392 (class 1259 OID 19307)
-- Name: module_permission_id_seq; Type: SEQUENCE; Schema: tickets; Owner: postgres
--

CREATE SEQUENCE tickets.module_permission_id_seq
    AS integer
    START WITH 1
    INCREMENT BY 1
    NO MINVALUE
    NO MAXVALUE
    CACHE 1;


ALTER SEQUENCE tickets.module_permission_id_seq OWNER TO postgres;

--
-- TOC entry 5769 (class 0 OID 0)
-- Dependencies: 392
-- Name: module_permission_id_seq; Type: SEQUENCE OWNED BY; Schema: tickets; Owner: postgres
--

ALTER SEQUENCE tickets.module_permission_id_seq OWNED BY tickets.module_permission.id;


--
-- TOC entry 346 (class 1259 OID 18606)
-- Name: notification; Type: TABLE; Schema: tickets; Owner: postgres
--

CREATE TABLE tickets.notification (
    id integer NOT NULL,
    ticket_id integer,
    message character varying(255),
    create_at timestamp without time zone DEFAULT CURRENT_TIMESTAMP
);


ALTER TABLE tickets.notification OWNER TO postgres;

--
-- TOC entry 345 (class 1259 OID 18605)
-- Name: notification_id_seq; Type: SEQUENCE; Schema: tickets; Owner: postgres
--

CREATE SEQUENCE tickets.notification_id_seq
    AS integer
    START WITH 1
    INCREMENT BY 1
    NO MINVALUE
    NO MAXVALUE
    CACHE 1;


ALTER SEQUENCE tickets.notification_id_seq OWNER TO postgres;

--
-- TOC entry 5770 (class 0 OID 0)
-- Dependencies: 345
-- Name: notification_id_seq; Type: SEQUENCE OWNED BY; Schema: tickets; Owner: postgres
--

ALTER SEQUENCE tickets.notification_id_seq OWNED BY tickets.notification.id;


--
-- TOC entry 395 (class 1259 OID 19341)
-- Name: page_permission; Type: TABLE; Schema: tickets; Owner: postgres
--

CREATE TABLE tickets.page_permission (
    id integer NOT NULL,
    role_id integer NOT NULL,
    url_name character varying(100) NOT NULL,
    can_access boolean DEFAULT true,
    create_at timestamp without time zone DEFAULT CURRENT_TIMESTAMP,
    update_at timestamp without time zone
);


ALTER TABLE tickets.page_permission OWNER TO postgres;

--
-- TOC entry 394 (class 1259 OID 19340)
-- Name: page_permission_id_seq; Type: SEQUENCE; Schema: tickets; Owner: postgres
--

CREATE SEQUENCE tickets.page_permission_id_seq
    AS integer
    START WITH 1
    INCREMENT BY 1
    NO MINVALUE
    NO MAXVALUE
    CACHE 1;


ALTER SEQUENCE tickets.page_permission_id_seq OWNER TO postgres;

--
-- TOC entry 5771 (class 0 OID 0)
-- Dependencies: 394
-- Name: page_permission_id_seq; Type: SEQUENCE OWNED BY; Schema: tickets; Owner: postgres
--

ALTER SEQUENCE tickets.page_permission_id_seq OWNED BY tickets.page_permission.id;


--
-- TOC entry 397 (class 1259 OID 19360)
-- Name: permissions; Type: TABLE; Schema: tickets; Owner: postgres
--

CREATE TABLE tickets.permissions (
    id integer NOT NULL,
    code character varying(100) NOT NULL,
    url_name character varying(100) NOT NULL,
    description text,
    create_at timestamp without time zone DEFAULT CURRENT_TIMESTAMP
);


ALTER TABLE tickets.permissions OWNER TO postgres;

--
-- TOC entry 396 (class 1259 OID 19359)
-- Name: permissions_id_seq; Type: SEQUENCE; Schema: tickets; Owner: postgres
--

CREATE SEQUENCE tickets.permissions_id_seq
    AS integer
    START WITH 1
    INCREMENT BY 1
    NO MINVALUE
    NO MAXVALUE
    CACHE 1;


ALTER SEQUENCE tickets.permissions_id_seq OWNER TO postgres;

--
-- TOC entry 5772 (class 0 OID 0)
-- Dependencies: 396
-- Name: permissions_id_seq; Type: SEQUENCE OWNED BY; Schema: tickets; Owner: postgres
--

ALTER SEQUENCE tickets.permissions_id_seq OWNED BY tickets.permissions.id;


--
-- TOC entry 401 (class 1259 OID 19399)
-- Name: request_type; Type: TABLE; Schema: tickets; Owner: postgres
--

CREATE TABLE tickets.request_type (
    id integer NOT NULL,
    code character varying(50) NOT NULL,
    name character varying(100) NOT NULL
);


ALTER TABLE tickets.request_type OWNER TO postgres;

--
-- TOC entry 400 (class 1259 OID 19398)
-- Name: request_type_id_seq; Type: SEQUENCE; Schema: tickets; Owner: postgres
--

CREATE SEQUENCE tickets.request_type_id_seq
    AS integer
    START WITH 1
    INCREMENT BY 1
    NO MINVALUE
    NO MAXVALUE
    CACHE 1;


ALTER SEQUENCE tickets.request_type_id_seq OWNER TO postgres;

--
-- TOC entry 5773 (class 0 OID 0)
-- Dependencies: 400
-- Name: request_type_id_seq; Type: SEQUENCE OWNED BY; Schema: tickets; Owner: postgres
--

ALTER SEQUENCE tickets.request_type_id_seq OWNED BY tickets.request_type.id;


--
-- TOC entry 383 (class 1259 OID 19073)
-- Name: roles; Type: TABLE; Schema: tickets; Owner: postgres
--

CREATE TABLE tickets.roles (
    id integer NOT NULL,
    role_name character varying(50) NOT NULL,
    create_at timestamp without time zone DEFAULT CURRENT_TIMESTAMP
);


ALTER TABLE tickets.roles OWNER TO postgres;

--
-- TOC entry 382 (class 1259 OID 19072)
-- Name: roles_id_seq; Type: SEQUENCE; Schema: tickets; Owner: postgres
--

CREATE SEQUENCE tickets.roles_id_seq
    AS integer
    START WITH 1
    INCREMENT BY 1
    NO MINVALUE
    NO MAXVALUE
    CACHE 1;


ALTER SEQUENCE tickets.roles_id_seq OWNER TO postgres;

--
-- TOC entry 5774 (class 0 OID 0)
-- Dependencies: 382
-- Name: roles_id_seq; Type: SEQUENCE OWNED BY; Schema: tickets; Owner: postgres
--

ALTER SEQUENCE tickets.roles_id_seq OWNED BY tickets.roles.id;


--
-- TOC entry 379 (class 1259 OID 19010)
-- Name: status; Type: TABLE; Schema: tickets; Owner: postgres
--

CREATE TABLE tickets.status (
    id integer NOT NULL,
    name character varying(50) NOT NULL,
    status_group character varying(30) DEFAULT 'general'::character varying NOT NULL
);


ALTER TABLE tickets.status OWNER TO postgres;

--
-- TOC entry 378 (class 1259 OID 19009)
-- Name: status_id_seq; Type: SEQUENCE; Schema: tickets; Owner: postgres
--

CREATE SEQUENCE tickets.status_id_seq
    AS integer
    START WITH 1
    INCREMENT BY 1
    NO MINVALUE
    NO MAXVALUE
    CACHE 1;


ALTER SEQUENCE tickets.status_id_seq OWNER TO postgres;

--
-- TOC entry 5775 (class 0 OID 0)
-- Dependencies: 378
-- Name: status_id_seq; Type: SEQUENCE OWNED BY; Schema: tickets; Owner: postgres
--

ALTER SEQUENCE tickets.status_id_seq OWNED BY tickets.status.id;


--
-- TOC entry 385 (class 1259 OID 19095)
-- Name: team; Type: TABLE; Schema: tickets; Owner: postgres
--

CREATE TABLE tickets.team (
    id integer NOT NULL,
    name character varying(255) NOT NULL,
    department_id integer,
    approver_lv1 integer,
    approver_lv2 integer
);


ALTER TABLE tickets.team OWNER TO postgres;

--
-- TOC entry 384 (class 1259 OID 19094)
-- Name: team_id_seq; Type: SEQUENCE; Schema: tickets; Owner: postgres
--

CREATE SEQUENCE tickets.team_id_seq
    AS integer
    START WITH 1
    INCREMENT BY 1
    NO MINVALUE
    NO MAXVALUE
    CACHE 1;


ALTER SEQUENCE tickets.team_id_seq OWNER TO postgres;

--
-- TOC entry 5776 (class 0 OID 0)
-- Dependencies: 384
-- Name: team_id_seq; Type: SEQUENCE OWNED BY; Schema: tickets; Owner: postgres
--

ALTER SEQUENCE tickets.team_id_seq OWNED BY tickets.team.id;


--
-- TOC entry 387 (class 1259 OID 19142)
-- Name: team_members; Type: TABLE; Schema: tickets; Owner: postgres
--

CREATE TABLE tickets.team_members (
    id integer NOT NULL,
    team_id integer NOT NULL,
    user_id integer NOT NULL,
    added_at timestamp without time zone DEFAULT CURRENT_TIMESTAMP,
    approve_level integer,
    is_approver boolean DEFAULT false
);


ALTER TABLE tickets.team_members OWNER TO postgres;

--
-- TOC entry 386 (class 1259 OID 19141)
-- Name: team_members_id_seq; Type: SEQUENCE; Schema: tickets; Owner: postgres
--

CREATE SEQUENCE tickets.team_members_id_seq
    AS integer
    START WITH 1
    INCREMENT BY 1
    NO MINVALUE
    NO MAXVALUE
    CACHE 1;


ALTER SEQUENCE tickets.team_members_id_seq OWNER TO postgres;

--
-- TOC entry 5777 (class 0 OID 0)
-- Dependencies: 386
-- Name: team_members_id_seq; Type: SEQUENCE OWNED BY; Schema: tickets; Owner: postgres
--

ALTER SEQUENCE tickets.team_members_id_seq OWNED BY tickets.team_members.id;


--
-- TOC entry 389 (class 1259 OID 19170)
-- Name: ticket_approval_status; Type: TABLE; Schema: tickets; Owner: postgres
--

CREATE TABLE tickets.ticket_approval_status (
    id integer NOT NULL,
    ticket_id integer NOT NULL,
    approve_line_id integer NOT NULL,
    level integer NOT NULL,
    user_id integer NOT NULL,
    status_id integer DEFAULT 6,
    action_time timestamp without time zone,
    remark text
);


ALTER TABLE tickets.ticket_approval_status OWNER TO postgres;

--
-- TOC entry 388 (class 1259 OID 19169)
-- Name: ticket_approval_status_id_seq; Type: SEQUENCE; Schema: tickets; Owner: postgres
--

CREATE SEQUENCE tickets.ticket_approval_status_id_seq
    AS integer
    START WITH 1
    INCREMENT BY 1
    NO MINVALUE
    NO MAXVALUE
    CACHE 1;


ALTER SEQUENCE tickets.ticket_approval_status_id_seq OWNER TO postgres;

--
-- TOC entry 5778 (class 0 OID 0)
-- Dependencies: 388
-- Name: ticket_approval_status_id_seq; Type: SEQUENCE OWNED BY; Schema: tickets; Owner: postgres
--

ALTER SEQUENCE tickets.ticket_approval_status_id_seq OWNED BY tickets.ticket_approval_status.id;


--
-- TOC entry 342 (class 1259 OID 18574)
-- Name: ticket_data_adjust; Type: TABLE; Schema: tickets; Owner: postgres
--

CREATE TABLE tickets.ticket_data_adjust (
    id integer NOT NULL,
    ticket_id integer NOT NULL,
    adj_category character varying(100),
    source_cust character varying(255),
    target_cust character varying(255),
    promo_info character varying(255),
    earn_master character varying(255),
    amount numeric(12,2),
    target_customer_name character varying(255),
    target_promo_code character varying(100),
    target_promo_name character varying(255),
    target_earn_master character varying(255),
    target_amount numeric(12,2)
);


ALTER TABLE tickets.ticket_data_adjust OWNER TO postgres;

--
-- TOC entry 341 (class 1259 OID 18573)
-- Name: ticket_data_adjust_id_seq; Type: SEQUENCE; Schema: tickets; Owner: postgres
--

CREATE SEQUENCE tickets.ticket_data_adjust_id_seq
    AS integer
    START WITH 1
    INCREMENT BY 1
    NO MINVALUE
    NO MAXVALUE
    CACHE 1;


ALTER SEQUENCE tickets.ticket_data_adjust_id_seq OWNER TO postgres;

--
-- TOC entry 5779 (class 0 OID 0)
-- Dependencies: 341
-- Name: ticket_data_adjust_id_seq; Type: SEQUENCE OWNED BY; Schema: tickets; Owner: postgres
--

ALTER SEQUENCE tickets.ticket_data_adjust_id_seq OWNED BY tickets.ticket_data_adjust.id;


--
-- TOC entry 381 (class 1259 OID 19046)
-- Name: ticket_data_building_repair; Type: TABLE; Schema: tickets; Owner: postgres
--

CREATE TABLE tickets.ticket_data_building_repair (
    id integer NOT NULL,
    ticket_id integer NOT NULL,
    user_id integer NOT NULL,
    problem_detail text NOT NULL,
    building character varying(100),
    created_at timestamp without time zone DEFAULT CURRENT_TIMESTAMP,
    type_id integer NOT NULL,
    it_category_id integer
);


ALTER TABLE tickets.ticket_data_building_repair OWNER TO postgres;

--
-- TOC entry 380 (class 1259 OID 19045)
-- Name: ticket_data_building_repair_id_seq; Type: SEQUENCE; Schema: tickets; Owner: postgres
--

CREATE SEQUENCE tickets.ticket_data_building_repair_id_seq
    AS integer
    START WITH 1
    INCREMENT BY 1
    NO MINVALUE
    NO MAXVALUE
    CACHE 1;


ALTER SEQUENCE tickets.ticket_data_building_repair_id_seq OWNER TO postgres;

--
-- TOC entry 5780 (class 0 OID 0)
-- Dependencies: 380
-- Name: ticket_data_building_repair_id_seq; Type: SEQUENCE OWNED BY; Schema: tickets; Owner: postgres
--

ALTER SEQUENCE tickets.ticket_data_building_repair_id_seq OWNED BY tickets.ticket_data_building_repair.id;


--
-- TOC entry 340 (class 1259 OID 18558)
-- Name: ticket_data_erp_app; Type: TABLE; Schema: tickets; Owner: postgres
--

CREATE TABLE tickets.ticket_data_erp_app (
    id integer NOT NULL,
    ticket_id integer NOT NULL,
    module_access boolean,
    perm_change boolean,
    report_access boolean,
    app_new boolean,
    app_edit boolean,
    module_name character varying(255),
    doc_no character varying(100),
    old_value text,
    new_value text,
    promo_name character varying(255),
    target_date date,
    requester_names text,
    start_date date,
    end_date date
);


ALTER TABLE tickets.ticket_data_erp_app OWNER TO postgres;

--
-- TOC entry 339 (class 1259 OID 18557)
-- Name: ticket_data_erp_app_id_seq; Type: SEQUENCE; Schema: tickets; Owner: postgres
--

CREATE SEQUENCE tickets.ticket_data_erp_app_id_seq
    AS integer
    START WITH 1
    INCREMENT BY 1
    NO MINVALUE
    NO MAXVALUE
    CACHE 1;


ALTER SEQUENCE tickets.ticket_data_erp_app_id_seq OWNER TO postgres;

--
-- TOC entry 5781 (class 0 OID 0)
-- Dependencies: 339
-- Name: ticket_data_erp_app_id_seq; Type: SEQUENCE OWNED BY; Schema: tickets; Owner: postgres
--

ALTER SEQUENCE tickets.ticket_data_erp_app_id_seq OWNED BY tickets.ticket_data_erp_app.id;


--
-- TOC entry 344 (class 1259 OID 18590)
-- Name: ticket_data_vpn; Type: TABLE; Schema: tickets; Owner: postgres
--

CREATE TABLE tickets.ticket_data_vpn (
    id integer NOT NULL,
    ticket_id integer NOT NULL,
    start_date date,
    end_date date,
    vpn_reason text,
    uservpn character varying
);


ALTER TABLE tickets.ticket_data_vpn OWNER TO postgres;

--
-- TOC entry 343 (class 1259 OID 18589)
-- Name: ticket_data_vpn_id_seq; Type: SEQUENCE; Schema: tickets; Owner: postgres
--

CREATE SEQUENCE tickets.ticket_data_vpn_id_seq
    AS integer
    START WITH 1
    INCREMENT BY 1
    NO MINVALUE
    NO MAXVALUE
    CACHE 1;


ALTER SEQUENCE tickets.ticket_data_vpn_id_seq OWNER TO postgres;

--
-- TOC entry 5782 (class 0 OID 0)
-- Dependencies: 343
-- Name: ticket_data_vpn_id_seq; Type: SEQUENCE OWNED BY; Schema: tickets; Owner: postgres
--

ALTER SEQUENCE tickets.ticket_data_vpn_id_seq OWNED BY tickets.ticket_data_vpn.id;


--
-- TOC entry 356 (class 1259 OID 18723)
-- Name: ticket_files; Type: TABLE; Schema: tickets; Owner: postgres
--

CREATE TABLE tickets.ticket_files (
    id integer NOT NULL,
    ticket_id integer NOT NULL,
    ref_type character varying(20),
    ref_id integer,
    file_name character varying(255),
    file_path text,
    file_type character varying(100),
    file_size integer,
    uploaded_by integer,
    create_at timestamp without time zone DEFAULT CURRENT_TIMESTAMP
);


ALTER TABLE tickets.ticket_files OWNER TO postgres;

--
-- TOC entry 355 (class 1259 OID 18722)
-- Name: ticket_files_id_seq; Type: SEQUENCE; Schema: tickets; Owner: postgres
--

CREATE SEQUENCE tickets.ticket_files_id_seq
    AS integer
    START WITH 1
    INCREMENT BY 1
    NO MINVALUE
    NO MAXVALUE
    CACHE 1;


ALTER SEQUENCE tickets.ticket_files_id_seq OWNER TO postgres;

--
-- TOC entry 5783 (class 0 OID 0)
-- Dependencies: 355
-- Name: ticket_files_id_seq; Type: SEQUENCE OWNED BY; Schema: tickets; Owner: postgres
--

ALTER SEQUENCE tickets.ticket_files_id_seq OWNED BY tickets.ticket_files.id;


--
-- TOC entry 336 (class 1259 OID 18519)
-- Name: ticket_type; Type: TABLE; Schema: tickets; Owner: postgres
--

CREATE TABLE tickets.ticket_type (
    id integer NOT NULL,
    name character varying(100),
    category integer,
    team_id integer
);


ALTER TABLE tickets.ticket_type OWNER TO postgres;

--
-- TOC entry 335 (class 1259 OID 18518)
-- Name: ticket_type_id_seq; Type: SEQUENCE; Schema: tickets; Owner: postgres
--

CREATE SEQUENCE tickets.ticket_type_id_seq
    AS integer
    START WITH 1
    INCREMENT BY 1
    NO MINVALUE
    NO MAXVALUE
    CACHE 1;


ALTER SEQUENCE tickets.ticket_type_id_seq OWNER TO postgres;

--
-- TOC entry 5784 (class 0 OID 0)
-- Dependencies: 335
-- Name: ticket_type_id_seq; Type: SEQUENCE OWNED BY; Schema: tickets; Owner: postgres
--

ALTER SEQUENCE tickets.ticket_type_id_seq OWNED BY tickets.ticket_type.id;


--
-- TOC entry 338 (class 1259 OID 18532)
-- Name: tickets; Type: TABLE; Schema: tickets; Owner: postgres
--

CREATE TABLE tickets.tickets (
    id integer NOT NULL,
    title character varying(255),
    description text,
    user_id integer,
    assign_id integer,
    status_id integer,
    ticket_type_id integer,
    create_at timestamp without time zone DEFAULT CURRENT_TIMESTAMP,
    due_date timestamp without time zone,
    department character varying(100)
);


ALTER TABLE tickets.tickets OWNER TO postgres;

--
-- TOC entry 352 (class 1259 OID 18685)
-- Name: tickets_comments; Type: TABLE; Schema: tickets; Owner: postgres
--

CREATE TABLE tickets.tickets_comments (
    id integer NOT NULL,
    ticket_id integer,
    user_id integer,
    comment text,
    create_at timestamp without time zone DEFAULT CURRENT_TIMESTAMP,
    is_read boolean DEFAULT false
);


ALTER TABLE tickets.tickets_comments OWNER TO postgres;

--
-- TOC entry 351 (class 1259 OID 18684)
-- Name: tickets_comments_id_seq; Type: SEQUENCE; Schema: tickets; Owner: postgres
--

CREATE SEQUENCE tickets.tickets_comments_id_seq
    AS integer
    START WITH 1
    INCREMENT BY 1
    NO MINVALUE
    NO MAXVALUE
    CACHE 1;


ALTER SEQUENCE tickets.tickets_comments_id_seq OWNER TO postgres;

--
-- TOC entry 5785 (class 0 OID 0)
-- Dependencies: 351
-- Name: tickets_comments_id_seq; Type: SEQUENCE OWNED BY; Schema: tickets; Owner: postgres
--

ALTER SEQUENCE tickets.tickets_comments_id_seq OWNED BY tickets.tickets_comments.id;


--
-- TOC entry 350 (class 1259 OID 18664)
-- Name: tickets_history; Type: TABLE; Schema: tickets; Owner: postgres
--

CREATE TABLE tickets.tickets_history (
    id integer NOT NULL,
    ticket_id integer,
    user_id integer,
    action character varying(255),
    details text,
    create_at timestamp without time zone DEFAULT CURRENT_TIMESTAMP
);


ALTER TABLE tickets.tickets_history OWNER TO postgres;

--
-- TOC entry 349 (class 1259 OID 18663)
-- Name: tickets_history_id_seq; Type: SEQUENCE; Schema: tickets; Owner: postgres
--

CREATE SEQUENCE tickets.tickets_history_id_seq
    AS integer
    START WITH 1
    INCREMENT BY 1
    NO MINVALUE
    NO MAXVALUE
    CACHE 1;


ALTER SEQUENCE tickets.tickets_history_id_seq OWNER TO postgres;

--
-- TOC entry 5786 (class 0 OID 0)
-- Dependencies: 349
-- Name: tickets_history_id_seq; Type: SEQUENCE OWNED BY; Schema: tickets; Owner: postgres
--

ALTER SEQUENCE tickets.tickets_history_id_seq OWNED BY tickets.tickets_history.id;


--
-- TOC entry 337 (class 1259 OID 18531)
-- Name: tickets_id_seq; Type: SEQUENCE; Schema: tickets; Owner: postgres
--

CREATE SEQUENCE tickets.tickets_id_seq
    AS integer
    START WITH 1
    INCREMENT BY 1
    NO MINVALUE
    NO MAXVALUE
    CACHE 1;


ALTER SEQUENCE tickets.tickets_id_seq OWNER TO postgres;

--
-- TOC entry 5787 (class 0 OID 0)
-- Dependencies: 337
-- Name: tickets_id_seq; Type: SEQUENCE OWNED BY; Schema: tickets; Owner: postgres
--

ALTER SEQUENCE tickets.tickets_id_seq OWNED BY tickets.tickets.id;


--
-- TOC entry 399 (class 1259 OID 19375)
-- Name: user_permissions; Type: TABLE; Schema: tickets; Owner: postgres
--

CREATE TABLE tickets.user_permissions (
    id integer NOT NULL,
    user_id integer NOT NULL,
    permission_id integer NOT NULL,
    allow boolean DEFAULT true,
    create_at timestamp without time zone DEFAULT CURRENT_TIMESTAMP
);


ALTER TABLE tickets.user_permissions OWNER TO postgres;

--
-- TOC entry 398 (class 1259 OID 19374)
-- Name: user_permissions_id_seq; Type: SEQUENCE; Schema: tickets; Owner: postgres
--

CREATE SEQUENCE tickets.user_permissions_id_seq
    AS integer
    START WITH 1
    INCREMENT BY 1
    NO MINVALUE
    NO MAXVALUE
    CACHE 1;


ALTER SEQUENCE tickets.user_permissions_id_seq OWNER TO postgres;

--
-- TOC entry 5788 (class 0 OID 0)
-- Dependencies: 398
-- Name: user_permissions_id_seq; Type: SEQUENCE OWNED BY; Schema: tickets; Owner: postgres
--

ALTER SEQUENCE tickets.user_permissions_id_seq OWNED BY tickets.user_permissions.id;


--
-- TOC entry 377 (class 1259 OID 18943)
-- Name: users; Type: TABLE; Schema: tickets; Owner: postgres
--

CREATE TABLE tickets.users (
    id integer NOT NULL,
    erp_user_id integer,
    username character varying(100) NOT NULL,
    full_name character varying(255),
    email character varying(255),
    is_active boolean DEFAULT true,
    created_at timestamp without time zone DEFAULT CURRENT_TIMESTAMP,
    updated_at timestamp without time zone,
    password text,
    role_id integer,
    department_id integer
);


ALTER TABLE tickets.users OWNER TO postgres;

--
-- TOC entry 376 (class 1259 OID 18942)
-- Name: users_id_seq; Type: SEQUENCE; Schema: tickets; Owner: postgres
--

CREATE SEQUENCE tickets.users_id_seq
    AS integer
    START WITH 1
    INCREMENT BY 1
    NO MINVALUE
    NO MAXVALUE
    CACHE 1;


ALTER SEQUENCE tickets.users_id_seq OWNER TO postgres;

--
-- TOC entry 5789 (class 0 OID 0)
-- Dependencies: 376
-- Name: users_id_seq; Type: SEQUENCE OWNED BY; Schema: tickets; Owner: postgres
--

ALTER SEQUENCE tickets.users_id_seq OWNED BY tickets.users.id;


--
-- TOC entry 5341 (class 2604 OID 19251)
-- Name: approve_line id; Type: DEFAULT; Schema: tickets; Owner: postgres
--

ALTER TABLE ONLY tickets.approve_line ALTER COLUMN id SET DEFAULT nextval('tickets.approve_line_id_seq'::regclass);


--
-- TOC entry 5362 (class 2604 OID 19432)
-- Name: borrow_requests id; Type: DEFAULT; Schema: tickets; Owner: postgres
--

ALTER TABLE ONLY tickets.borrow_requests ALTER COLUMN id SET DEFAULT nextval('tickets.borrow_requests_id_seq'::regclass);


--
-- TOC entry 5305 (class 2604 OID 18514)
-- Name: category id; Type: DEFAULT; Schema: tickets; Owner: postgres
--

ALTER TABLE ONLY tickets.category ALTER COLUMN id SET DEFAULT nextval('tickets.category_id_seq'::regclass);


--
-- TOC entry 5304 (class 2604 OID 18501)
-- Name: department id; Type: DEFAULT; Schema: tickets; Owner: postgres
--

ALTER TABLE ONLY tickets.department ALTER COLUMN id SET DEFAULT nextval('tickets.department_id_seq'::regclass);


--
-- TOC entry 5322 (class 2604 OID 18710)
-- Name: file_document id; Type: DEFAULT; Schema: tickets; Owner: postgres
--

ALTER TABLE ONLY tickets.file_document ALTER COLUMN id SET DEFAULT nextval('tickets.file_document_id_seq'::regclass);


--
-- TOC entry 5359 (class 2604 OID 19414)
-- Name: it_category id; Type: DEFAULT; Schema: tickets; Owner: postgres
--

ALTER TABLE ONLY tickets.it_category ALTER COLUMN id SET DEFAULT nextval('tickets.it_category_id_seq'::regclass);


--
-- TOC entry 5315 (class 2604 OID 18653)
-- Name: log id; Type: DEFAULT; Schema: tickets; Owner: postgres
--

ALTER TABLE ONLY tickets.log ALTER COLUMN id SET DEFAULT nextval('tickets.log_id_seq'::regclass);


--
-- TOC entry 5343 (class 2604 OID 19311)
-- Name: module_permission id; Type: DEFAULT; Schema: tickets; Owner: postgres
--

ALTER TABLE ONLY tickets.module_permission ALTER COLUMN id SET DEFAULT nextval('tickets.module_permission_id_seq'::regclass);


--
-- TOC entry 5313 (class 2604 OID 18609)
-- Name: notification id; Type: DEFAULT; Schema: tickets; Owner: postgres
--

ALTER TABLE ONLY tickets.notification ALTER COLUMN id SET DEFAULT nextval('tickets.notification_id_seq'::regclass);


--
-- TOC entry 5350 (class 2604 OID 19344)
-- Name: page_permission id; Type: DEFAULT; Schema: tickets; Owner: postgres
--

ALTER TABLE ONLY tickets.page_permission ALTER COLUMN id SET DEFAULT nextval('tickets.page_permission_id_seq'::regclass);


--
-- TOC entry 5353 (class 2604 OID 19363)
-- Name: permissions id; Type: DEFAULT; Schema: tickets; Owner: postgres
--

ALTER TABLE ONLY tickets.permissions ALTER COLUMN id SET DEFAULT nextval('tickets.permissions_id_seq'::regclass);


--
-- TOC entry 5358 (class 2604 OID 19402)
-- Name: request_type id; Type: DEFAULT; Schema: tickets; Owner: postgres
--

ALTER TABLE ONLY tickets.request_type ALTER COLUMN id SET DEFAULT nextval('tickets.request_type_id_seq'::regclass);


--
-- TOC entry 5333 (class 2604 OID 19076)
-- Name: roles id; Type: DEFAULT; Schema: tickets; Owner: postgres
--

ALTER TABLE ONLY tickets.roles ALTER COLUMN id SET DEFAULT nextval('tickets.roles_id_seq'::regclass);


--
-- TOC entry 5329 (class 2604 OID 19013)
-- Name: status id; Type: DEFAULT; Schema: tickets; Owner: postgres
--

ALTER TABLE ONLY tickets.status ALTER COLUMN id SET DEFAULT nextval('tickets.status_id_seq'::regclass);


--
-- TOC entry 5335 (class 2604 OID 19098)
-- Name: team id; Type: DEFAULT; Schema: tickets; Owner: postgres
--

ALTER TABLE ONLY tickets.team ALTER COLUMN id SET DEFAULT nextval('tickets.team_id_seq'::regclass);


--
-- TOC entry 5336 (class 2604 OID 19145)
-- Name: team_members id; Type: DEFAULT; Schema: tickets; Owner: postgres
--

ALTER TABLE ONLY tickets.team_members ALTER COLUMN id SET DEFAULT nextval('tickets.team_members_id_seq'::regclass);


--
-- TOC entry 5339 (class 2604 OID 19173)
-- Name: ticket_approval_status id; Type: DEFAULT; Schema: tickets; Owner: postgres
--

ALTER TABLE ONLY tickets.ticket_approval_status ALTER COLUMN id SET DEFAULT nextval('tickets.ticket_approval_status_id_seq'::regclass);


--
-- TOC entry 5311 (class 2604 OID 18577)
-- Name: ticket_data_adjust id; Type: DEFAULT; Schema: tickets; Owner: postgres
--

ALTER TABLE ONLY tickets.ticket_data_adjust ALTER COLUMN id SET DEFAULT nextval('tickets.ticket_data_adjust_id_seq'::regclass);


--
-- TOC entry 5331 (class 2604 OID 19049)
-- Name: ticket_data_building_repair id; Type: DEFAULT; Schema: tickets; Owner: postgres
--

ALTER TABLE ONLY tickets.ticket_data_building_repair ALTER COLUMN id SET DEFAULT nextval('tickets.ticket_data_building_repair_id_seq'::regclass);


--
-- TOC entry 5310 (class 2604 OID 18561)
-- Name: ticket_data_erp_app id; Type: DEFAULT; Schema: tickets; Owner: postgres
--

ALTER TABLE ONLY tickets.ticket_data_erp_app ALTER COLUMN id SET DEFAULT nextval('tickets.ticket_data_erp_app_id_seq'::regclass);


--
-- TOC entry 5312 (class 2604 OID 18593)
-- Name: ticket_data_vpn id; Type: DEFAULT; Schema: tickets; Owner: postgres
--

ALTER TABLE ONLY tickets.ticket_data_vpn ALTER COLUMN id SET DEFAULT nextval('tickets.ticket_data_vpn_id_seq'::regclass);


--
-- TOC entry 5324 (class 2604 OID 18726)
-- Name: ticket_files id; Type: DEFAULT; Schema: tickets; Owner: postgres
--

ALTER TABLE ONLY tickets.ticket_files ALTER COLUMN id SET DEFAULT nextval('tickets.ticket_files_id_seq'::regclass);


--
-- TOC entry 5307 (class 2604 OID 18522)
-- Name: ticket_type id; Type: DEFAULT; Schema: tickets; Owner: postgres
--

ALTER TABLE ONLY tickets.ticket_type ALTER COLUMN id SET DEFAULT nextval('tickets.ticket_type_id_seq'::regclass);


--
-- TOC entry 5308 (class 2604 OID 18535)
-- Name: tickets id; Type: DEFAULT; Schema: tickets; Owner: postgres
--

ALTER TABLE ONLY tickets.tickets ALTER COLUMN id SET DEFAULT nextval('tickets.tickets_id_seq'::regclass);


--
-- TOC entry 5319 (class 2604 OID 18688)
-- Name: tickets_comments id; Type: DEFAULT; Schema: tickets; Owner: postgres
--

ALTER TABLE ONLY tickets.tickets_comments ALTER COLUMN id SET DEFAULT nextval('tickets.tickets_comments_id_seq'::regclass);


--
-- TOC entry 5317 (class 2604 OID 18667)
-- Name: tickets_history id; Type: DEFAULT; Schema: tickets; Owner: postgres
--

ALTER TABLE ONLY tickets.tickets_history ALTER COLUMN id SET DEFAULT nextval('tickets.tickets_history_id_seq'::regclass);


--
-- TOC entry 5355 (class 2604 OID 19378)
-- Name: user_permissions id; Type: DEFAULT; Schema: tickets; Owner: postgres
--

ALTER TABLE ONLY tickets.user_permissions ALTER COLUMN id SET DEFAULT nextval('tickets.user_permissions_id_seq'::regclass);


--
-- TOC entry 5326 (class 2604 OID 18946)
-- Name: users id; Type: DEFAULT; Schema: tickets; Owner: postgres
--

ALTER TABLE ONLY tickets.users ALTER COLUMN id SET DEFAULT nextval('tickets.users_id_seq'::regclass);


--
-- TOC entry 5742 (class 0 OID 19248)
-- Dependencies: 391
-- Data for Name: approve_line; Type: TABLE DATA; Schema: tickets; Owner: postgres
--

INSERT INTO tickets.approve_line VALUES (1, 6, 1, 9, 18, 1);
INSERT INTO tickets.approve_line VALUES (2, 6, 2, 29, 18, 1);
INSERT INTO tickets.approve_line VALUES (4, 6, 1, 14, 18, 2);
INSERT INTO tickets.approve_line VALUES (5, 6, 2, 30, 18, 2);
INSERT INTO tickets.approve_line VALUES (10, 5, 1, 17, 18, 1);
INSERT INTO tickets.approve_line VALUES (11, 5, 2, 10, 18, 1);
INSERT INTO tickets.approve_line VALUES (12, 5, 3, 30, 18, 1);
INSERT INTO tickets.approve_line VALUES (13, 5, 4, 1, 18, 1);
INSERT INTO tickets.approve_line VALUES (14, 6, 1, 2, 18, 3);
INSERT INTO tickets.approve_line VALUES (15, 6, 2, 29, 18, 3);
INSERT INTO tickets.approve_line VALUES (16, 6, 3, 11, 18, 3);
INSERT INTO tickets.approve_line VALUES (17, 4, 1, 15, 18, 2);
INSERT INTO tickets.approve_line VALUES (18, 4, 2, 16, 18, 2);
INSERT INTO tickets.approve_line VALUES (19, 4, 3, 29, 18, 2);
INSERT INTO tickets.approve_line VALUES (20, 4, 4, 13, 18, 2);
INSERT INTO tickets.approve_line VALUES (21, 4, 1, 25, 18, 3);
INSERT INTO tickets.approve_line VALUES (22, 4, 2, 16, 18, 3);
INSERT INTO tickets.approve_line VALUES (23, 4, 3, 30, 18, 3);
INSERT INTO tickets.approve_line VALUES (24, 4, 4, 12, 18, 3);
INSERT INTO tickets.approve_line VALUES (25, 6, 1, 22, 18, 4);
INSERT INTO tickets.approve_line VALUES (26, 6, 2, 9, 18, 4);
INSERT INTO tickets.approve_line VALUES (27, 6, 3, 29, 18, 4);
INSERT INTO tickets.approve_line VALUES (28, 6, 4, 11, 18, 4);
INSERT INTO tickets.approve_line VALUES (29, 1, 1, 24, 18, 5);
INSERT INTO tickets.approve_line VALUES (30, 1, 2, 9, 18, 5);
INSERT INTO tickets.approve_line VALUES (31, 1, 3, 29, 18, 5);
INSERT INTO tickets.approve_line VALUES (32, 2, 1, 24, 17, 6);
INSERT INTO tickets.approve_line VALUES (33, 2, 2, 14, 17, 6);
INSERT INTO tickets.approve_line VALUES (34, 2, 3, 30, 17, 6);
INSERT INTO tickets.approve_line VALUES (35, 2, 1, 24, 17, 7);
INSERT INTO tickets.approve_line VALUES (36, 2, 2, 14, 17, 7);
INSERT INTO tickets.approve_line VALUES (37, 2, 3, 30, 17, 7);
INSERT INTO tickets.approve_line VALUES (38, 2, 1, 24, 17, 8);
INSERT INTO tickets.approve_line VALUES (39, 2, 2, 14, 17, 8);
INSERT INTO tickets.approve_line VALUES (40, 2, 3, 30, 17, 8);
INSERT INTO tickets.approve_line VALUES (41, 2, 1, 27, 17, 9);
INSERT INTO tickets.approve_line VALUES (42, 2, 2, 15, 17, 9);
INSERT INTO tickets.approve_line VALUES (44, 6, 1, 22, 16, 10);
INSERT INTO tickets.approve_line VALUES (45, 6, 2, 17, 16, 10);
INSERT INTO tickets.approve_line VALUES (46, 6, 3, 30, 16, 10);
INSERT INTO tickets.approve_line VALUES (47, 1, 1, 24, 19, 1);
INSERT INTO tickets.approve_line VALUES (48, 1, 2, 9, 19, 1);
INSERT INTO tickets.approve_line VALUES (49, 1, 3, 29, 19, 1);
INSERT INTO tickets.approve_line VALUES (50, 4, 1, 20, 19, 1);
INSERT INTO tickets.approve_line VALUES (51, 4, 2, 29, 19, 1);
INSERT INTO tickets.approve_line VALUES (52, 4, 1, 25, 19, 2);
INSERT INTO tickets.approve_line VALUES (53, 4, 2, 30, 19, 2);
INSERT INTO tickets.approve_line VALUES (54, 2, 1, 24, 19, 1);
INSERT INTO tickets.approve_line VALUES (55, 2, 2, 2, 19, 1);
INSERT INTO tickets.approve_line VALUES (56, 2, 3, 30, 19, 1);
INSERT INTO tickets.approve_line VALUES (57, 2, 1, 24, 21, 1);
INSERT INTO tickets.approve_line VALUES (58, 2, 2, 17, 21, 1);
INSERT INTO tickets.approve_line VALUES (59, 2, 3, 30, 21, 1);
INSERT INTO tickets.approve_line VALUES (60, 2, 1, 24, 22, 1);
INSERT INTO tickets.approve_line VALUES (61, 2, 2, 16, 22, 1);
INSERT INTO tickets.approve_line VALUES (62, 2, 3, 30, 22, 1);
INSERT INTO tickets.approve_line VALUES (65, 2, 1, 24, 22, 2);
INSERT INTO tickets.approve_line VALUES (66, 2, 2, 16, 22, 2);
INSERT INTO tickets.approve_line VALUES (67, 2, 3, 30, 22, 2);
INSERT INTO tickets.approve_line VALUES (68, 2, 4, 1, 22, 2);
INSERT INTO tickets.approve_line VALUES (69, 2, 5, 11, 22, 2);
INSERT INTO tickets.approve_line VALUES (70, 2, 6, 12, 22, 2);
INSERT INTO tickets.approve_line VALUES (71, 2, 7, 13, 22, 2);
INSERT INTO tickets.approve_line VALUES (73, 2, 1, 18, 22, 3);
INSERT INTO tickets.approve_line VALUES (74, 2, 2, 15, 22, 3);
INSERT INTO tickets.approve_line VALUES (75, 2, 3, 30, 22, 3);
INSERT INTO tickets.approve_line VALUES (76, 2, 4, 1, 22, 3);
INSERT INTO tickets.approve_line VALUES (77, 2, 5, 11, 22, 3);
INSERT INTO tickets.approve_line VALUES (78, 2, 6, 12, 22, 3);
INSERT INTO tickets.approve_line VALUES (79, 2, 7, 13, 22, 3);
INSERT INTO tickets.approve_line VALUES (81, 2, 1, 24, 19, 2);
INSERT INTO tickets.approve_line VALUES (82, 2, 2, 16, 19, 2);
INSERT INTO tickets.approve_line VALUES (83, 2, 3, 29, 19, 2);
INSERT INTO tickets.approve_line VALUES (84, 1, 1, 25, 23, 1);
INSERT INTO tickets.approve_line VALUES (85, 1, 2, 17, 23, 1);
INSERT INTO tickets.approve_line VALUES (86, 1, 3, 30, 23, 1);
INSERT INTO tickets.approve_line VALUES (87, 2, 1, 19, 23, 1);
INSERT INTO tickets.approve_line VALUES (88, 2, 2, 14, 23, 1);
INSERT INTO tickets.approve_line VALUES (89, 2, 3, 30, 23, 1);
INSERT INTO tickets.approve_line VALUES (90, 2, 1, 23, 23, 2);
INSERT INTO tickets.approve_line VALUES (91, 2, 2, 14, 23, 2);
INSERT INTO tickets.approve_line VALUES (92, 2, 3, 30, 23, 2);
INSERT INTO tickets.approve_line VALUES (93, 2, 1, 26, 23, 3);
INSERT INTO tickets.approve_line VALUES (94, 2, 2, 2, 23, 3);
INSERT INTO tickets.approve_line VALUES (95, 2, 3, 30, 23, 3);
INSERT INTO tickets.approve_line VALUES (96, 2, 1, 21, 16, 1);
INSERT INTO tickets.approve_line VALUES (97, 2, 2, 17, 16, 1);
INSERT INTO tickets.approve_line VALUES (98, 2, 3, 29, 16, 1);
INSERT INTO tickets.approve_line VALUES (99, 2, 1, 22, 16, 2);
INSERT INTO tickets.approve_line VALUES (100, 2, 2, 9, 16, 2);
INSERT INTO tickets.approve_line VALUES (101, 2, 3, 30, 16, 2);
INSERT INTO tickets.approve_line VALUES (102, 1, 1, 19, 23, 2);
INSERT INTO tickets.approve_line VALUES (103, 1, 2, 16, 23, 2);
INSERT INTO tickets.approve_line VALUES (104, 1, 3, 29, 23, 2);
INSERT INTO tickets.approve_line VALUES (105, 1, 1, 22, 18, 6);
INSERT INTO tickets.approve_line VALUES (106, 1, 2, 2, 18, 6);
INSERT INTO tickets.approve_line VALUES (107, 1, 3, 30, 18, 6);
INSERT INTO tickets.approve_line VALUES (108, 1, 1, 22, 19, 2);
INSERT INTO tickets.approve_line VALUES (109, 1, 2, 17, 19, 2);
INSERT INTO tickets.approve_line VALUES (110, 1, 3, 30, 19, 2);
INSERT INTO tickets.approve_line VALUES (114, 3, 1, 23, 25, 1);
INSERT INTO tickets.approve_line VALUES (115, 3, 2, 17, 25, 1);
INSERT INTO tickets.approve_line VALUES (116, 3, 3, 29, 25, 1);
INSERT INTO tickets.approve_line VALUES (117, 6, 1, 25, 21, 1);
INSERT INTO tickets.approve_line VALUES (118, 6, 2, 29, 21, 1);


--
-- TOC entry 5715 (class 0 OID 18780)
-- Dependencies: 364
-- Data for Name: auth_group; Type: TABLE DATA; Schema: tickets; Owner: postgres
--



--
-- TOC entry 5717 (class 0 OID 18790)
-- Dependencies: 366
-- Data for Name: auth_group_permissions; Type: TABLE DATA; Schema: tickets; Owner: postgres
--



--
-- TOC entry 5713 (class 0 OID 18770)
-- Dependencies: 362
-- Data for Name: auth_permission; Type: TABLE DATA; Schema: tickets; Owner: postgres
--

INSERT INTO tickets.auth_permission VALUES (1, 'Can add log entry', 1, 'add_logentry');
INSERT INTO tickets.auth_permission VALUES (2, 'Can change log entry', 1, 'change_logentry');
INSERT INTO tickets.auth_permission VALUES (3, 'Can delete log entry', 1, 'delete_logentry');
INSERT INTO tickets.auth_permission VALUES (4, 'Can view log entry', 1, 'view_logentry');
INSERT INTO tickets.auth_permission VALUES (5, 'Can add permission', 2, 'add_permission');
INSERT INTO tickets.auth_permission VALUES (6, 'Can change permission', 2, 'change_permission');
INSERT INTO tickets.auth_permission VALUES (7, 'Can delete permission', 2, 'delete_permission');
INSERT INTO tickets.auth_permission VALUES (8, 'Can view permission', 2, 'view_permission');
INSERT INTO tickets.auth_permission VALUES (9, 'Can add group', 3, 'add_group');
INSERT INTO tickets.auth_permission VALUES (10, 'Can change group', 3, 'change_group');
INSERT INTO tickets.auth_permission VALUES (11, 'Can delete group', 3, 'delete_group');
INSERT INTO tickets.auth_permission VALUES (12, 'Can view group', 3, 'view_group');
INSERT INTO tickets.auth_permission VALUES (13, 'Can add user', 4, 'add_user');
INSERT INTO tickets.auth_permission VALUES (14, 'Can change user', 4, 'change_user');
INSERT INTO tickets.auth_permission VALUES (15, 'Can delete user', 4, 'delete_user');
INSERT INTO tickets.auth_permission VALUES (16, 'Can view user', 4, 'view_user');
INSERT INTO tickets.auth_permission VALUES (17, 'Can add content type', 5, 'add_contenttype');
INSERT INTO tickets.auth_permission VALUES (18, 'Can change content type', 5, 'change_contenttype');
INSERT INTO tickets.auth_permission VALUES (19, 'Can delete content type', 5, 'delete_contenttype');
INSERT INTO tickets.auth_permission VALUES (20, 'Can view content type', 5, 'view_contenttype');
INSERT INTO tickets.auth_permission VALUES (21, 'Can add session', 6, 'add_session');
INSERT INTO tickets.auth_permission VALUES (22, 'Can change session', 6, 'change_session');
INSERT INTO tickets.auth_permission VALUES (23, 'Can delete session', 6, 'delete_session');
INSERT INTO tickets.auth_permission VALUES (24, 'Can view session', 6, 'view_session');


--
-- TOC entry 5719 (class 0 OID 18799)
-- Dependencies: 368
-- Data for Name: auth_user; Type: TABLE DATA; Schema: tickets; Owner: postgres
--



--
-- TOC entry 5721 (class 0 OID 18818)
-- Dependencies: 370
-- Data for Name: auth_user_groups; Type: TABLE DATA; Schema: tickets; Owner: postgres
--



--
-- TOC entry 5723 (class 0 OID 18827)
-- Dependencies: 372
-- Data for Name: auth_user_user_permissions; Type: TABLE DATA; Schema: tickets; Owner: postgres
--



--
-- TOC entry 5756 (class 0 OID 19429)
-- Dependencies: 405
-- Data for Name: borrow_requests; Type: TABLE DATA; Schema: tickets; Owner: postgres
--

INSERT INTO tickets.borrow_requests VALUES (2, 21, '', 'User Seven', 119, '2026-02-16', '2026-02-18');
INSERT INTO tickets.borrow_requests VALUES (6, 21, '', 'User Seven', 123, '2026-02-26', '2026-02-18');
INSERT INTO tickets.borrow_requests VALUES (7, 21, '', '1. จอย (ไม่หลอน) x 1
2. คอม (แรง) x 1
3. โปรเจคเตอร์ (ชัด) x 1', 124, '2026-02-20', '2026-02-18');
INSERT INTO tickets.borrow_requests VALUES (9, 21, '', '1. จอย (ไม่หลอน) x 4
2. คอม (แรง) x 2
3. โปรเจคเตอร์ (ชัด) x 1', 127, '2026-02-26', '2026-02-18');


--
-- TOC entry 5685 (class 0 OID 18511)
-- Dependencies: 334
-- Data for Name: category; Type: TABLE DATA; Schema: tickets; Owner: postgres
--

INSERT INTO tickets.category VALUES (4, 'Adjust', true);
INSERT INTO tickets.category VALUES (5, 'Application', true);
INSERT INTO tickets.category VALUES (1, 'ERP', true);
INSERT INTO tickets.category VALUES (2, 'VPN', true);
INSERT INTO tickets.category VALUES (6, 'Active Promotion ', true);
INSERT INTO tickets.category VALUES (3, 'Report', true);


--
-- TOC entry 5683 (class 0 OID 18498)
-- Dependencies: 332
-- Data for Name: department; Type: TABLE DATA; Schema: tickets; Owner: postgres
--

INSERT INTO tickets.department VALUES (1, 'IT');
INSERT INTO tickets.department VALUES (2, 'HR');
INSERT INTO tickets.department VALUES (3, 'Finance');
INSERT INTO tickets.department VALUES (4, 'Accounting');
INSERT INTO tickets.department VALUES (5, 'Procurement');
INSERT INTO tickets.department VALUES (6, 'Sales');
INSERT INTO tickets.department VALUES (7, 'Marketing');
INSERT INTO tickets.department VALUES (8, 'Operations');
INSERT INTO tickets.department VALUES (9, 'Admin');
INSERT INTO tickets.department VALUES (10, 'Management');
INSERT INTO tickets.department VALUES (18, 'Technical Dept.');
INSERT INTO tickets.department VALUES (14, 'CEO Dept.');
INSERT INTO tickets.department VALUES (12, 'IT Dept.');
INSERT INTO tickets.department VALUES (24, 'Warehouse Dept.');


--
-- TOC entry 5725 (class 0 OID 18888)
-- Dependencies: 374
-- Data for Name: django_admin_log; Type: TABLE DATA; Schema: tickets; Owner: postgres
--



--
-- TOC entry 5711 (class 0 OID 18758)
-- Dependencies: 360
-- Data for Name: django_content_type; Type: TABLE DATA; Schema: tickets; Owner: postgres
--

INSERT INTO tickets.django_content_type VALUES (1, 'admin', 'logentry');
INSERT INTO tickets.django_content_type VALUES (2, 'auth', 'permission');
INSERT INTO tickets.django_content_type VALUES (3, 'auth', 'group');
INSERT INTO tickets.django_content_type VALUES (4, 'auth', 'user');
INSERT INTO tickets.django_content_type VALUES (5, 'contenttypes', 'contenttype');
INSERT INTO tickets.django_content_type VALUES (6, 'sessions', 'session');


--
-- TOC entry 5709 (class 0 OID 18746)
-- Dependencies: 358
-- Data for Name: django_migrations; Type: TABLE DATA; Schema: tickets; Owner: postgres
--

INSERT INTO tickets.django_migrations VALUES (1, 'contenttypes', '0001_initial', '2026-01-13 10:23:57.377397+07');
INSERT INTO tickets.django_migrations VALUES (2, 'auth', '0001_initial', '2026-01-13 10:23:57.457205+07');
INSERT INTO tickets.django_migrations VALUES (3, 'admin', '0001_initial', '2026-01-13 10:23:57.47676+07');
INSERT INTO tickets.django_migrations VALUES (4, 'admin', '0002_logentry_remove_auto_add', '2026-01-13 10:23:57.484922+07');
INSERT INTO tickets.django_migrations VALUES (5, 'admin', '0003_logentry_add_action_flag_choices', '2026-01-13 10:23:57.491176+07');
INSERT INTO tickets.django_migrations VALUES (6, 'contenttypes', '0002_remove_content_type_name', '2026-01-13 10:23:57.508513+07');
INSERT INTO tickets.django_migrations VALUES (7, 'auth', '0002_alter_permission_name_max_length', '2026-01-13 10:23:57.517915+07');
INSERT INTO tickets.django_migrations VALUES (8, 'auth', '0003_alter_user_email_max_length', '2026-01-13 10:23:57.524672+07');
INSERT INTO tickets.django_migrations VALUES (9, 'auth', '0004_alter_user_username_opts', '2026-01-13 10:23:57.531426+07');
INSERT INTO tickets.django_migrations VALUES (10, 'auth', '0005_alter_user_last_login_null', '2026-01-13 10:23:57.53899+07');
INSERT INTO tickets.django_migrations VALUES (11, 'auth', '0006_require_contenttypes_0002', '2026-01-13 10:23:57.53899+07');
INSERT INTO tickets.django_migrations VALUES (12, 'auth', '0007_alter_validators_add_error_messages', '2026-01-13 10:23:57.547509+07');
INSERT INTO tickets.django_migrations VALUES (13, 'auth', '0008_alter_user_username_max_length', '2026-01-13 10:23:57.559148+07');
INSERT INTO tickets.django_migrations VALUES (14, 'auth', '0009_alter_user_last_name_max_length', '2026-01-13 10:23:57.566137+07');
INSERT INTO tickets.django_migrations VALUES (15, 'auth', '0010_alter_group_name_max_length', '2026-01-13 10:23:57.572382+07');
INSERT INTO tickets.django_migrations VALUES (16, 'auth', '0011_update_proxy_permissions', '2026-01-13 10:23:57.58005+07');
INSERT INTO tickets.django_migrations VALUES (17, 'auth', '0012_alter_user_first_name_max_length', '2026-01-13 10:23:57.586581+07');
INSERT INTO tickets.django_migrations VALUES (18, 'sessions', '0001_initial', '2026-01-13 10:23:57.596884+07');


--
-- TOC entry 5726 (class 0 OID 18928)
-- Dependencies: 375
-- Data for Name: django_session; Type: TABLE DATA; Schema: tickets; Owner: postgres
--

INSERT INTO tickets.django_session VALUES ('pm72xr5kjv9eex7gffrqaq7fn88ans67', '.eJyrViotTi1SsqpWykxRsjLWAXPzEnNTlazATANDJR2ltNKcnHioYHB-bnJGYqaCV2JmSmoqULIoPwemWKm2FgAbBRpA:1vfa6Q:pdaxibE1xt2omYHGl9ev9tEbPn0f7He3ScJQ3gfcjdU', '2026-01-27 15:50:14.466228+07');
INSERT INTO tickets.django_session VALUES ('1a0k1ys4z0d4z5931sthbtvz8hlk4ygg', '.eJyrViotTi1SsqpWykxRsjLUAXPzEnNTlayUElNyM_MMDJV0lNJKc3LioaLBlcUlqbkKjiBJoFRRfg5crVJtLQAZjRo6:1vfvoD:CXlM-vi4QUi580dZSTNvO19E87aEwgw1tN8kXE5djh8', '2026-01-28 15:00:53.338152+07');
INSERT INTO tickets.django_session VALUES ('h356xfnvxnseffqm3fzbrg5zxuuzz3g5', '.eJyrViotTi1SsqpWykxRsjLUAXPzEnNTlayUElNyM_MMDJV0lNJKc3LioaLBlcUlqbkKjiBJoFRRfg5crVJtLQAZjRo6:1vgJMU:M22koib5KxN8xRFeAhGqBYY1V64yJEMwS7RxC9nNOT8', '2026-01-29 16:09:50.951217+07');
INSERT INTO tickets.django_session VALUES ('jptjy67pwp7n0hjt763ok4wfpg4wxqez', '.eJyrViotTi1SsqpWykxRsjLUAXPzEnNTlayUElNyM_MMDJV0lNJKc3LioaLBlcUlqbkKjiBJoFRRfg5crVJtLQAZjRo6:1vgK5D:ycEgbO9Y7Yv67A1VD2wexlN_V6mKekicTV84dMIvKbg', '2026-01-29 16:56:03.103471+07');


--
-- TOC entry 5705 (class 0 OID 18707)
-- Dependencies: 354
-- Data for Name: file_document; Type: TABLE DATA; Schema: tickets; Owner: postgres
--



--
-- TOC entry 5754 (class 0 OID 19411)
-- Dependencies: 403
-- Data for Name: it_category; Type: TABLE DATA; Schema: tickets; Owner: postgres
--

INSERT INTO tickets.it_category VALUES (1, 'computer/notebooks', true, '2026-02-13 10:36:23.052418');
INSERT INTO tickets.it_category VALUES (2, 'ติดตั้งโปรแกรม', true, '2026-02-13 10:36:23.052418');
INSERT INTO tickets.it_category VALUES (3, 'เครื่องคอมพิวเตอร์เสีย', true, '2026-02-13 10:36:23.052418');
INSERT INTO tickets.it_category VALUES (4, 'Printer มีปัญหา', true, '2026-02-13 10:36:23.052418');
INSERT INTO tickets.it_category VALUES (5, 'Network / Internet', true, '2026-02-13 10:36:23.052418');


--
-- TOC entry 5699 (class 0 OID 18650)
-- Dependencies: 348
-- Data for Name: log; Type: TABLE DATA; Schema: tickets; Owner: postgres
--



--
-- TOC entry 5744 (class 0 OID 19308)
-- Dependencies: 393
-- Data for Name: module_permission; Type: TABLE DATA; Schema: tickets; Owner: postgres
--



--
-- TOC entry 5697 (class 0 OID 18606)
-- Dependencies: 346
-- Data for Name: notification; Type: TABLE DATA; Schema: tickets; Owner: postgres
--



--
-- TOC entry 5746 (class 0 OID 19341)
-- Dependencies: 395
-- Data for Name: page_permission; Type: TABLE DATA; Schema: tickets; Owner: postgres
--

INSERT INTO tickets.page_permission VALUES (1, 1, 'index', true, '2026-02-11 16:32:25.982165', NULL);
INSERT INTO tickets.page_permission VALUES (2, 1, 'dashboard', true, '2026-02-11 16:32:25.982165', NULL);
INSERT INTO tickets.page_permission VALUES (3, 1, 'login', true, '2026-02-11 16:32:25.982165', NULL);
INSERT INTO tickets.page_permission VALUES (4, 1, 'logout', true, '2026-02-11 16:32:25.982165', NULL);
INSERT INTO tickets.page_permission VALUES (5, 1, 'tickets_list', true, '2026-02-11 16:32:25.982165', NULL);
INSERT INTO tickets.page_permission VALUES (6, 1, 'tickets_detail_erp', true, '2026-02-11 16:32:25.982165', NULL);
INSERT INTO tickets.page_permission VALUES (7, 1, 'tickets_detail_vpn', true, '2026-02-11 16:32:25.982165', NULL);
INSERT INTO tickets.page_permission VALUES (8, 1, 'tickets_detail_repairs', true, '2026-02-11 16:32:25.982165', NULL);
INSERT INTO tickets.page_permission VALUES (9, 1, 'tickets_detail_report', true, '2026-02-11 16:32:25.982165', NULL);
INSERT INTO tickets.page_permission VALUES (10, 1, 'tickets_detail_newapp', true, '2026-02-11 16:32:25.982165', NULL);
INSERT INTO tickets.page_permission VALUES (11, 1, 'active_promotion_detail', true, '2026-02-11 16:32:25.982165', NULL);
INSERT INTO tickets.page_permission VALUES (12, 1, 'create', true, '2026-02-11 16:32:25.982165', NULL);
INSERT INTO tickets.page_permission VALUES (13, 1, 'erp_perm', true, '2026-02-11 16:32:25.982165', NULL);
INSERT INTO tickets.page_permission VALUES (14, 1, 'repairs_form', true, '2026-02-11 16:32:25.982165', NULL);
INSERT INTO tickets.page_permission VALUES (15, 1, 'adjust_form', true, '2026-02-11 16:32:25.982165', NULL);
INSERT INTO tickets.page_permission VALUES (16, 1, 'app_form', true, '2026-02-11 16:32:25.982165', NULL);
INSERT INTO tickets.page_permission VALUES (17, 1, 'report_form', true, '2026-02-11 16:32:25.982165', NULL);
INSERT INTO tickets.page_permission VALUES (18, 1, 'active_promotion_form', true, '2026-02-11 16:32:25.982165', NULL);
INSERT INTO tickets.page_permission VALUES (19, 1, 'vpn', true, '2026-02-11 16:32:25.982165', NULL);
INSERT INTO tickets.page_permission VALUES (20, 1, 'borrows', true, '2026-02-11 16:32:25.982165', NULL);
INSERT INTO tickets.page_permission VALUES (21, 1, 'ticket_success', true, '2026-02-11 16:32:25.982165', NULL);
INSERT INTO tickets.page_permission VALUES (22, 1, 'setting_team', true, '2026-02-11 16:32:25.982165', NULL);
INSERT INTO tickets.page_permission VALUES (23, 1, 'team_adduser', true, '2026-02-11 16:32:25.982165', NULL);
INSERT INTO tickets.page_permission VALUES (24, 1, 'team_removeuser', true, '2026-02-11 16:32:25.982165', NULL);
INSERT INTO tickets.page_permission VALUES (25, 1, 'add_approve_line', true, '2026-02-11 16:32:25.982165', NULL);
INSERT INTO tickets.page_permission VALUES (26, 1, 'approval_flow_detail', true, '2026-02-11 16:32:25.982165', NULL);
INSERT INTO tickets.page_permission VALUES (27, 1, 'manage_user', true, '2026-02-11 16:32:25.982165', NULL);
INSERT INTO tickets.page_permission VALUES (28, 1, 'delete_ticket', true, '2026-02-11 16:32:25.982165', NULL);
INSERT INTO tickets.page_permission VALUES (29, 1, 'approve_ticket', true, '2026-02-11 16:32:25.982165', NULL);
INSERT INTO tickets.page_permission VALUES (30, 1, 'admin_complete_ticket', true, '2026-02-11 16:32:25.982165', NULL);
INSERT INTO tickets.page_permission VALUES (31, 1, 'tickets_accepting_work', true, '2026-02-11 16:32:25.982165', NULL);
INSERT INTO tickets.page_permission VALUES (32, 1, 'admin_accept_work', true, '2026-02-11 16:32:25.982165', NULL);
INSERT INTO tickets.page_permission VALUES (33, 1, 'manage_permission', true, '2026-02-11 16:32:25.982165', NULL);
INSERT INTO tickets.page_permission VALUES (34, 1, '/', true, '2026-02-12 02:32:49.70388', NULL);


--
-- TOC entry 5748 (class 0 OID 19360)
-- Dependencies: 397
-- Data for Name: permissions; Type: TABLE DATA; Schema: tickets; Owner: postgres
--

INSERT INTO tickets.permissions VALUES (2, 'dashboard', 'dashboard', 'หน้า Dashboard', '2026-02-12 09:33:28.694192');
INSERT INTO tickets.permissions VALUES (5, 'tickets_list', 'tickets_list', 'รายการ Tickets', '2026-02-12 09:33:28.694192');
INSERT INTO tickets.permissions VALUES (6, 'tickets_detail_erp', 'tickets_detail_erp', 'รายละเอียด ERP', '2026-02-12 09:33:28.694192');
INSERT INTO tickets.permissions VALUES (7, 'tickets_detail_vpn', 'tickets_detail_vpn', 'รายละเอียด VPN', '2026-02-12 09:33:28.694192');
INSERT INTO tickets.permissions VALUES (8, 'tickets_detail_repairs', 'tickets_detail_repairs', 'รายละเอียด Repairs', '2026-02-12 09:33:28.694192');
INSERT INTO tickets.permissions VALUES (9, 'tickets_detail_report', 'tickets_detail_report', 'รายละเอียด Report', '2026-02-12 09:33:28.694192');
INSERT INTO tickets.permissions VALUES (10, 'tickets_detail_newapp', 'tickets_detail_newapp', 'รายละเอียด New App', '2026-02-12 09:33:28.694192');
INSERT INTO tickets.permissions VALUES (12, 'create', 'create', 'สร้าง Ticket', '2026-02-12 09:33:28.694192');
INSERT INTO tickets.permissions VALUES (13, 'erp_perm', 'erp_perm', 'สร้าง ERP Permission', '2026-02-12 09:33:28.694192');
INSERT INTO tickets.permissions VALUES (15, 'adjust_form', 'adjust_form', 'สร้าง Adjust', '2026-02-12 09:33:28.694192');
INSERT INTO tickets.permissions VALUES (16, 'app_form', 'app_form', 'สร้าง App', '2026-02-12 09:33:28.694192');
INSERT INTO tickets.permissions VALUES (17, 'report_form', 'report_form', 'สร้าง Report', '2026-02-12 09:33:28.694192');
INSERT INTO tickets.permissions VALUES (18, 'active_promotion_form', 'active_promotion_form', 'สร้าง Active Promotion', '2026-02-12 09:33:28.694192');
INSERT INTO tickets.permissions VALUES (19, 'vpn', 'vpn', 'สร้าง VPN', '2026-02-12 09:33:28.694192');
INSERT INTO tickets.permissions VALUES (21, 'ticket_success', 'ticket_success', 'หน้าสำเร็จหลังสร้าง Ticket', '2026-02-12 09:33:28.694192');
INSERT INTO tickets.permissions VALUES (22, 'setting_team', 'setting_team', 'ตั้งค่า Team', '2026-02-12 09:33:28.694192');
INSERT INTO tickets.permissions VALUES (23, 'team_adduser', 'team_adduser', 'เพิ่มสมาชิก Team', '2026-02-12 09:33:28.694192');
INSERT INTO tickets.permissions VALUES (24, 'team_removeuser', 'team_removeuser', 'ลบสมาชิก Team', '2026-02-12 09:33:28.694192');
INSERT INTO tickets.permissions VALUES (25, 'add_approve_line', 'add_approve_line', 'เพิ่มสายอนุมัติ', '2026-02-12 09:33:28.694192');
INSERT INTO tickets.permissions VALUES (26, 'approval_flow_detail', 'approval_flow_detail', 'รายละเอียด Approval Flow', '2026-02-12 09:33:28.694192');
INSERT INTO tickets.permissions VALUES (27, 'manage_user', 'manage_user', 'จัดการผู้ใช้', '2026-02-12 09:33:28.694192');
INSERT INTO tickets.permissions VALUES (28, 'delete_ticket', 'delete_ticket', 'ลบ Ticket', '2026-02-12 09:33:28.694192');
INSERT INTO tickets.permissions VALUES (29, 'approve_ticket', 'approve_ticket', 'อนุมัติ Ticket', '2026-02-12 09:33:28.694192');
INSERT INTO tickets.permissions VALUES (30, 'admin_complete_ticket', 'admin_complete_ticket', 'Admin ปิดงาน', '2026-02-12 09:33:28.694192');
INSERT INTO tickets.permissions VALUES (31, 'tickets_accepting_work', 'tickets_accepting_work', 'งานรอรับ', '2026-02-12 09:33:28.694192');
INSERT INTO tickets.permissions VALUES (32, 'admin_accept_work', 'admin_accept_work', 'Admin รับงาน', '2026-02-12 09:33:28.694192');
INSERT INTO tickets.permissions VALUES (33, 'manage_permission', 'manage_permission', 'จัดการสิทธิ์หน้า', '2026-02-12 09:33:28.694192');
INSERT INTO tickets.permissions VALUES (34, 'report_dashboard', 'report_dashboard', 'หน้ารายงาน', '2026-02-16 11:33:18.958836');
INSERT INTO tickets.permissions VALUES (35, 'repairs_it_form', 'repairs_it_form', 'สร้างคำขอแจ้งปัญหาIT', '2026-02-16 16:05:37.734302');
INSERT INTO tickets.permissions VALUES (36, 'repairs_it_detail', 'repairs_it_detail', 'รายละเอียดคำขอIT', '2026-02-16 16:06:06.386301');
INSERT INTO tickets.permissions VALUES (37, 'borrow_detail', 'borrow_detail', 'รายละเอียดคำขอยืมอุปกรณ์', '2026-02-18 16:06:06.386');
INSERT INTO tickets.permissions VALUES (20, 'borrow', 'borrow', 'สร้าง คำขอยืมอุปกรณ์', '2026-02-12 09:33:28.694192');
INSERT INTO tickets.permissions VALUES (14, 'repairs_form', 'repairs_form', 'หน้าฟอร์มแจ้งปัญหาอาคาร', '2026-02-12 09:33:28.694192');
INSERT INTO tickets.permissions VALUES (11, 'active_promotion_detail', 'active_promotion_detail', 'รายละเอียดโปรโมชัน', '2026-02-12 09:33:28.694192');


--
-- TOC entry 5752 (class 0 OID 19399)
-- Dependencies: 401
-- Data for Name: request_type; Type: TABLE DATA; Schema: tickets; Owner: postgres
--

INSERT INTO tickets.request_type VALUES (1, 'IT', 'งานไอที');
INSERT INTO tickets.request_type VALUES (2, 'BUILDING', 'งานอาคาร');


--
-- TOC entry 5734 (class 0 OID 19073)
-- Dependencies: 383
-- Data for Name: roles; Type: TABLE DATA; Schema: tickets; Owner: postgres
--

INSERT INTO tickets.roles VALUES (1, 'admin', '2026-01-16 14:10:05.718989');
INSERT INTO tickets.roles VALUES (2, 'manager', '2026-01-16 14:10:05.718989');
INSERT INTO tickets.roles VALUES (3, 'user', '2026-01-16 14:10:05.718989');


--
-- TOC entry 5730 (class 0 OID 19010)
-- Dependencies: 379
-- Data for Name: status; Type: TABLE DATA; Schema: tickets; Owner: postgres
--

INSERT INTO tickets.status VALUES (1, 'Waiting for Approve', 'document');
INSERT INTO tickets.status VALUES (4, 'In Progress', 'document');
INSERT INTO tickets.status VALUES (5, 'Completed', 'document');
INSERT INTO tickets.status VALUES (2, 'Approved', 'approve_level');
INSERT INTO tickets.status VALUES (3, 'Rejected', 'approve_level');
INSERT INTO tickets.status VALUES (6, 'Waiting', 'approve_level');
INSERT INTO tickets.status VALUES (7, 'Pending', 'approve_level');
INSERT INTO tickets.status VALUES (8, 'Accepting work', 'document');


--
-- TOC entry 5736 (class 0 OID 19095)
-- Dependencies: 385
-- Data for Name: team; Type: TABLE DATA; Schema: tickets; Owner: postgres
--

INSERT INTO tickets.team VALUES (18, 'Salesภาคใต้', 7, 4, 26);
INSERT INTO tickets.team VALUES (15, 'CEO', 10, 29, 30);
INSERT INTO tickets.team VALUES (17, 'Admin', 9, 11, 12);
INSERT INTO tickets.team VALUES (19, 'มีเมียเด็กต้องหมั่นตรวจเช็คร่างกายย', 6, NULL, NULL);
INSERT INTO tickets.team VALUES (21, 'ไม่มีเวลาไปหาเมียน้อยยย', 2, NULL, NULL);
INSERT INTO tickets.team VALUES (22, 'นั่งมองดูดวงดาวฉันมองเห็นเธอสุกสกาวส่องแสงเรืองรองนับกลางใจจจ', 6, NULL, NULL);
INSERT INTO tickets.team VALUES (23, 'ออกไปเที่ยวไปเหลียวมองเธอ', 6, NULL, NULL);
INSERT INTO tickets.team VALUES (24, 'Salesกลาง', 9, NULL, NULL);
INSERT INTO tickets.team VALUES (25, 'มองๆฉันมองแต่เทเลโฟนเมื่อไหร่เธอจะคอนเฟริมนัดจากชายคนนี้', 8, NULL, NULL);
INSERT INTO tickets.team VALUES (16, 'บัญชี', 4, 16, 15);


--
-- TOC entry 5738 (class 0 OID 19142)
-- Dependencies: 387
-- Data for Name: team_members; Type: TABLE DATA; Schema: tickets; Owner: postgres
--

INSERT INTO tickets.team_members VALUES (14, 16, 22, '2026-01-26 03:36:24.883842', NULL, false);
INSERT INTO tickets.team_members VALUES (15, 16, 23, '2026-01-26 03:36:28.136109', NULL, false);
INSERT INTO tickets.team_members VALUES (16, 16, 24, '2026-01-26 03:36:33.274947', NULL, false);
INSERT INTO tickets.team_members VALUES (17, 15, 13, '2026-01-26 03:37:01.582921', NULL, false);
INSERT INTO tickets.team_members VALUES (18, 15, 2, '2026-01-26 03:37:05.956191', NULL, false);
INSERT INTO tickets.team_members VALUES (19, 18, 27, '2026-01-26 03:37:42.673074', NULL, false);
INSERT INTO tickets.team_members VALUES (20, 18, 25, '2026-01-26 03:37:46.23982', NULL, false);
INSERT INTO tickets.team_members VALUES (21, 18, 24, '2026-01-26 03:37:49.382321', NULL, false);
INSERT INTO tickets.team_members VALUES (22, 17, 11, '2026-01-26 08:46:38.762306', NULL, false);
INSERT INTO tickets.team_members VALUES (23, 17, 12, '2026-01-26 08:46:40.814329', NULL, false);
INSERT INTO tickets.team_members VALUES (24, 17, 13, '2026-01-26 08:46:42.519101', NULL, false);
INSERT INTO tickets.team_members VALUES (25, 17, 1, '2026-01-26 08:46:46.412387', NULL, false);
INSERT INTO tickets.team_members VALUES (26, 19, 3, '2026-01-29 07:59:52.118815', NULL, false);
INSERT INTO tickets.team_members VALUES (27, 19, 4, '2026-01-29 08:00:50.870828', NULL, false);
INSERT INTO tickets.team_members VALUES (28, 19, 18, '2026-01-29 08:01:03.899055', NULL, false);
INSERT INTO tickets.team_members VALUES (30, 21, 3, '2026-02-02 09:03:21.717983', NULL, false);
INSERT INTO tickets.team_members VALUES (31, 22, 27, '2026-02-03 07:10:38.390102', NULL, false);
INSERT INTO tickets.team_members VALUES (32, 22, 22, '2026-02-03 07:10:46.029099', NULL, false);
INSERT INTO tickets.team_members VALUES (33, 22, 21, '2026-02-03 07:10:49.268493', NULL, false);
INSERT INTO tickets.team_members VALUES (34, 23, 27, '2026-02-04 08:11:06.511448', NULL, false);
INSERT INTO tickets.team_members VALUES (35, 24, 1, '2026-02-12 09:19:56.154639', NULL, false);
INSERT INTO tickets.team_members VALUES (36, 25, 19, '2026-02-13 04:20:59.333164', NULL, false);
INSERT INTO tickets.team_members VALUES (37, 25, 21, '2026-02-13 04:21:12.078858', NULL, false);
INSERT INTO tickets.team_members VALUES (38, 21, 1, '2026-02-18 08:54:57.550981', NULL, false);
INSERT INTO tickets.team_members VALUES (39, 17, 30, '2026-02-18 10:00:27.914682', NULL, false);


--
-- TOC entry 5740 (class 0 OID 19170)
-- Dependencies: 389
-- Data for Name: ticket_approval_status; Type: TABLE DATA; Schema: tickets; Owner: postgres
--

INSERT INTO tickets.ticket_approval_status VALUES (2, 64, 48, 2, 9, 6, NULL, NULL);
INSERT INTO tickets.ticket_approval_status VALUES (3, 64, 49, 3, 29, 6, NULL, NULL);
INSERT INTO tickets.ticket_approval_status VALUES (15, 68, 49, 3, 29, 7, NULL, NULL);
INSERT INTO tickets.ticket_approval_status VALUES (1, 64, 47, 1, 24, 7, NULL, NULL);
INSERT INTO tickets.ticket_approval_status VALUES (10, 67, 47, 1, 24, 6, '2026-02-02 07:35:39.755886', '');
INSERT INTO tickets.ticket_approval_status VALUES (8, 66, 48, 2, 9, 2, '2026-02-10 04:08:28.131195', '');
INSERT INTO tickets.ticket_approval_status VALUES (11, 67, 48, 2, 9, 6, '2026-02-02 07:36:38.103033', '');
INSERT INTO tickets.ticket_approval_status VALUES (9, 66, 49, 3, 29, 7, NULL, NULL);
INSERT INTO tickets.ticket_approval_status VALUES (12, 67, 49, 3, 29, 6, '2026-02-02 07:36:59.644547', '');
INSERT INTO tickets.ticket_approval_status VALUES (13, 68, 47, 1, 24, 6, '2026-02-02 07:40:29.546764', '');
INSERT INTO tickets.ticket_approval_status VALUES (106, 123, 114, 1, 23, 7, NULL, NULL);
INSERT INTO tickets.ticket_approval_status VALUES (7, 66, 47, 1, 24, 6, '2026-02-02 07:49:31.480816', '');
INSERT INTO tickets.ticket_approval_status VALUES (107, 123, 115, 2, 17, 6, NULL, NULL);
INSERT INTO tickets.ticket_approval_status VALUES (16, 71, 47, 1, 24, 7, NULL, NULL);
INSERT INTO tickets.ticket_approval_status VALUES (17, 71, 48, 2, 9, 6, NULL, NULL);
INSERT INTO tickets.ticket_approval_status VALUES (18, 71, 49, 3, 29, 6, NULL, NULL);
INSERT INTO tickets.ticket_approval_status VALUES (19, 72, 54, 1, 24, 7, NULL, NULL);
INSERT INTO tickets.ticket_approval_status VALUES (20, 72, 55, 2, 2, 6, NULL, NULL);
INSERT INTO tickets.ticket_approval_status VALUES (21, 72, 56, 3, 30, 6, NULL, NULL);
INSERT INTO tickets.ticket_approval_status VALUES (4, 65, 47, 1, 24, 6, '2026-02-03 06:47:05.93498', '');
INSERT INTO tickets.ticket_approval_status VALUES (36, 80, 56, 3, 30, 2, '2026-02-10 04:08:45.117445', '');
INSERT INTO tickets.ticket_approval_status VALUES (5, 65, 48, 2, 9, 6, '2026-02-03 06:47:31.743194', '');
INSERT INTO tickets.ticket_approval_status VALUES (33, 79, 56, 3, 30, 2, '2026-02-10 04:08:51.113552', '');
INSERT INTO tickets.ticket_approval_status VALUES (6, 65, 49, 3, 29, 6, '2026-02-03 06:47:42.988816', '');
INSERT INTO tickets.ticket_approval_status VALUES (22, 76, 60, 1, 24, 7, NULL, NULL);
INSERT INTO tickets.ticket_approval_status VALUES (23, 76, 61, 2, 16, 6, NULL, NULL);
INSERT INTO tickets.ticket_approval_status VALUES (24, 76, 62, 3, 30, 6, NULL, NULL);
INSERT INTO tickets.ticket_approval_status VALUES (28, 78, 54, 1, 24, 6, '2026-02-04 02:59:41.548689', '');
INSERT INTO tickets.ticket_approval_status VALUES (30, 78, 56, 3, 30, 2, '2026-02-10 04:08:54.400582', '');
INSERT INTO tickets.ticket_approval_status VALUES (29, 78, 55, 2, 2, 6, '2026-02-04 03:04:06.267345', '');
INSERT INTO tickets.ticket_approval_status VALUES (78, 97, 110, 3, 30, 2, '2026-02-10 08:20:28.593244', '');
INSERT INTO tickets.ticket_approval_status VALUES (31, 79, 54, 1, 24, 6, '2026-02-04 03:06:29.632643', '');
INSERT INTO tickets.ticket_approval_status VALUES (34, 80, 54, 1, 24, 6, '2026-02-04 07:00:05.3248', '');
INSERT INTO tickets.ticket_approval_status VALUES (25, 77, 47, 1, 24, 6, '2026-02-04 07:00:18.274702', '');
INSERT INTO tickets.ticket_approval_status VALUES (37, 82, 84, 1, 25, 7, NULL, NULL);
INSERT INTO tickets.ticket_approval_status VALUES (38, 82, 85, 2, 17, 6, NULL, NULL);
INSERT INTO tickets.ticket_approval_status VALUES (39, 82, 86, 3, 30, 6, NULL, NULL);
INSERT INTO tickets.ticket_approval_status VALUES (40, 83, 84, 1, 25, 7, NULL, NULL);
INSERT INTO tickets.ticket_approval_status VALUES (41, 83, 85, 2, 17, 6, NULL, NULL);
INSERT INTO tickets.ticket_approval_status VALUES (42, 83, 86, 3, 30, 6, NULL, NULL);
INSERT INTO tickets.ticket_approval_status VALUES (67, 96, 47, 1, 24, 2, '2026-02-10 04:28:29.186219', '');
INSERT INTO tickets.ticket_approval_status VALUES (68, 96, 108, 1, 22, 2, '2026-02-10 04:28:29.186219', '');
INSERT INTO tickets.ticket_approval_status VALUES (32, 79, 55, 2, 2, 6, '2026-02-04 09:10:59.144873', '');
INSERT INTO tickets.ticket_approval_status VALUES (108, 123, 116, 3, 29, 6, NULL, NULL);
INSERT INTO tickets.ticket_approval_status VALUES (35, 80, 55, 2, 2, 6, '2026-02-04 09:11:05.233571', '');
INSERT INTO tickets.ticket_approval_status VALUES (109, 124, 114, 1, 23, 7, NULL, NULL);
INSERT INTO tickets.ticket_approval_status VALUES (46, 87, 96, 1, 21, 6, '2026-02-04 09:32:58.445256', '');
INSERT INTO tickets.ticket_approval_status VALUES (47, 87, 97, 2, 17, 6, '2026-02-04 09:32:58.445256', '');
INSERT INTO tickets.ticket_approval_status VALUES (48, 87, 98, 3, 29, 6, '2026-02-04 09:32:58.445256', '');
INSERT INTO tickets.ticket_approval_status VALUES (43, 84, 60, 1, 24, 6, '2026-02-04 09:33:16.526403', '');
INSERT INTO tickets.ticket_approval_status VALUES (44, 84, 61, 2, 16, 6, '2026-02-04 09:33:16.526403', '');
INSERT INTO tickets.ticket_approval_status VALUES (45, 84, 62, 3, 30, 6, '2026-02-04 09:33:16.526403', '');
INSERT INTO tickets.ticket_approval_status VALUES (49, 88, 84, 1, 25, 7, NULL, NULL);
INSERT INTO tickets.ticket_approval_status VALUES (50, 88, 85, 2, 17, 6, NULL, NULL);
INSERT INTO tickets.ticket_approval_status VALUES (51, 88, 86, 3, 30, 6, NULL, NULL);
INSERT INTO tickets.ticket_approval_status VALUES (52, 89, 84, 1, 25, 7, NULL, NULL);
INSERT INTO tickets.ticket_approval_status VALUES (53, 89, 85, 2, 17, 6, NULL, NULL);
INSERT INTO tickets.ticket_approval_status VALUES (54, 89, 86, 3, 30, 6, NULL, NULL);
INSERT INTO tickets.ticket_approval_status VALUES (55, 94, 54, 1, 24, 2, '2026-02-10 02:11:07.765832', '');
INSERT INTO tickets.ticket_approval_status VALUES (56, 94, 81, 1, 24, 2, '2026-02-10 02:11:07.765832', '');
INSERT INTO tickets.ticket_approval_status VALUES (84, 98, 110, 3, 30, 2, '2026-02-10 08:32:01.117407', '');
INSERT INTO tickets.ticket_approval_status VALUES (57, 94, 55, 2, 2, 2, '2026-02-10 02:18:33.000599', '');
INSERT INTO tickets.ticket_approval_status VALUES (58, 94, 82, 2, 16, 2, '2026-02-10 02:18:33.000599', '');
INSERT INTO tickets.ticket_approval_status VALUES (69, 96, 48, 2, 9, 2, '2026-02-10 04:28:38.723643', '');
INSERT INTO tickets.ticket_approval_status VALUES (70, 96, 109, 2, 17, 2, '2026-02-10 04:28:38.723643', '');
INSERT INTO tickets.ticket_approval_status VALUES (59, 94, 56, 3, 30, 2, '2026-02-10 02:20:19.140736', '');
INSERT INTO tickets.ticket_approval_status VALUES (60, 94, 83, 3, 29, 2, '2026-02-10 02:20:19.140736', '');
INSERT INTO tickets.ticket_approval_status VALUES (61, 95, 54, 1, 24, 2, '2026-02-10 02:29:25.789293', '');
INSERT INTO tickets.ticket_approval_status VALUES (62, 95, 81, 1, 24, 2, '2026-02-10 02:29:25.789293', '');
INSERT INTO tickets.ticket_approval_status VALUES (63, 95, 55, 2, 2, 2, '2026-02-10 02:32:00.874906', '');
INSERT INTO tickets.ticket_approval_status VALUES (64, 95, 82, 2, 16, 2, '2026-02-10 02:32:00.874906', '');
INSERT INTO tickets.ticket_approval_status VALUES (71, 96, 49, 3, 29, 2, '2026-02-10 04:28:51.08606', '');
INSERT INTO tickets.ticket_approval_status VALUES (72, 96, 110, 3, 30, 2, '2026-02-10 04:28:51.08606', '');
INSERT INTO tickets.ticket_approval_status VALUES (65, 95, 56, 3, 30, 2, '2026-02-10 03:40:48.586135', '');
INSERT INTO tickets.ticket_approval_status VALUES (66, 95, 83, 3, 29, 2, '2026-02-10 03:40:48.586135', '');
INSERT INTO tickets.ticket_approval_status VALUES (26, 77, 48, 2, 9, 2, '2026-02-10 04:08:15.285454', '');
INSERT INTO tickets.ticket_approval_status VALUES (27, 77, 49, 3, 29, 7, NULL, NULL);
INSERT INTO tickets.ticket_approval_status VALUES (14, 68, 48, 2, 9, 2, '2026-02-10 04:08:21.895658', '');
INSERT INTO tickets.ticket_approval_status VALUES (73, 97, 47, 1, 24, 2, '2026-02-10 08:18:54.245172', '');
INSERT INTO tickets.ticket_approval_status VALUES (74, 97, 108, 1, 22, 2, '2026-02-10 08:18:54.245172', '');
INSERT INTO tickets.ticket_approval_status VALUES (75, 97, 48, 2, 9, 2, '2026-02-10 08:19:52.006816', '');
INSERT INTO tickets.ticket_approval_status VALUES (76, 97, 109, 2, 17, 2, '2026-02-10 08:19:52.006816', '');
INSERT INTO tickets.ticket_approval_status VALUES (77, 97, 49, 3, 29, 2, '2026-02-10 08:20:28.593244', '');
INSERT INTO tickets.ticket_approval_status VALUES (110, 124, 115, 2, 17, 6, NULL, NULL);
INSERT INTO tickets.ticket_approval_status VALUES (79, 98, 47, 1, 24, 2, '2026-02-10 08:31:38.668094', '');
INSERT INTO tickets.ticket_approval_status VALUES (80, 98, 108, 1, 22, 2, '2026-02-10 08:31:38.668094', '');
INSERT INTO tickets.ticket_approval_status VALUES (81, 98, 48, 2, 9, 2, '2026-02-10 08:31:51.857281', '');
INSERT INTO tickets.ticket_approval_status VALUES (82, 98, 109, 2, 17, 2, '2026-02-10 08:31:51.857281', '');
INSERT INTO tickets.ticket_approval_status VALUES (111, 124, 116, 3, 29, 6, NULL, NULL);
INSERT INTO tickets.ticket_approval_status VALUES (112, 127, 114, 1, 23, 7, NULL, NULL);
INSERT INTO tickets.ticket_approval_status VALUES (83, 98, 49, 3, 29, 2, '2026-02-10 08:32:01.117407', '');
INSERT INTO tickets.ticket_approval_status VALUES (113, 127, 115, 2, 17, 6, NULL, NULL);
INSERT INTO tickets.ticket_approval_status VALUES (91, 103, 114, 1, 23, 2, '2026-02-13 06:12:08.410972', '');
INSERT INTO tickets.ticket_approval_status VALUES (114, 127, 116, 3, 29, 6, NULL, NULL);
INSERT INTO tickets.ticket_approval_status VALUES (92, 103, 115, 2, 17, 2, '2026-02-13 06:12:30.690544', '');
INSERT INTO tickets.ticket_approval_status VALUES (115, 129, 54, 1, 24, 7, NULL, NULL);
INSERT INTO tickets.ticket_approval_status VALUES (93, 103, 116, 3, 29, 2, '2026-02-13 06:12:52.01121', '');
INSERT INTO tickets.ticket_approval_status VALUES (94, 107, 114, 1, 23, 7, NULL, NULL);
INSERT INTO tickets.ticket_approval_status VALUES (95, 107, 115, 2, 17, 6, NULL, NULL);
INSERT INTO tickets.ticket_approval_status VALUES (96, 107, 116, 3, 29, 6, NULL, NULL);
INSERT INTO tickets.ticket_approval_status VALUES (97, 113, 47, 1, 24, 7, NULL, NULL);
INSERT INTO tickets.ticket_approval_status VALUES (98, 113, 108, 1, 22, 7, NULL, NULL);
INSERT INTO tickets.ticket_approval_status VALUES (99, 113, 48, 2, 9, 6, NULL, NULL);
INSERT INTO tickets.ticket_approval_status VALUES (100, 113, 109, 2, 17, 6, NULL, NULL);
INSERT INTO tickets.ticket_approval_status VALUES (101, 113, 49, 3, 29, 6, NULL, NULL);
INSERT INTO tickets.ticket_approval_status VALUES (102, 113, 110, 3, 30, 6, NULL, NULL);
INSERT INTO tickets.ticket_approval_status VALUES (103, 119, 114, 1, 23, 7, NULL, NULL);
INSERT INTO tickets.ticket_approval_status VALUES (104, 119, 115, 2, 17, 6, NULL, NULL);
INSERT INTO tickets.ticket_approval_status VALUES (105, 119, 116, 3, 29, 6, NULL, NULL);
INSERT INTO tickets.ticket_approval_status VALUES (116, 129, 81, 1, 24, 7, NULL, NULL);
INSERT INTO tickets.ticket_approval_status VALUES (117, 129, 55, 2, 2, 6, NULL, NULL);
INSERT INTO tickets.ticket_approval_status VALUES (118, 129, 82, 2, 16, 6, NULL, NULL);
INSERT INTO tickets.ticket_approval_status VALUES (119, 129, 56, 3, 30, 6, NULL, NULL);
INSERT INTO tickets.ticket_approval_status VALUES (120, 129, 83, 3, 29, 6, NULL, NULL);
INSERT INTO tickets.ticket_approval_status VALUES (121, 130, 54, 1, 24, 7, NULL, NULL);
INSERT INTO tickets.ticket_approval_status VALUES (122, 130, 81, 1, 24, 7, NULL, NULL);
INSERT INTO tickets.ticket_approval_status VALUES (123, 130, 55, 2, 2, 6, NULL, NULL);
INSERT INTO tickets.ticket_approval_status VALUES (124, 130, 82, 2, 16, 6, NULL, NULL);
INSERT INTO tickets.ticket_approval_status VALUES (125, 130, 56, 3, 30, 6, NULL, NULL);
INSERT INTO tickets.ticket_approval_status VALUES (126, 130, 83, 3, 29, 6, NULL, NULL);


--
-- TOC entry 5693 (class 0 OID 18574)
-- Dependencies: 342
-- Data for Name: ticket_data_adjust; Type: TABLE DATA; Schema: tickets; Owner: postgres
--



--
-- TOC entry 5732 (class 0 OID 19046)
-- Dependencies: 381
-- Data for Name: ticket_data_building_repair; Type: TABLE DATA; Schema: tickets; Owner: postgres
--

INSERT INTO tickets.ticket_data_building_repair VALUES (13, 107, 21, 'ลืมเอาเมาส์มา', NULL, '2026-02-16 09:07:21.272299', 1, 1);


--
-- TOC entry 5691 (class 0 OID 18558)
-- Dependencies: 340
-- Data for Name: ticket_data_erp_app; Type: TABLE DATA; Schema: tickets; Owner: postgres
--

INSERT INTO tickets.ticket_data_erp_app VALUES (48, 113, true, false, NULL, NULL, NULL, 'ขอPPAP', NULL, NULL, NULL, NULL, NULL, 'ดวงดารา', NULL, NULL);


--
-- TOC entry 5695 (class 0 OID 18590)
-- Dependencies: 344
-- Data for Name: ticket_data_vpn; Type: TABLE DATA; Schema: tickets; Owner: postgres
--

INSERT INTO tickets.ticket_data_vpn VALUES (15, 129, '2026-02-18', '2026-02-21', 'sss', 'วชิรวิทย์ จันทร์เฟย
A');
INSERT INTO tickets.ticket_data_vpn VALUES (16, 130, '2026-02-18', '2026-02-21', 'GG', 'วชิรวิทย์ จันทร์เฟย
n');


--
-- TOC entry 5707 (class 0 OID 18723)
-- Dependencies: 356
-- Data for Name: ticket_files; Type: TABLE DATA; Schema: tickets; Owner: postgres
--

INSERT INTO tickets.ticket_files VALUES (24, 127, 'BORROW', 9, '6235-19702-1-PB_.pdf', 'media/uploads/borrows/127/6235-19702-1-PB_.pdf', 'application/pdf', 1043103, 21, '2026-02-18 08:39:54.760301');
INSERT INTO tickets.ticket_files VALUES (25, 130, 'VPN', 16, 'Screenshot 2025-05-14 232920.png', 'media/uploads/vpn/130/Screenshot 2025-05-14 232920.png', 'image/png', 528006, 3, '2026-02-18 13:11:02.21924');


--
-- TOC entry 5687 (class 0 OID 18519)
-- Dependencies: 336
-- Data for Name: ticket_type; Type: TABLE DATA; Schema: tickets; Owner: postgres
--

INSERT INTO tickets.ticket_type VALUES (2, 'เปิด User ใหม่', 1, NULL);
INSERT INTO tickets.ticket_type VALUES (1, 'ปรับปรุงสิทธิ์เดิม', 1, NULL);
INSERT INTO tickets.ticket_type VALUES (3, 'คำขอเปิด VPN', 2, NULL);
INSERT INTO tickets.ticket_type VALUES (4, 'คำขอซ่อมอาคาร', 3, NULL);
INSERT INTO tickets.ticket_type VALUES (5, 'ยกยอดจากเดิม', 4, NULL);
INSERT INTO tickets.ticket_type VALUES (6, 'แก้ไขยอด', 4, NULL);
INSERT INTO tickets.ticket_type VALUES (7, 'โอนระหว่างร้าน', 4, NULL);
INSERT INTO tickets.ticket_type VALUES (8, 'โอนระหว่างโปรโมชั่น', 4, NULL);
INSERT INTO tickets.ticket_type VALUES (9, 'จัดทำApplicationใหม่', 5, NULL);
INSERT INTO tickets.ticket_type VALUES (10, 'ปรับปรุงApplicationเดิม', 5, NULL);
INSERT INTO tickets.ticket_type VALUES (11, 'คำขอรายงาน', 5, NULL);
INSERT INTO tickets.ticket_type VALUES (12, 'Active Promotion Package', 6, NULL);
INSERT INTO tickets.ticket_type VALUES (13, 'แจ้งปัญหาIT', 3, NULL);
INSERT INTO tickets.ticket_type VALUES (14, 'คำขอยืมอุปกรณ์', 3, NULL);


--
-- TOC entry 5689 (class 0 OID 18532)
-- Dependencies: 338
-- Data for Name: tickets; Type: TABLE DATA; Schema: tickets; Owner: postgres
--

INSERT INTO tickets.tickets VALUES (108, 'แจ้งซ่อมอาคาร', 'asd', 1, NULL, 1, 4, '2026-02-16 13:03:06.661923', NULL, NULL);
INSERT INTO tickets.tickets VALUES (110, 'แจ้งซ่อมอาคาร', 'ฟหก', 1, NULL, 1, 4, '2026-02-16 13:03:53.659133', NULL, NULL);
INSERT INTO tickets.tickets VALUES (124, 'คำร้องขอยืมอุปกรณ์', '', 21, NULL, 5, 14, '2026-02-18 07:28:40.790012', NULL, 'GG');
INSERT INTO tickets.tickets VALUES (130, 'ขออนุมัติใช้งาน Virtual Private Network (VPN)', 'GG', 3, NULL, 1, 3, '2026-02-18 13:11:02.204236', NULL, 'it, A');
INSERT INTO tickets.tickets VALUES (107, 'แจ้งซ่อม IT', 'ลืมเอาเมาส์มา', 21, NULL, 1, 13, '2026-02-16 09:07:21.272207', NULL, NULL);
INSERT INTO tickets.tickets VALUES (109, 'แจ้งซ่อมอาคาร', 'sasd', 1, NULL, 1, 4, '2026-02-16 13:03:26.212005', NULL, NULL);
INSERT INTO tickets.tickets VALUES (113, 'ขอเปิด User ใหม่', 'SOS', 3, NULL, 1, 2, '2026-02-16 13:08:01.409177', NULL, '{}');
INSERT INTO tickets.tickets VALUES (119, 'คำร้องขอยืมอุปกรณ์', '', 21, NULL, 1, 14, '2026-02-18 04:45:26.401717', NULL, 'aa');
INSERT INTO tickets.tickets VALUES (123, 'คำร้องขอยืมอุปกรณ์', '', 21, NULL, 8, 14, '2026-02-18 07:11:51.596311', NULL, '');
INSERT INTO tickets.tickets VALUES (127, 'คำร้องขอยืมอุปกรณ์', '', 21, NULL, 1, 14, '2026-02-18 08:39:54.751196', NULL, '');
INSERT INTO tickets.tickets VALUES (129, 'ขออนุมัติใช้งาน Virtual Private Network (VPN)', 'sss', 3, NULL, 1, 3, '2026-02-18 10:04:15.964675', NULL, 'it, ลิงคิงคิง');


--
-- TOC entry 5703 (class 0 OID 18685)
-- Dependencies: 352
-- Data for Name: tickets_comments; Type: TABLE DATA; Schema: tickets; Owner: postgres
--



--
-- TOC entry 5701 (class 0 OID 18664)
-- Dependencies: 350
-- Data for Name: tickets_history; Type: TABLE DATA; Schema: tickets; Owner: postgres
--



--
-- TOC entry 5750 (class 0 OID 19375)
-- Dependencies: 399
-- Data for Name: user_permissions; Type: TABLE DATA; Schema: tickets; Owner: postgres
--

INSERT INTO tickets.user_permissions VALUES (1959, 39, 11, true, '2026-02-18 13:14:38.149289');
INSERT INTO tickets.user_permissions VALUES (1960, 39, 18, true, '2026-02-18 13:14:38.152712');
INSERT INTO tickets.user_permissions VALUES (1961, 39, 25, true, '2026-02-18 13:14:38.153164');
INSERT INTO tickets.user_permissions VALUES (1962, 39, 15, true, '2026-02-18 13:14:38.153509');
INSERT INTO tickets.user_permissions VALUES (1963, 39, 32, true, '2026-02-18 13:14:38.1539');
INSERT INTO tickets.user_permissions VALUES (1964, 39, 30, true, '2026-02-18 13:14:38.154908');
INSERT INTO tickets.user_permissions VALUES (1965, 39, 16, true, '2026-02-18 13:14:38.155505');
INSERT INTO tickets.user_permissions VALUES (1966, 39, 26, true, '2026-02-18 13:14:38.15602');
INSERT INTO tickets.user_permissions VALUES (1967, 39, 29, true, '2026-02-18 13:14:38.156523');
INSERT INTO tickets.user_permissions VALUES (1968, 39, 20, true, '2026-02-18 13:14:38.156853');
INSERT INTO tickets.user_permissions VALUES (1969, 39, 37, true, '2026-02-18 13:14:38.157131');
INSERT INTO tickets.user_permissions VALUES (1970, 39, 12, true, '2026-02-18 13:14:38.157435');
INSERT INTO tickets.user_permissions VALUES (1971, 39, 2, true, '2026-02-18 13:14:38.157682');
INSERT INTO tickets.user_permissions VALUES (1972, 39, 28, true, '2026-02-18 13:14:38.157935');
INSERT INTO tickets.user_permissions VALUES (1973, 39, 13, true, '2026-02-18 13:14:38.15824');
INSERT INTO tickets.user_permissions VALUES (1974, 39, 33, true, '2026-02-18 13:14:38.158568');
INSERT INTO tickets.user_permissions VALUES (1975, 39, 27, true, '2026-02-18 13:14:38.158867');
INSERT INTO tickets.user_permissions VALUES (1976, 39, 14, true, '2026-02-18 13:14:38.159134');
INSERT INTO tickets.user_permissions VALUES (1977, 39, 36, true, '2026-02-18 13:14:38.159425');
INSERT INTO tickets.user_permissions VALUES (1978, 39, 35, true, '2026-02-18 13:14:38.159669');
INSERT INTO tickets.user_permissions VALUES (1979, 39, 34, true, '2026-02-18 13:14:38.159916');
INSERT INTO tickets.user_permissions VALUES (1980, 39, 17, true, '2026-02-18 13:14:38.160175');
INSERT INTO tickets.user_permissions VALUES (1981, 39, 22, true, '2026-02-18 13:14:38.160483');
INSERT INTO tickets.user_permissions VALUES (1982, 39, 23, true, '2026-02-18 13:14:38.160789');
INSERT INTO tickets.user_permissions VALUES (1983, 39, 24, true, '2026-02-18 13:14:38.161236');
INSERT INTO tickets.user_permissions VALUES (1984, 39, 21, true, '2026-02-18 13:14:38.161586');
INSERT INTO tickets.user_permissions VALUES (1985, 39, 31, true, '2026-02-18 13:14:38.161879');
INSERT INTO tickets.user_permissions VALUES (1986, 39, 6, true, '2026-02-18 13:14:38.162235');
INSERT INTO tickets.user_permissions VALUES (1987, 39, 10, true, '2026-02-18 13:14:38.162708');
INSERT INTO tickets.user_permissions VALUES (1988, 39, 8, true, '2026-02-18 13:14:38.163183');
INSERT INTO tickets.user_permissions VALUES (1989, 39, 9, true, '2026-02-18 13:14:38.163463');
INSERT INTO tickets.user_permissions VALUES (1990, 39, 7, true, '2026-02-18 13:14:38.163754');
INSERT INTO tickets.user_permissions VALUES (1991, 39, 5, true, '2026-02-18 13:14:38.164036');
INSERT INTO tickets.user_permissions VALUES (1992, 39, 19, true, '2026-02-18 13:14:38.164347');
INSERT INTO tickets.user_permissions VALUES (1913, 3, 11, true, '2026-02-18 09:25:55.720516');
INSERT INTO tickets.user_permissions VALUES (1914, 3, 18, true, '2026-02-18 09:25:55.721686');
INSERT INTO tickets.user_permissions VALUES (1915, 3, 15, true, '2026-02-18 09:25:55.722229');
INSERT INTO tickets.user_permissions VALUES (1916, 3, 16, true, '2026-02-18 09:25:55.722766');
INSERT INTO tickets.user_permissions VALUES (1917, 3, 26, true, '2026-02-18 09:25:55.723317');
INSERT INTO tickets.user_permissions VALUES (1918, 3, 29, true, '2026-02-18 09:25:55.723814');
INSERT INTO tickets.user_permissions VALUES (1919, 3, 20, true, '2026-02-18 09:25:55.724457');
INSERT INTO tickets.user_permissions VALUES (1920, 3, 37, true, '2026-02-18 09:25:55.725123');
INSERT INTO tickets.user_permissions VALUES (1921, 3, 12, true, '2026-02-18 09:25:55.725676');
INSERT INTO tickets.user_permissions VALUES (1922, 3, 28, true, '2026-02-18 09:25:55.7262');
INSERT INTO tickets.user_permissions VALUES (1923, 3, 13, true, '2026-02-18 09:25:55.726686');
INSERT INTO tickets.user_permissions VALUES (1924, 3, 14, true, '2026-02-18 09:25:55.72713');
INSERT INTO tickets.user_permissions VALUES (1925, 3, 36, true, '2026-02-18 09:25:55.727537');
INSERT INTO tickets.user_permissions VALUES (1926, 3, 35, true, '2026-02-18 09:25:55.727909');
INSERT INTO tickets.user_permissions VALUES (1927, 3, 17, true, '2026-02-18 09:25:55.728306');
INSERT INTO tickets.user_permissions VALUES (1928, 3, 21, true, '2026-02-18 09:25:55.728715');
INSERT INTO tickets.user_permissions VALUES (1929, 3, 6, true, '2026-02-18 09:25:55.729025');
INSERT INTO tickets.user_permissions VALUES (1930, 3, 10, true, '2026-02-18 09:25:55.729345');
INSERT INTO tickets.user_permissions VALUES (1931, 3, 8, true, '2026-02-18 09:25:55.729781');
INSERT INTO tickets.user_permissions VALUES (1932, 3, 9, true, '2026-02-18 09:25:55.73017');
INSERT INTO tickets.user_permissions VALUES (1933, 3, 7, true, '2026-02-18 09:25:55.730514');
INSERT INTO tickets.user_permissions VALUES (1934, 3, 5, true, '2026-02-18 09:25:55.730893');
INSERT INTO tickets.user_permissions VALUES (1935, 3, 19, true, '2026-02-18 09:25:55.731214');
INSERT INTO tickets.user_permissions VALUES (1993, 11, 11, true, '2026-02-18 13:15:50.784145');
INSERT INTO tickets.user_permissions VALUES (1994, 11, 18, true, '2026-02-18 13:15:50.785849');
INSERT INTO tickets.user_permissions VALUES (1995, 11, 25, true, '2026-02-18 13:15:50.786553');
INSERT INTO tickets.user_permissions VALUES (1996, 11, 15, true, '2026-02-18 13:15:50.787217');
INSERT INTO tickets.user_permissions VALUES (1997, 11, 32, true, '2026-02-18 13:15:50.78775');
INSERT INTO tickets.user_permissions VALUES (1998, 11, 30, true, '2026-02-18 13:15:50.78848');
INSERT INTO tickets.user_permissions VALUES (1999, 11, 16, true, '2026-02-18 13:15:50.790102');
INSERT INTO tickets.user_permissions VALUES (2000, 11, 26, true, '2026-02-18 13:15:50.790981');
INSERT INTO tickets.user_permissions VALUES (2001, 11, 29, true, '2026-02-18 13:15:50.79163');
INSERT INTO tickets.user_permissions VALUES (2002, 11, 20, true, '2026-02-18 13:15:50.792147');
INSERT INTO tickets.user_permissions VALUES (2003, 11, 37, true, '2026-02-18 13:15:50.792745');
INSERT INTO tickets.user_permissions VALUES (2004, 11, 12, true, '2026-02-18 13:15:50.793218');
INSERT INTO tickets.user_permissions VALUES (2005, 11, 2, true, '2026-02-18 13:15:50.793677');
INSERT INTO tickets.user_permissions VALUES (2006, 11, 28, true, '2026-02-18 13:15:50.794179');
INSERT INTO tickets.user_permissions VALUES (2007, 11, 13, true, '2026-02-18 13:15:50.794933');
INSERT INTO tickets.user_permissions VALUES (2008, 11, 33, true, '2026-02-18 13:15:50.796083');
INSERT INTO tickets.user_permissions VALUES (2009, 11, 27, true, '2026-02-18 13:15:50.797038');
INSERT INTO tickets.user_permissions VALUES (2010, 11, 14, true, '2026-02-18 13:15:50.797624');
INSERT INTO tickets.user_permissions VALUES (2011, 11, 36, true, '2026-02-18 13:15:50.798084');
INSERT INTO tickets.user_permissions VALUES (2012, 11, 35, true, '2026-02-18 13:15:50.798583');
INSERT INTO tickets.user_permissions VALUES (2013, 11, 34, true, '2026-02-18 13:15:50.799085');
INSERT INTO tickets.user_permissions VALUES (2014, 11, 17, true, '2026-02-18 13:15:50.799894');
INSERT INTO tickets.user_permissions VALUES (2015, 11, 22, true, '2026-02-18 13:15:50.800367');
INSERT INTO tickets.user_permissions VALUES (2016, 11, 23, true, '2026-02-18 13:15:50.800877');
INSERT INTO tickets.user_permissions VALUES (2017, 11, 24, true, '2026-02-18 13:15:50.801407');
INSERT INTO tickets.user_permissions VALUES (2018, 11, 21, true, '2026-02-18 13:15:50.801882');
INSERT INTO tickets.user_permissions VALUES (2019, 11, 31, true, '2026-02-18 13:15:50.802457');
INSERT INTO tickets.user_permissions VALUES (2020, 11, 6, true, '2026-02-18 13:15:50.803974');
INSERT INTO tickets.user_permissions VALUES (2021, 11, 10, true, '2026-02-18 13:15:50.804726');
INSERT INTO tickets.user_permissions VALUES (2022, 11, 8, true, '2026-02-18 13:15:50.805611');
INSERT INTO tickets.user_permissions VALUES (2023, 11, 9, true, '2026-02-18 13:15:50.806446');
INSERT INTO tickets.user_permissions VALUES (2024, 11, 7, true, '2026-02-18 13:15:50.807005');
INSERT INTO tickets.user_permissions VALUES (2025, 11, 5, true, '2026-02-18 13:15:50.807525');
INSERT INTO tickets.user_permissions VALUES (2026, 11, 19, true, '2026-02-18 13:15:50.808092');
INSERT INTO tickets.user_permissions VALUES (2027, 24, 11, true, '2026-02-18 13:17:44.717093');
INSERT INTO tickets.user_permissions VALUES (1467, 1, 11, true, '2026-02-18 07:01:50.08422');
INSERT INTO tickets.user_permissions VALUES (1468, 1, 18, true, '2026-02-18 07:01:50.085093');
INSERT INTO tickets.user_permissions VALUES (1469, 1, 25, true, '2026-02-18 07:01:50.085541');
INSERT INTO tickets.user_permissions VALUES (1470, 1, 15, true, '2026-02-18 07:01:50.085918');
INSERT INTO tickets.user_permissions VALUES (1471, 1, 32, true, '2026-02-18 07:01:50.086293');
INSERT INTO tickets.user_permissions VALUES (1472, 1, 30, true, '2026-02-18 07:01:50.086667');
INSERT INTO tickets.user_permissions VALUES (1473, 1, 16, true, '2026-02-18 07:01:50.087244');
INSERT INTO tickets.user_permissions VALUES (1474, 1, 26, true, '2026-02-18 07:01:50.087669');
INSERT INTO tickets.user_permissions VALUES (1475, 1, 29, true, '2026-02-18 07:01:50.087993');
INSERT INTO tickets.user_permissions VALUES (1476, 1, 20, true, '2026-02-18 07:01:50.088238');
INSERT INTO tickets.user_permissions VALUES (1477, 1, 37, true, '2026-02-18 07:01:50.088469');
INSERT INTO tickets.user_permissions VALUES (1478, 1, 12, true, '2026-02-18 07:01:50.088729');
INSERT INTO tickets.user_permissions VALUES (2029, 24, 18, true, '2026-02-18 13:18:46.249442');
INSERT INTO tickets.user_permissions VALUES (2030, 24, 15, true, '2026-02-18 13:18:46.250656');
INSERT INTO tickets.user_permissions VALUES (2031, 24, 16, true, '2026-02-18 13:18:46.251253');
INSERT INTO tickets.user_permissions VALUES (2032, 24, 29, true, '2026-02-18 13:18:46.251728');
INSERT INTO tickets.user_permissions VALUES (2033, 24, 20, true, '2026-02-18 13:18:46.252297');
INSERT INTO tickets.user_permissions VALUES (2034, 24, 37, true, '2026-02-18 13:18:46.252934');
INSERT INTO tickets.user_permissions VALUES (2035, 24, 12, true, '2026-02-18 13:18:46.253514');
INSERT INTO tickets.user_permissions VALUES (2036, 24, 28, true, '2026-02-18 13:18:46.253941');
INSERT INTO tickets.user_permissions VALUES (2037, 24, 14, true, '2026-02-18 13:18:46.254545');
INSERT INTO tickets.user_permissions VALUES (2038, 24, 36, true, '2026-02-18 13:18:46.255049');
INSERT INTO tickets.user_permissions VALUES (2039, 24, 35, true, '2026-02-18 13:18:46.25549');
INSERT INTO tickets.user_permissions VALUES (2040, 24, 17, true, '2026-02-18 13:18:46.256109');
INSERT INTO tickets.user_permissions VALUES (2041, 24, 21, true, '2026-02-18 13:18:46.256727');
INSERT INTO tickets.user_permissions VALUES (2042, 24, 6, true, '2026-02-18 13:18:46.257149');
INSERT INTO tickets.user_permissions VALUES (2043, 24, 10, true, '2026-02-18 13:18:46.257513');
INSERT INTO tickets.user_permissions VALUES (2044, 24, 8, true, '2026-02-18 13:18:46.257892');
INSERT INTO tickets.user_permissions VALUES (2045, 24, 9, true, '2026-02-18 13:18:46.258312');
INSERT INTO tickets.user_permissions VALUES (2046, 24, 7, true, '2026-02-18 13:18:46.258698');
INSERT INTO tickets.user_permissions VALUES (2047, 24, 5, true, '2026-02-18 13:18:46.259126');
INSERT INTO tickets.user_permissions VALUES (2048, 24, 19, true, '2026-02-18 13:18:46.259446');
INSERT INTO tickets.user_permissions VALUES (1479, 1, 2, true, '2026-02-18 07:01:50.089002');
INSERT INTO tickets.user_permissions VALUES (1480, 1, 28, true, '2026-02-18 07:01:50.089427');
INSERT INTO tickets.user_permissions VALUES (1481, 1, 13, true, '2026-02-18 07:01:50.089681');
INSERT INTO tickets.user_permissions VALUES (1482, 1, 33, true, '2026-02-18 07:01:50.089913');
INSERT INTO tickets.user_permissions VALUES (1483, 1, 27, true, '2026-02-18 07:01:50.090171');
INSERT INTO tickets.user_permissions VALUES (1484, 1, 14, true, '2026-02-18 07:01:50.090458');
INSERT INTO tickets.user_permissions VALUES (1485, 1, 36, true, '2026-02-18 07:01:50.090728');
INSERT INTO tickets.user_permissions VALUES (1486, 1, 35, true, '2026-02-18 07:01:50.091071');
INSERT INTO tickets.user_permissions VALUES (1487, 1, 34, true, '2026-02-18 07:01:50.091373');
INSERT INTO tickets.user_permissions VALUES (1488, 1, 17, true, '2026-02-18 07:01:50.091738');
INSERT INTO tickets.user_permissions VALUES (1489, 1, 22, true, '2026-02-18 07:01:50.092159');
INSERT INTO tickets.user_permissions VALUES (1490, 1, 23, true, '2026-02-18 07:01:50.092983');
INSERT INTO tickets.user_permissions VALUES (1491, 1, 24, true, '2026-02-18 07:01:50.093655');
INSERT INTO tickets.user_permissions VALUES (1492, 1, 21, true, '2026-02-18 07:01:50.094466');
INSERT INTO tickets.user_permissions VALUES (1493, 1, 31, true, '2026-02-18 07:01:50.095212');
INSERT INTO tickets.user_permissions VALUES (1494, 1, 6, true, '2026-02-18 07:01:50.095627');
INSERT INTO tickets.user_permissions VALUES (1495, 1, 10, true, '2026-02-18 07:01:50.096023');
INSERT INTO tickets.user_permissions VALUES (1496, 1, 8, true, '2026-02-18 07:01:50.096413');
INSERT INTO tickets.user_permissions VALUES (1497, 1, 9, true, '2026-02-18 07:01:50.096935');
INSERT INTO tickets.user_permissions VALUES (1498, 1, 7, true, '2026-02-18 07:01:50.097258');
INSERT INTO tickets.user_permissions VALUES (1499, 1, 5, true, '2026-02-18 07:01:50.097558');
INSERT INTO tickets.user_permissions VALUES (1500, 1, 19, true, '2026-02-18 07:01:50.097861');


--
-- TOC entry 5728 (class 0 OID 18943)
-- Dependencies: 377
-- Data for Name: users; Type: TABLE DATA; Schema: tickets; Owner: postgres
--

INSERT INTO tickets.users VALUES (2, 2001, 'manager01', 'IT Manager', 'manager@company.com', true, '2026-01-13 10:45:07.828071', NULL, '$2a$06$8SJHznosTeDMscfoFAGr0O.tdoeYkmuFR0e7aE7QC9owTfqHQEf8S', 2, NULL);
INSERT INTO tickets.users VALUES (18, 6201, 'user04', 'User Four', 'user04@company.com', true, '2026-01-26 09:14:54.895176', '2026-02-02 08:20:27.922302', '$2a$06$oKFevqyWk2BCsoWk2V2xw.PecQaPQKW4pq2M/8N58nl1GqcPna0FO', 3, NULL);
INSERT INTO tickets.users VALUES (1, 1001, 'admin01', 'System Admin', 'admin@company.com', true, '2026-01-13 10:45:07.828071', '2026-02-04 08:23:04.95575', '$2a$06$M30dgqkwL5qTCRV.oyEVQ.3r6JOwa9puTQknH5X0w9voPrynHgiT2', 1, NULL);
INSERT INTO tickets.users VALUES (3, 3101, 'user01', 'Somchai Jaidee', 'somchai@company.com', true, '2026-01-13 10:45:07.828071', NULL, '$2a$06$fKedjEvSbXU827njGP4/7eQQnvCjRogttqs77Hu0CPwN2EfNKiZ1i', 3, NULL);
INSERT INTO tickets.users VALUES (4, 3205, 'user02', 'Somsri Deeja', 'somsri@company.com', true, '2026-01-13 10:45:07.828071', NULL, '$2a$06$rDJaFw3z.AGlN8algPs.f.pZYRtQ0pZD1aqj52ldmyREmZNn1ETJu', 3, NULL);
INSERT INTO tickets.users VALUES (9, 1, 'ranchida', 'Manager Ranchida', 'ranchida@example.com', true, '2026-01-16 15:01:51.697163', NULL, '$2a$06$8J6BYZhrbSXuZI0XJ94a3uMfJGyPdBd/57XnrreRBPilKGi0A2FES', 2, NULL);
INSERT INTO tickets.users VALUES (15, 6102, 'manager04', 'Manager Four', 'manager04@company.com', true, '2026-01-26 09:12:26.975399', NULL, '$2a$06$P8rUvi09QtmB.m9Ah.41W.LSs.to9VugfhYzgD5tTk1fR6lD/h6aC', 2, NULL);
INSERT INTO tickets.users VALUES (16, 6103, 'manager05', 'Manager Five', 'manager05@company.com', true, '2026-01-26 09:12:26.975399', NULL, '$2a$06$xaFfRWIJCAhZh.hNe0jBmeVUFEK9SqbEvEXCBPy0/pA3EF5omd0PS', 2, NULL);
INSERT INTO tickets.users VALUES (17, 6104, 'manager06', 'Manager Six', 'manager06@company.com', true, '2026-01-26 09:12:26.975399', NULL, '$2a$06$.MU7qhcE0HqwW.CWDTL.yu0rZwTd/C6NAQRM.uHHYKhNmJnMHi52y', 2, NULL);
INSERT INTO tickets.users VALUES (19, 6202, 'user05', 'User Five', 'user05@company.com', true, '2026-01-26 09:14:54.895176', NULL, '$2a$06$8SJHznosTeDMscfoFAGr0O.tdoeYkmuFR0e7aE7QC9owTfqHQEf8S', 3, NULL);
INSERT INTO tickets.users VALUES (20, 6203, 'user06', 'User Six', 'user06@company.com', true, '2026-01-26 09:14:54.895176', NULL, '$2a$06$8A6YW6JEsW.Tfdet7.Rk0u9GMeF7dZTTdzqrhCnku1sO./45GynQS', 3, NULL);
INSERT INTO tickets.users VALUES (21, 6204, 'user07', 'User Seven', 'user07@company.com', true, '2026-01-26 09:14:54.895176', NULL, '$2a$06$r2Gw4R.MP2lpAOgvZQQuKeMuLApZck0CM1PUkMuKnmpH/nheWJKci', 3, NULL);
INSERT INTO tickets.users VALUES (22, 6205, 'user08', 'User Eight', 'user08@company.com', true, '2026-01-26 09:14:54.895176', NULL, '$2a$06$VvFSECHUZXMQcyHJvPgxweio/40bNKaTYFijEne2reXxOr5XM8pcO', 3, NULL);
INSERT INTO tickets.users VALUES (11, 6001, 'itadmin03', 'IT Admin 3', 'itadmin03@company.com', true, '2026-01-26 09:09:55.218808', NULL, '$2a$06$f7RfHUdehFUP8z/R/XMzbOcLm3dMnsBimt9veK24/i.HDZ.W121Qe', 1, NULL);
INSERT INTO tickets.users VALUES (12, 6002, 'itadmin04', 'IT Admin 4', 'itadmin04@company.com', true, '2026-01-26 09:09:55.218808', NULL, '$2a$06$95Yjn9guTcTvplmGQKOLAuPqHx0/eWdP455h4S78TZLAN8jrk5pV2', 1, NULL);
INSERT INTO tickets.users VALUES (13, 6003, 'itadmin05', 'IT Admin 5', 'itadmin05@company.com', true, '2026-01-26 09:09:55.218808', NULL, '$2a$06$Gdg/Y/VG4yWDbC2G8NfZ6ehaJZK3EJzTc2dD7oVETjTrv0J2wlDmu', 1, NULL);
INSERT INTO tickets.users VALUES (10, 2, 'super', 'Manager Super', 'Super@example.com', true, '2026-01-16 16:45:51.184264', '2026-02-12 04:11:42.747001', '$2a$06$yxrhI8IP9uKhmSBT3axn7urG9DY0e8b.zHkWVg131Z670OJhd3QXe', NULL, NULL);
INSERT INTO tickets.users VALUES (14, 6101, 'manager03', 'Manager Three', 'manager03@company.com', false, '2026-01-26 09:12:26.975399', '2026-02-13 10:18:07.898738', '$2a$06$ZoQHXbts6FiHElFzqq7ek.LOp.g4H/99HJt9qtNGYpAw9Yn6nXnpO', NULL, NULL);
INSERT INTO tickets.users VALUES (23, 6206, 'user09', 'User Nine', 'user09@company.com', true, '2026-01-26 09:14:54.895176', NULL, '$2a$06$ScF.OYzaA4a.bYm5YyMxHunwwvEVCCEQGF/nGj13TMivphDiPjV5O', 3, NULL);
INSERT INTO tickets.users VALUES (24, 6207, 'user10', 'User Ten', 'user10@company.com', true, '2026-01-26 09:14:54.895176', NULL, '$2a$06$lEY4PfEoEAqul.yGDgrTQ.0Z9mwfFyHJMdtxYKoT6.pyUhHP2EJKO', 3, NULL);
INSERT INTO tickets.users VALUES (25, 6208, 'user11', 'User Eleven', 'user11@company.com', true, '2026-01-26 09:14:54.895176', NULL, '$2a$06$jqkFb7HJm6GCyK.3ku3rmeR54sfsL5EuFZdh0EZRg0d4fXoGzH2f2', 3, NULL);
INSERT INTO tickets.users VALUES (26, 6209, 'user12', 'User Twelve', 'user12@company.com', true, '2026-01-26 09:14:54.895176', NULL, '$2a$06$HMv/oU5XXMbix8OY47DCF.qBEacAEBZl7Lrh6KGjXo9S2jWWR21Hi', 3, NULL);
INSERT INTO tickets.users VALUES (27, 6210, 'user13', 'User Thirteen', 'user13@company.com', true, '2026-01-26 09:14:54.895176', NULL, '$2a$06$gDwN86xXPP2xHnkJA3Idku.Ji9wEDSkswevnfxS9pd0KAmrtGwz3S', 3, NULL);
INSERT INTO tickets.users VALUES (29, 6211, 'ceo', 'CEO J', 'CEO@company.com', true, '2026-01-26 10:32:50.549901', NULL, '$2a$06$1aI8KXYvbsNEN6IrvscCjeXy9VtL5IVjXvBLmUuLhn0pmmkT/Boha', 2, NULL);
INSERT INTO tickets.users VALUES (30, 6212, 'cfo', 'CFO P', 'CFO@company.com', true, '2026-01-26 10:32:50.549901', NULL, '$2a$06$PQECCwbynmw.5lfEoZmTpe7U04Q0bWrORGCo417VNokXOznF0YkhS', 2, NULL);
INSERT INTO tickets.users VALUES (39, 527, 'adminsp', 'test_01 admin [test_admin_it]', NULL, true, '2026-02-03 09:36:36.58597', NULL, NULL, 1, NULL);
INSERT INTO tickets.users VALUES (40, 486, 'chompoonut.san', 'ชมพูนุท แสงปรีชา [0713]', NULL, true, '2026-02-06 09:20:05.366842', NULL, NULL, 3, 18);
INSERT INTO tickets.users VALUES (41, 490, 'waralak.sao', 'วราลักษณ์ เสานาค [0717]', NULL, true, '2026-02-06 10:08:45.960738', NULL, NULL, 3, 18);
INSERT INTO tickets.users VALUES (42, 485, 'palinda.chu', 'ปลินดา ฉ่ำเฉื่อย [0712]', NULL, true, '2026-02-16 03:12:15.694608', NULL, NULL, 3, 18);
INSERT INTO tickets.users VALUES (43, 482, 'chotika.cha', 'โชติกา จริยาจินดาเสถียร [0709]', NULL, true, '2026-02-16 03:12:48.160412', NULL, NULL, 3, 14);
INSERT INTO tickets.users VALUES (44, 684, 'adminsp2', 'test_02 admin [test_admin_it]', NULL, true, '2026-02-16 04:30:49.145518', NULL, NULL, 1, 12);
INSERT INTO tickets.users VALUES (45, 685, 'technicalsp', 'test_03 admin [test_admin_it]', NULL, true, '2026-02-16 04:54:21.468937', NULL, NULL, 3, 18);
INSERT INTO tickets.users VALUES (46, 686, 'technicalsp2', 'test_04 admin [test_admin_it]', NULL, true, '2026-02-16 04:54:32.304462', NULL, NULL, 3, 18);
INSERT INTO tickets.users VALUES (47, 687, 'ceosp', 'test_05 admin [test_admin_it]', NULL, true, '2026-02-16 04:54:44.147045', NULL, NULL, 2, 14);
INSERT INTO tickets.users VALUES (48, 688, 'ceosp2', 'test_06 admin [test_admin_it]', NULL, true, '2026-02-16 04:54:50.86856', NULL, NULL, 3, 14);
INSERT INTO tickets.users VALUES (49, 689, 'salesp', 'test_07 admin [test_admin_it]', NULL, true, '2026-02-16 04:55:06.975237', NULL, NULL, 3, 5);
INSERT INTO tickets.users VALUES (50, 690, 'salesp2', 'test_08 admin [test_admin_it]', NULL, true, '2026-02-16 04:55:35.857014', NULL, NULL, 3, 5);
INSERT INTO tickets.users VALUES (51, 691, 'whsp', 'test_09 admin [test_admin_it]', NULL, true, '2026-02-16 04:55:47.229836', NULL, NULL, 3, 24);
INSERT INTO tickets.users VALUES (52, 692, 'whsp2', 'test_10 admin [test_admin_it]', NULL, true, '2026-02-16 04:56:00.561136', NULL, NULL, 3, 24);
INSERT INTO tickets.users VALUES (53, 693, 'accsp', 'test_11 admin [test_admin_it]', NULL, true, '2026-02-16 04:56:11.026454', NULL, NULL, 3, 9);
INSERT INTO tickets.users VALUES (54, 694, 'accsp2', 'test_12 admin [test_admin_it]', NULL, true, '2026-02-16 04:56:19.483087', NULL, NULL, 3, 9);


--
-- TOC entry 5790 (class 0 OID 0)
-- Dependencies: 390
-- Name: approve_line_id_seq; Type: SEQUENCE SET; Schema: tickets; Owner: postgres
--

SELECT pg_catalog.setval('tickets.approve_line_id_seq', 118, true);


--
-- TOC entry 5791 (class 0 OID 0)
-- Dependencies: 363
-- Name: auth_group_id_seq; Type: SEQUENCE SET; Schema: tickets; Owner: postgres
--

SELECT pg_catalog.setval('tickets.auth_group_id_seq', 1, false);


--
-- TOC entry 5792 (class 0 OID 0)
-- Dependencies: 365
-- Name: auth_group_permissions_id_seq; Type: SEQUENCE SET; Schema: tickets; Owner: postgres
--

SELECT pg_catalog.setval('tickets.auth_group_permissions_id_seq', 1, false);


--
-- TOC entry 5793 (class 0 OID 0)
-- Dependencies: 361
-- Name: auth_permission_id_seq; Type: SEQUENCE SET; Schema: tickets; Owner: postgres
--

SELECT pg_catalog.setval('tickets.auth_permission_id_seq', 24, true);


--
-- TOC entry 5794 (class 0 OID 0)
-- Dependencies: 369
-- Name: auth_user_groups_id_seq; Type: SEQUENCE SET; Schema: tickets; Owner: postgres
--

SELECT pg_catalog.setval('tickets.auth_user_groups_id_seq', 1, false);


--
-- TOC entry 5795 (class 0 OID 0)
-- Dependencies: 367
-- Name: auth_user_id_seq; Type: SEQUENCE SET; Schema: tickets; Owner: postgres
--

SELECT pg_catalog.setval('tickets.auth_user_id_seq', 1, false);


--
-- TOC entry 5796 (class 0 OID 0)
-- Dependencies: 371
-- Name: auth_user_user_permissions_id_seq; Type: SEQUENCE SET; Schema: tickets; Owner: postgres
--

SELECT pg_catalog.setval('tickets.auth_user_user_permissions_id_seq', 1, false);


--
-- TOC entry 5797 (class 0 OID 0)
-- Dependencies: 404
-- Name: borrow_requests_id_seq; Type: SEQUENCE SET; Schema: tickets; Owner: postgres
--

SELECT pg_catalog.setval('tickets.borrow_requests_id_seq', 9, true);


--
-- TOC entry 5798 (class 0 OID 0)
-- Dependencies: 333
-- Name: category_id_seq; Type: SEQUENCE SET; Schema: tickets; Owner: postgres
--

SELECT pg_catalog.setval('tickets.category_id_seq', 3, true);


--
-- TOC entry 5799 (class 0 OID 0)
-- Dependencies: 331
-- Name: department_id_seq; Type: SEQUENCE SET; Schema: tickets; Owner: postgres
--

SELECT pg_catalog.setval('tickets.department_id_seq', 10, true);


--
-- TOC entry 5800 (class 0 OID 0)
-- Dependencies: 373
-- Name: django_admin_log_id_seq; Type: SEQUENCE SET; Schema: tickets; Owner: postgres
--

SELECT pg_catalog.setval('tickets.django_admin_log_id_seq', 1, false);


--
-- TOC entry 5801 (class 0 OID 0)
-- Dependencies: 359
-- Name: django_content_type_id_seq; Type: SEQUENCE SET; Schema: tickets; Owner: postgres
--

SELECT pg_catalog.setval('tickets.django_content_type_id_seq', 6, true);


--
-- TOC entry 5802 (class 0 OID 0)
-- Dependencies: 357
-- Name: django_migrations_id_seq; Type: SEQUENCE SET; Schema: tickets; Owner: postgres
--

SELECT pg_catalog.setval('tickets.django_migrations_id_seq', 18, true);


--
-- TOC entry 5803 (class 0 OID 0)
-- Dependencies: 353
-- Name: file_document_id_seq; Type: SEQUENCE SET; Schema: tickets; Owner: postgres
--

SELECT pg_catalog.setval('tickets.file_document_id_seq', 1, false);


--
-- TOC entry 5804 (class 0 OID 0)
-- Dependencies: 402
-- Name: it_category_id_seq; Type: SEQUENCE SET; Schema: tickets; Owner: postgres
--

SELECT pg_catalog.setval('tickets.it_category_id_seq', 5, true);


--
-- TOC entry 5805 (class 0 OID 0)
-- Dependencies: 347
-- Name: log_id_seq; Type: SEQUENCE SET; Schema: tickets; Owner: postgres
--

SELECT pg_catalog.setval('tickets.log_id_seq', 1, false);


--
-- TOC entry 5806 (class 0 OID 0)
-- Dependencies: 392
-- Name: module_permission_id_seq; Type: SEQUENCE SET; Schema: tickets; Owner: postgres
--

SELECT pg_catalog.setval('tickets.module_permission_id_seq', 1, false);


--
-- TOC entry 5807 (class 0 OID 0)
-- Dependencies: 345
-- Name: notification_id_seq; Type: SEQUENCE SET; Schema: tickets; Owner: postgres
--

SELECT pg_catalog.setval('tickets.notification_id_seq', 1, false);


--
-- TOC entry 5808 (class 0 OID 0)
-- Dependencies: 394
-- Name: page_permission_id_seq; Type: SEQUENCE SET; Schema: tickets; Owner: postgres
--

SELECT pg_catalog.setval('tickets.page_permission_id_seq', 34, true);


--
-- TOC entry 5809 (class 0 OID 0)
-- Dependencies: 396
-- Name: permissions_id_seq; Type: SEQUENCE SET; Schema: tickets; Owner: postgres
--

SELECT pg_catalog.setval('tickets.permissions_id_seq', 38, true);


--
-- TOC entry 5810 (class 0 OID 0)
-- Dependencies: 400
-- Name: request_type_id_seq; Type: SEQUENCE SET; Schema: tickets; Owner: postgres
--

SELECT pg_catalog.setval('tickets.request_type_id_seq', 2, true);


--
-- TOC entry 5811 (class 0 OID 0)
-- Dependencies: 382
-- Name: roles_id_seq; Type: SEQUENCE SET; Schema: tickets; Owner: postgres
--

SELECT pg_catalog.setval('tickets.roles_id_seq', 3, true);


--
-- TOC entry 5812 (class 0 OID 0)
-- Dependencies: 378
-- Name: status_id_seq; Type: SEQUENCE SET; Schema: tickets; Owner: postgres
--

SELECT pg_catalog.setval('tickets.status_id_seq', 7, true);


--
-- TOC entry 5813 (class 0 OID 0)
-- Dependencies: 384
-- Name: team_id_seq; Type: SEQUENCE SET; Schema: tickets; Owner: postgres
--

SELECT pg_catalog.setval('tickets.team_id_seq', 25, true);


--
-- TOC entry 5814 (class 0 OID 0)
-- Dependencies: 386
-- Name: team_members_id_seq; Type: SEQUENCE SET; Schema: tickets; Owner: postgres
--

SELECT pg_catalog.setval('tickets.team_members_id_seq', 39, true);


--
-- TOC entry 5815 (class 0 OID 0)
-- Dependencies: 388
-- Name: ticket_approval_status_id_seq; Type: SEQUENCE SET; Schema: tickets; Owner: postgres
--

SELECT pg_catalog.setval('tickets.ticket_approval_status_id_seq', 126, true);


--
-- TOC entry 5816 (class 0 OID 0)
-- Dependencies: 341
-- Name: ticket_data_adjust_id_seq; Type: SEQUENCE SET; Schema: tickets; Owner: postgres
--

SELECT pg_catalog.setval('tickets.ticket_data_adjust_id_seq', 4, true);


--
-- TOC entry 5817 (class 0 OID 0)
-- Dependencies: 380
-- Name: ticket_data_building_repair_id_seq; Type: SEQUENCE SET; Schema: tickets; Owner: postgres
--

SELECT pg_catalog.setval('tickets.ticket_data_building_repair_id_seq', 13, true);


--
-- TOC entry 5818 (class 0 OID 0)
-- Dependencies: 339
-- Name: ticket_data_erp_app_id_seq; Type: SEQUENCE SET; Schema: tickets; Owner: postgres
--

SELECT pg_catalog.setval('tickets.ticket_data_erp_app_id_seq', 48, true);


--
-- TOC entry 5819 (class 0 OID 0)
-- Dependencies: 343
-- Name: ticket_data_vpn_id_seq; Type: SEQUENCE SET; Schema: tickets; Owner: postgres
--

SELECT pg_catalog.setval('tickets.ticket_data_vpn_id_seq', 16, true);


--
-- TOC entry 5820 (class 0 OID 0)
-- Dependencies: 355
-- Name: ticket_files_id_seq; Type: SEQUENCE SET; Schema: tickets; Owner: postgres
--

SELECT pg_catalog.setval('tickets.ticket_files_id_seq', 25, true);


--
-- TOC entry 5821 (class 0 OID 0)
-- Dependencies: 335
-- Name: ticket_type_id_seq; Type: SEQUENCE SET; Schema: tickets; Owner: postgres
--

SELECT pg_catalog.setval('tickets.ticket_type_id_seq', 4, true);


--
-- TOC entry 5822 (class 0 OID 0)
-- Dependencies: 351
-- Name: tickets_comments_id_seq; Type: SEQUENCE SET; Schema: tickets; Owner: postgres
--

SELECT pg_catalog.setval('tickets.tickets_comments_id_seq', 1, false);


--
-- TOC entry 5823 (class 0 OID 0)
-- Dependencies: 349
-- Name: tickets_history_id_seq; Type: SEQUENCE SET; Schema: tickets; Owner: postgres
--

SELECT pg_catalog.setval('tickets.tickets_history_id_seq', 1, false);


--
-- TOC entry 5824 (class 0 OID 0)
-- Dependencies: 337
-- Name: tickets_id_seq; Type: SEQUENCE SET; Schema: tickets; Owner: postgres
--

SELECT pg_catalog.setval('tickets.tickets_id_seq', 130, true);


--
-- TOC entry 5825 (class 0 OID 0)
-- Dependencies: 398
-- Name: user_permissions_id_seq; Type: SEQUENCE SET; Schema: tickets; Owner: postgres
--

SELECT pg_catalog.setval('tickets.user_permissions_id_seq', 2048, true);


--
-- TOC entry 5826 (class 0 OID 0)
-- Dependencies: 376
-- Name: users_id_seq; Type: SEQUENCE SET; Schema: tickets; Owner: postgres
--

SELECT pg_catalog.setval('tickets.users_id_seq', 54, true);


--
-- TOC entry 5460 (class 2606 OID 19254)
-- Name: approve_line approve_line_pkey; Type: CONSTRAINT; Schema: tickets; Owner: postgres
--

ALTER TABLE ONLY tickets.approve_line
    ADD CONSTRAINT approve_line_pkey PRIMARY KEY (id);


--
-- TOC entry 5403 (class 2606 OID 18924)
-- Name: auth_group auth_group_name_key; Type: CONSTRAINT; Schema: tickets; Owner: postgres
--

ALTER TABLE ONLY tickets.auth_group
    ADD CONSTRAINT auth_group_name_key UNIQUE (name);


--
-- TOC entry 5408 (class 2606 OID 18845)
-- Name: auth_group_permissions auth_group_permissions_group_id_permission_id_0cd325b0_uniq; Type: CONSTRAINT; Schema: tickets; Owner: postgres
--

ALTER TABLE ONLY tickets.auth_group_permissions
    ADD CONSTRAINT auth_group_permissions_group_id_permission_id_0cd325b0_uniq UNIQUE (group_id, permission_id);


--
-- TOC entry 5411 (class 2606 OID 18797)
-- Name: auth_group_permissions auth_group_permissions_pkey; Type: CONSTRAINT; Schema: tickets; Owner: postgres
--

ALTER TABLE ONLY tickets.auth_group_permissions
    ADD CONSTRAINT auth_group_permissions_pkey PRIMARY KEY (id);


--
-- TOC entry 5405 (class 2606 OID 18786)
-- Name: auth_group auth_group_pkey; Type: CONSTRAINT; Schema: tickets; Owner: postgres
--

ALTER TABLE ONLY tickets.auth_group
    ADD CONSTRAINT auth_group_pkey PRIMARY KEY (id);


--
-- TOC entry 5398 (class 2606 OID 18836)
-- Name: auth_permission auth_permission_content_type_id_codename_01ab375a_uniq; Type: CONSTRAINT; Schema: tickets; Owner: postgres
--

ALTER TABLE ONLY tickets.auth_permission
    ADD CONSTRAINT auth_permission_content_type_id_codename_01ab375a_uniq UNIQUE (content_type_id, codename);


--
-- TOC entry 5400 (class 2606 OID 18778)
-- Name: auth_permission auth_permission_pkey; Type: CONSTRAINT; Schema: tickets; Owner: postgres
--

ALTER TABLE ONLY tickets.auth_permission
    ADD CONSTRAINT auth_permission_pkey PRIMARY KEY (id);


--
-- TOC entry 5419 (class 2606 OID 18825)
-- Name: auth_user_groups auth_user_groups_pkey; Type: CONSTRAINT; Schema: tickets; Owner: postgres
--

ALTER TABLE ONLY tickets.auth_user_groups
    ADD CONSTRAINT auth_user_groups_pkey PRIMARY KEY (id);


--
-- TOC entry 5422 (class 2606 OID 18860)
-- Name: auth_user_groups auth_user_groups_user_id_group_id_94350c0c_uniq; Type: CONSTRAINT; Schema: tickets; Owner: postgres
--

ALTER TABLE ONLY tickets.auth_user_groups
    ADD CONSTRAINT auth_user_groups_user_id_group_id_94350c0c_uniq UNIQUE (user_id, group_id);


--
-- TOC entry 5413 (class 2606 OID 18814)
-- Name: auth_user auth_user_pkey; Type: CONSTRAINT; Schema: tickets; Owner: postgres
--

ALTER TABLE ONLY tickets.auth_user
    ADD CONSTRAINT auth_user_pkey PRIMARY KEY (id);


--
-- TOC entry 5425 (class 2606 OID 18834)
-- Name: auth_user_user_permissions auth_user_user_permissions_pkey; Type: CONSTRAINT; Schema: tickets; Owner: postgres
--

ALTER TABLE ONLY tickets.auth_user_user_permissions
    ADD CONSTRAINT auth_user_user_permissions_pkey PRIMARY KEY (id);


--
-- TOC entry 5428 (class 2606 OID 18874)
-- Name: auth_user_user_permissions auth_user_user_permissions_user_id_permission_id_14a6b632_uniq; Type: CONSTRAINT; Schema: tickets; Owner: postgres
--

ALTER TABLE ONLY tickets.auth_user_user_permissions
    ADD CONSTRAINT auth_user_user_permissions_user_id_permission_id_14a6b632_uniq UNIQUE (user_id, permission_id);


--
-- TOC entry 5416 (class 2606 OID 18917)
-- Name: auth_user auth_user_username_key; Type: CONSTRAINT; Schema: tickets; Owner: postgres
--

ALTER TABLE ONLY tickets.auth_user
    ADD CONSTRAINT auth_user_username_key UNIQUE (username);


--
-- TOC entry 5488 (class 2606 OID 19447)
-- Name: borrow_requests borrow_requests_pkey; Type: CONSTRAINT; Schema: tickets; Owner: postgres
--

ALTER TABLE ONLY tickets.borrow_requests
    ADD CONSTRAINT borrow_requests_pkey PRIMARY KEY (id);


--
-- TOC entry 5367 (class 2606 OID 18517)
-- Name: category category_pkey; Type: CONSTRAINT; Schema: tickets; Owner: postgres
--

ALTER TABLE ONLY tickets.category
    ADD CONSTRAINT category_pkey PRIMARY KEY (id);


--
-- TOC entry 5365 (class 2606 OID 18504)
-- Name: department department_pkey; Type: CONSTRAINT; Schema: tickets; Owner: postgres
--

ALTER TABLE ONLY tickets.department
    ADD CONSTRAINT department_pkey PRIMARY KEY (id);


--
-- TOC entry 5431 (class 2606 OID 18901)
-- Name: django_admin_log django_admin_log_pkey; Type: CONSTRAINT; Schema: tickets; Owner: postgres
--

ALTER TABLE ONLY tickets.django_admin_log
    ADD CONSTRAINT django_admin_log_pkey PRIMARY KEY (id);


--
-- TOC entry 5393 (class 2606 OID 18768)
-- Name: django_content_type django_content_type_app_label_model_76bd3d3b_uniq; Type: CONSTRAINT; Schema: tickets; Owner: postgres
--

ALTER TABLE ONLY tickets.django_content_type
    ADD CONSTRAINT django_content_type_app_label_model_76bd3d3b_uniq UNIQUE (app_label, model);


--
-- TOC entry 5395 (class 2606 OID 18766)
-- Name: django_content_type django_content_type_pkey; Type: CONSTRAINT; Schema: tickets; Owner: postgres
--

ALTER TABLE ONLY tickets.django_content_type
    ADD CONSTRAINT django_content_type_pkey PRIMARY KEY (id);


--
-- TOC entry 5391 (class 2606 OID 18756)
-- Name: django_migrations django_migrations_pkey; Type: CONSTRAINT; Schema: tickets; Owner: postgres
--

ALTER TABLE ONLY tickets.django_migrations
    ADD CONSTRAINT django_migrations_pkey PRIMARY KEY (id);


--
-- TOC entry 5435 (class 2606 OID 18937)
-- Name: django_session django_session_pkey; Type: CONSTRAINT; Schema: tickets; Owner: postgres
--

ALTER TABLE ONLY tickets.django_session
    ADD CONSTRAINT django_session_pkey PRIMARY KEY (session_key);


--
-- TOC entry 5387 (class 2606 OID 18716)
-- Name: file_document file_document_pkey; Type: CONSTRAINT; Schema: tickets; Owner: postgres
--

ALTER TABLE ONLY tickets.file_document
    ADD CONSTRAINT file_document_pkey PRIMARY KEY (id);


--
-- TOC entry 5486 (class 2606 OID 19420)
-- Name: it_category it_category_pkey; Type: CONSTRAINT; Schema: tickets; Owner: postgres
--

ALTER TABLE ONLY tickets.it_category
    ADD CONSTRAINT it_category_pkey PRIMARY KEY (id);


--
-- TOC entry 5381 (class 2606 OID 18657)
-- Name: log log_pkey; Type: CONSTRAINT; Schema: tickets; Owner: postgres
--

ALTER TABLE ONLY tickets.log
    ADD CONSTRAINT log_pkey PRIMARY KEY (id);


--
-- TOC entry 5466 (class 2606 OID 19322)
-- Name: module_permission module_permission_pkey; Type: CONSTRAINT; Schema: tickets; Owner: postgres
--

ALTER TABLE ONLY tickets.module_permission
    ADD CONSTRAINT module_permission_pkey PRIMARY KEY (id);


--
-- TOC entry 5379 (class 2606 OID 18613)
-- Name: notification notification_pkey; Type: CONSTRAINT; Schema: tickets; Owner: postgres
--

ALTER TABLE ONLY tickets.notification
    ADD CONSTRAINT notification_pkey PRIMARY KEY (id);


--
-- TOC entry 5470 (class 2606 OID 19351)
-- Name: page_permission page_permission_pkey; Type: CONSTRAINT; Schema: tickets; Owner: postgres
--

ALTER TABLE ONLY tickets.page_permission
    ADD CONSTRAINT page_permission_pkey PRIMARY KEY (id);


--
-- TOC entry 5474 (class 2606 OID 19373)
-- Name: permissions permissions_code_key; Type: CONSTRAINT; Schema: tickets; Owner: postgres
--

ALTER TABLE ONLY tickets.permissions
    ADD CONSTRAINT permissions_code_key UNIQUE (code);


--
-- TOC entry 5476 (class 2606 OID 19371)
-- Name: permissions permissions_pkey; Type: CONSTRAINT; Schema: tickets; Owner: postgres
--

ALTER TABLE ONLY tickets.permissions
    ADD CONSTRAINT permissions_pkey PRIMARY KEY (id);


--
-- TOC entry 5482 (class 2606 OID 19409)
-- Name: request_type request_type_code_key; Type: CONSTRAINT; Schema: tickets; Owner: postgres
--

ALTER TABLE ONLY tickets.request_type
    ADD CONSTRAINT request_type_code_key UNIQUE (code);


--
-- TOC entry 5484 (class 2606 OID 19407)
-- Name: request_type request_type_pkey; Type: CONSTRAINT; Schema: tickets; Owner: postgres
--

ALTER TABLE ONLY tickets.request_type
    ADD CONSTRAINT request_type_pkey PRIMARY KEY (id);


--
-- TOC entry 5448 (class 2606 OID 19081)
-- Name: roles roles_pkey; Type: CONSTRAINT; Schema: tickets; Owner: postgres
--

ALTER TABLE ONLY tickets.roles
    ADD CONSTRAINT roles_pkey PRIMARY KEY (id);


--
-- TOC entry 5450 (class 2606 OID 19083)
-- Name: roles roles_role_name_key; Type: CONSTRAINT; Schema: tickets; Owner: postgres
--

ALTER TABLE ONLY tickets.roles
    ADD CONSTRAINT roles_role_name_key UNIQUE (role_name);


--
-- TOC entry 5444 (class 2606 OID 19017)
-- Name: status status_pkey; Type: CONSTRAINT; Schema: tickets; Owner: postgres
--

ALTER TABLE ONLY tickets.status
    ADD CONSTRAINT status_pkey PRIMARY KEY (id);


--
-- TOC entry 5454 (class 2606 OID 19151)
-- Name: team_members team_members_pkey; Type: CONSTRAINT; Schema: tickets; Owner: postgres
--

ALTER TABLE ONLY tickets.team_members
    ADD CONSTRAINT team_members_pkey PRIMARY KEY (id);


--
-- TOC entry 5452 (class 2606 OID 19102)
-- Name: team team_pkey; Type: CONSTRAINT; Schema: tickets; Owner: postgres
--

ALTER TABLE ONLY tickets.team
    ADD CONSTRAINT team_pkey PRIMARY KEY (id);


--
-- TOC entry 5458 (class 2606 OID 19183)
-- Name: ticket_approval_status ticket_approval_status_pkey; Type: CONSTRAINT; Schema: tickets; Owner: postgres
--

ALTER TABLE ONLY tickets.ticket_approval_status
    ADD CONSTRAINT ticket_approval_status_pkey PRIMARY KEY (id);


--
-- TOC entry 5375 (class 2606 OID 18583)
-- Name: ticket_data_adjust ticket_data_adjust_pkey; Type: CONSTRAINT; Schema: tickets; Owner: postgres
--

ALTER TABLE ONLY tickets.ticket_data_adjust
    ADD CONSTRAINT ticket_data_adjust_pkey PRIMARY KEY (id);


--
-- TOC entry 5446 (class 2606 OID 19060)
-- Name: ticket_data_building_repair ticket_data_building_repair_pkey; Type: CONSTRAINT; Schema: tickets; Owner: postgres
--

ALTER TABLE ONLY tickets.ticket_data_building_repair
    ADD CONSTRAINT ticket_data_building_repair_pkey PRIMARY KEY (id);


--
-- TOC entry 5373 (class 2606 OID 18567)
-- Name: ticket_data_erp_app ticket_data_erp_app_pkey; Type: CONSTRAINT; Schema: tickets; Owner: postgres
--

ALTER TABLE ONLY tickets.ticket_data_erp_app
    ADD CONSTRAINT ticket_data_erp_app_pkey PRIMARY KEY (id);


--
-- TOC entry 5377 (class 2606 OID 18599)
-- Name: ticket_data_vpn ticket_data_vpn_pkey; Type: CONSTRAINT; Schema: tickets; Owner: postgres
--

ALTER TABLE ONLY tickets.ticket_data_vpn
    ADD CONSTRAINT ticket_data_vpn_pkey PRIMARY KEY (id);


--
-- TOC entry 5389 (class 2606 OID 18733)
-- Name: ticket_files ticket_files_pkey; Type: CONSTRAINT; Schema: tickets; Owner: postgres
--

ALTER TABLE ONLY tickets.ticket_files
    ADD CONSTRAINT ticket_files_pkey PRIMARY KEY (id);


--
-- TOC entry 5369 (class 2606 OID 18525)
-- Name: ticket_type ticket_type_pkey; Type: CONSTRAINT; Schema: tickets; Owner: postgres
--

ALTER TABLE ONLY tickets.ticket_type
    ADD CONSTRAINT ticket_type_pkey PRIMARY KEY (id);


--
-- TOC entry 5385 (class 2606 OID 18695)
-- Name: tickets_comments tickets_comments_pkey; Type: CONSTRAINT; Schema: tickets; Owner: postgres
--

ALTER TABLE ONLY tickets.tickets_comments
    ADD CONSTRAINT tickets_comments_pkey PRIMARY KEY (id);


--
-- TOC entry 5383 (class 2606 OID 18673)
-- Name: tickets_history tickets_history_pkey; Type: CONSTRAINT; Schema: tickets; Owner: postgres
--

ALTER TABLE ONLY tickets.tickets_history
    ADD CONSTRAINT tickets_history_pkey PRIMARY KEY (id);


--
-- TOC entry 5371 (class 2606 OID 18541)
-- Name: tickets tickets_pkey; Type: CONSTRAINT; Schema: tickets; Owner: postgres
--

ALTER TABLE ONLY tickets.tickets
    ADD CONSTRAINT tickets_pkey PRIMARY KEY (id);


--
-- TOC entry 5468 (class 2606 OID 19324)
-- Name: module_permission unique_role_module; Type: CONSTRAINT; Schema: tickets; Owner: postgres
--

ALTER TABLE ONLY tickets.module_permission
    ADD CONSTRAINT unique_role_module UNIQUE (role_id, module_id);


--
-- TOC entry 5472 (class 2606 OID 19358)
-- Name: page_permission unique_role_url; Type: CONSTRAINT; Schema: tickets; Owner: postgres
--

ALTER TABLE ONLY tickets.page_permission
    ADD CONSTRAINT unique_role_url UNIQUE (role_id, url_name);


--
-- TOC entry 5478 (class 2606 OID 19387)
-- Name: user_permissions unique_user_permission; Type: CONSTRAINT; Schema: tickets; Owner: postgres
--

ALTER TABLE ONLY tickets.user_permissions
    ADD CONSTRAINT unique_user_permission UNIQUE (user_id, permission_id);


--
-- TOC entry 5462 (class 2606 OID 19299)
-- Name: approve_line uq_category_team_flow_level; Type: CONSTRAINT; Schema: tickets; Owner: postgres
--

ALTER TABLE ONLY tickets.approve_line
    ADD CONSTRAINT uq_category_team_flow_level UNIQUE (category_id, team_id, flow_no, level);


--
-- TOC entry 5464 (class 2606 OID 19297)
-- Name: approve_line uq_flow; Type: CONSTRAINT; Schema: tickets; Owner: postgres
--

ALTER TABLE ONLY tickets.approve_line
    ADD CONSTRAINT uq_flow UNIQUE (category_id, team_id, flow_no, level);


--
-- TOC entry 5456 (class 2606 OID 19163)
-- Name: team_members uq_team_user; Type: CONSTRAINT; Schema: tickets; Owner: postgres
--

ALTER TABLE ONLY tickets.team_members
    ADD CONSTRAINT uq_team_user UNIQUE (team_id, user_id);


--
-- TOC entry 5480 (class 2606 OID 19385)
-- Name: user_permissions user_permissions_pkey; Type: CONSTRAINT; Schema: tickets; Owner: postgres
--

ALTER TABLE ONLY tickets.user_permissions
    ADD CONSTRAINT user_permissions_pkey PRIMARY KEY (id);


--
-- TOC entry 5438 (class 2606 OID 18958)
-- Name: users users_erp_user_id_key; Type: CONSTRAINT; Schema: tickets; Owner: postgres
--

ALTER TABLE ONLY tickets.users
    ADD CONSTRAINT users_erp_user_id_key UNIQUE (erp_user_id);


--
-- TOC entry 5440 (class 2606 OID 18956)
-- Name: users users_pkey; Type: CONSTRAINT; Schema: tickets; Owner: postgres
--

ALTER TABLE ONLY tickets.users
    ADD CONSTRAINT users_pkey PRIMARY KEY (id);


--
-- TOC entry 5442 (class 2606 OID 18960)
-- Name: users users_username_key; Type: CONSTRAINT; Schema: tickets; Owner: postgres
--

ALTER TABLE ONLY tickets.users
    ADD CONSTRAINT users_username_key UNIQUE (username);


--
-- TOC entry 5401 (class 1259 OID 18925)
-- Name: auth_group_name_a6ea08ec_like; Type: INDEX; Schema: tickets; Owner: postgres
--

CREATE INDEX auth_group_name_a6ea08ec_like ON tickets.auth_group USING btree (name varchar_pattern_ops);


--
-- TOC entry 5406 (class 1259 OID 18856)
-- Name: auth_group_permissions_group_id_b120cbf9; Type: INDEX; Schema: tickets; Owner: postgres
--

CREATE INDEX auth_group_permissions_group_id_b120cbf9 ON tickets.auth_group_permissions USING btree (group_id);


--
-- TOC entry 5409 (class 1259 OID 18857)
-- Name: auth_group_permissions_permission_id_84c5c92e; Type: INDEX; Schema: tickets; Owner: postgres
--

CREATE INDEX auth_group_permissions_permission_id_84c5c92e ON tickets.auth_group_permissions USING btree (permission_id);


--
-- TOC entry 5396 (class 1259 OID 18842)
-- Name: auth_permission_content_type_id_2f476e4b; Type: INDEX; Schema: tickets; Owner: postgres
--

CREATE INDEX auth_permission_content_type_id_2f476e4b ON tickets.auth_permission USING btree (content_type_id);


--
-- TOC entry 5417 (class 1259 OID 18872)
-- Name: auth_user_groups_group_id_97559544; Type: INDEX; Schema: tickets; Owner: postgres
--

CREATE INDEX auth_user_groups_group_id_97559544 ON tickets.auth_user_groups USING btree (group_id);


--
-- TOC entry 5420 (class 1259 OID 18871)
-- Name: auth_user_groups_user_id_6a12ed8b; Type: INDEX; Schema: tickets; Owner: postgres
--

CREATE INDEX auth_user_groups_user_id_6a12ed8b ON tickets.auth_user_groups USING btree (user_id);


--
-- TOC entry 5423 (class 1259 OID 18886)
-- Name: auth_user_user_permissions_permission_id_1fbb5f2c; Type: INDEX; Schema: tickets; Owner: postgres
--

CREATE INDEX auth_user_user_permissions_permission_id_1fbb5f2c ON tickets.auth_user_user_permissions USING btree (permission_id);


--
-- TOC entry 5426 (class 1259 OID 18885)
-- Name: auth_user_user_permissions_user_id_a95ead1b; Type: INDEX; Schema: tickets; Owner: postgres
--

CREATE INDEX auth_user_user_permissions_user_id_a95ead1b ON tickets.auth_user_user_permissions USING btree (user_id);


--
-- TOC entry 5414 (class 1259 OID 18918)
-- Name: auth_user_username_6821ab7c_like; Type: INDEX; Schema: tickets; Owner: postgres
--

CREATE INDEX auth_user_username_6821ab7c_like ON tickets.auth_user USING btree (username varchar_pattern_ops);


--
-- TOC entry 5429 (class 1259 OID 18912)
-- Name: django_admin_log_content_type_id_c4bce8eb; Type: INDEX; Schema: tickets; Owner: postgres
--

CREATE INDEX django_admin_log_content_type_id_c4bce8eb ON tickets.django_admin_log USING btree (content_type_id);


--
-- TOC entry 5432 (class 1259 OID 18913)
-- Name: django_admin_log_user_id_c564eba6; Type: INDEX; Schema: tickets; Owner: postgres
--

CREATE INDEX django_admin_log_user_id_c564eba6 ON tickets.django_admin_log USING btree (user_id);


--
-- TOC entry 5433 (class 1259 OID 18939)
-- Name: django_session_expire_date_a5c62663; Type: INDEX; Schema: tickets; Owner: postgres
--

CREATE INDEX django_session_expire_date_a5c62663 ON tickets.django_session USING btree (expire_date);


--
-- TOC entry 5436 (class 1259 OID 18938)
-- Name: django_session_session_key_c0390e0f_like; Type: INDEX; Schema: tickets; Owner: postgres
--

CREATE INDEX django_session_session_key_c0390e0f_like ON tickets.django_session USING btree (session_key varchar_pattern_ops);


--
-- TOC entry 5505 (class 2606 OID 18851)
-- Name: auth_group_permissions auth_group_permissio_permission_id_84c5c92e_fk_auth_perm; Type: FK CONSTRAINT; Schema: tickets; Owner: postgres
--

ALTER TABLE ONLY tickets.auth_group_permissions
    ADD CONSTRAINT auth_group_permissio_permission_id_84c5c92e_fk_auth_perm FOREIGN KEY (permission_id) REFERENCES tickets.auth_permission(id) DEFERRABLE INITIALLY DEFERRED;


--
-- TOC entry 5506 (class 2606 OID 18846)
-- Name: auth_group_permissions auth_group_permissions_group_id_b120cbf9_fk_auth_group_id; Type: FK CONSTRAINT; Schema: tickets; Owner: postgres
--

ALTER TABLE ONLY tickets.auth_group_permissions
    ADD CONSTRAINT auth_group_permissions_group_id_b120cbf9_fk_auth_group_id FOREIGN KEY (group_id) REFERENCES tickets.auth_group(id) DEFERRABLE INITIALLY DEFERRED;


--
-- TOC entry 5504 (class 2606 OID 18837)
-- Name: auth_permission auth_permission_content_type_id_2f476e4b_fk_django_co; Type: FK CONSTRAINT; Schema: tickets; Owner: postgres
--

ALTER TABLE ONLY tickets.auth_permission
    ADD CONSTRAINT auth_permission_content_type_id_2f476e4b_fk_django_co FOREIGN KEY (content_type_id) REFERENCES tickets.django_content_type(id) DEFERRABLE INITIALLY DEFERRED;


--
-- TOC entry 5507 (class 2606 OID 18866)
-- Name: auth_user_groups auth_user_groups_group_id_97559544_fk_auth_group_id; Type: FK CONSTRAINT; Schema: tickets; Owner: postgres
--

ALTER TABLE ONLY tickets.auth_user_groups
    ADD CONSTRAINT auth_user_groups_group_id_97559544_fk_auth_group_id FOREIGN KEY (group_id) REFERENCES tickets.auth_group(id) DEFERRABLE INITIALLY DEFERRED;


--
-- TOC entry 5508 (class 2606 OID 18861)
-- Name: auth_user_groups auth_user_groups_user_id_6a12ed8b_fk_auth_user_id; Type: FK CONSTRAINT; Schema: tickets; Owner: postgres
--

ALTER TABLE ONLY tickets.auth_user_groups
    ADD CONSTRAINT auth_user_groups_user_id_6a12ed8b_fk_auth_user_id FOREIGN KEY (user_id) REFERENCES tickets.auth_user(id) DEFERRABLE INITIALLY DEFERRED;


--
-- TOC entry 5509 (class 2606 OID 18880)
-- Name: auth_user_user_permissions auth_user_user_permi_permission_id_1fbb5f2c_fk_auth_perm; Type: FK CONSTRAINT; Schema: tickets; Owner: postgres
--

ALTER TABLE ONLY tickets.auth_user_user_permissions
    ADD CONSTRAINT auth_user_user_permi_permission_id_1fbb5f2c_fk_auth_perm FOREIGN KEY (permission_id) REFERENCES tickets.auth_permission(id) DEFERRABLE INITIALLY DEFERRED;


--
-- TOC entry 5510 (class 2606 OID 18875)
-- Name: auth_user_user_permissions auth_user_user_permissions_user_id_a95ead1b_fk_auth_user_id; Type: FK CONSTRAINT; Schema: tickets; Owner: postgres
--

ALTER TABLE ONLY tickets.auth_user_user_permissions
    ADD CONSTRAINT auth_user_user_permissions_user_id_a95ead1b_fk_auth_user_id FOREIGN KEY (user_id) REFERENCES tickets.auth_user(id) DEFERRABLE INITIALLY DEFERRED;


--
-- TOC entry 5533 (class 2606 OID 19439)
-- Name: borrow_requests borrow_requests_ticket_id_fkey; Type: FK CONSTRAINT; Schema: tickets; Owner: postgres
--

ALTER TABLE ONLY tickets.borrow_requests
    ADD CONSTRAINT borrow_requests_ticket_id_fkey FOREIGN KEY (ticket_id) REFERENCES tickets.tickets(id) ON DELETE CASCADE;


--
-- TOC entry 5534 (class 2606 OID 19448)
-- Name: borrow_requests borrow_requests_user_id_fkey; Type: FK CONSTRAINT; Schema: tickets; Owner: postgres
--

ALTER TABLE ONLY tickets.borrow_requests
    ADD CONSTRAINT borrow_requests_user_id_fkey FOREIGN KEY (user_id) REFERENCES tickets.users(id) ON DELETE CASCADE;


--
-- TOC entry 5511 (class 2606 OID 18902)
-- Name: django_admin_log django_admin_log_content_type_id_c4bce8eb_fk_django_co; Type: FK CONSTRAINT; Schema: tickets; Owner: postgres
--

ALTER TABLE ONLY tickets.django_admin_log
    ADD CONSTRAINT django_admin_log_content_type_id_c4bce8eb_fk_django_co FOREIGN KEY (content_type_id) REFERENCES tickets.django_content_type(id) DEFERRABLE INITIALLY DEFERRED;


--
-- TOC entry 5512 (class 2606 OID 18907)
-- Name: django_admin_log django_admin_log_user_id_c564eba6_fk_auth_user_id; Type: FK CONSTRAINT; Schema: tickets; Owner: postgres
--

ALTER TABLE ONLY tickets.django_admin_log
    ADD CONSTRAINT django_admin_log_user_id_c564eba6_fk_auth_user_id FOREIGN KEY (user_id) REFERENCES tickets.auth_user(id) DEFERRABLE INITIALLY DEFERRED;


--
-- TOC entry 5501 (class 2606 OID 18717)
-- Name: file_document file_document_related_to_fkey; Type: FK CONSTRAINT; Schema: tickets; Owner: postgres
--

ALTER TABLE ONLY tickets.file_document
    ADD CONSTRAINT file_document_related_to_fkey FOREIGN KEY (related_to) REFERENCES tickets.ticket_type(id);


--
-- TOC entry 5526 (class 2606 OID 19279)
-- Name: approve_line fk_approve_line_category; Type: FK CONSTRAINT; Schema: tickets; Owner: postgres
--

ALTER TABLE ONLY tickets.approve_line
    ADD CONSTRAINT fk_approve_line_category FOREIGN KEY (category_id) REFERENCES tickets.category(id) ON DELETE CASCADE;


--
-- TOC entry 5527 (class 2606 OID 19284)
-- Name: approve_line fk_approve_line_team; Type: FK CONSTRAINT; Schema: tickets; Owner: postgres
--

ALTER TABLE ONLY tickets.approve_line
    ADD CONSTRAINT fk_approve_line_team FOREIGN KEY (team_id) REFERENCES tickets.team(id) ON DELETE SET NULL;


--
-- TOC entry 5528 (class 2606 OID 19289)
-- Name: approve_line fk_approve_line_user; Type: FK CONSTRAINT; Schema: tickets; Owner: postgres
--

ALTER TABLE ONLY tickets.approve_line
    ADD CONSTRAINT fk_approve_line_user FOREIGN KEY (user_id) REFERENCES tickets.users(id) ON DELETE CASCADE;


--
-- TOC entry 5498 (class 2606 OID 18961)
-- Name: tickets_history fk_history_user; Type: FK CONSTRAINT; Schema: tickets; Owner: postgres
--

ALTER TABLE ONLY tickets.tickets_history
    ADD CONSTRAINT fk_history_user FOREIGN KEY (user_id) REFERENCES tickets.users(id);


--
-- TOC entry 5529 (class 2606 OID 19325)
-- Name: module_permission fk_module_permission_role; Type: FK CONSTRAINT; Schema: tickets; Owner: postgres
--

ALTER TABLE ONLY tickets.module_permission
    ADD CONSTRAINT fk_module_permission_role FOREIGN KEY (role_id) REFERENCES tickets.roles(id) ON DELETE CASCADE;


--
-- TOC entry 5531 (class 2606 OID 19393)
-- Name: user_permissions fk_permission; Type: FK CONSTRAINT; Schema: tickets; Owner: postgres
--

ALTER TABLE ONLY tickets.user_permissions
    ADD CONSTRAINT fk_permission FOREIGN KEY (permission_id) REFERENCES tickets.permissions(id) ON DELETE CASCADE;


--
-- TOC entry 5530 (class 2606 OID 19352)
-- Name: page_permission fk_role; Type: FK CONSTRAINT; Schema: tickets; Owner: postgres
--

ALTER TABLE ONLY tickets.page_permission
    ADD CONSTRAINT fk_role FOREIGN KEY (role_id) REFERENCES tickets.roles(id) ON DELETE CASCADE;


--
-- TOC entry 5519 (class 2606 OID 19136)
-- Name: team fk_team_department; Type: FK CONSTRAINT; Schema: tickets; Owner: postgres
--

ALTER TABLE ONLY tickets.team
    ADD CONSTRAINT fk_team_department FOREIGN KEY (department_id) REFERENCES tickets.department(id);


--
-- TOC entry 5524 (class 2606 OID 19184)
-- Name: ticket_approval_status fk_ticket_approval_status_status; Type: FK CONSTRAINT; Schema: tickets; Owner: postgres
--

ALTER TABLE ONLY tickets.ticket_approval_status
    ADD CONSTRAINT fk_ticket_approval_status_status FOREIGN KEY (status_id) REFERENCES tickets.status(id);


--
-- TOC entry 5525 (class 2606 OID 19189)
-- Name: ticket_approval_status fk_ticket_approval_status_user; Type: FK CONSTRAINT; Schema: tickets; Owner: postgres
--

ALTER TABLE ONLY tickets.ticket_approval_status
    ADD CONSTRAINT fk_ticket_approval_status_user FOREIGN KEY (user_id) REFERENCES tickets.users(id) ON UPDATE RESTRICT ON DELETE CASCADE;


--
-- TOC entry 5489 (class 2606 OID 19300)
-- Name: ticket_type fk_ticket_type_team; Type: FK CONSTRAINT; Schema: tickets; Owner: postgres
--

ALTER TABLE ONLY tickets.ticket_type
    ADD CONSTRAINT fk_ticket_type_team FOREIGN KEY (team_id) REFERENCES tickets.team(id);


--
-- TOC entry 5522 (class 2606 OID 19152)
-- Name: team_members fk_tm_team; Type: FK CONSTRAINT; Schema: tickets; Owner: postgres
--

ALTER TABLE ONLY tickets.team_members
    ADD CONSTRAINT fk_tm_team FOREIGN KEY (team_id) REFERENCES tickets.team(id) ON DELETE CASCADE;


--
-- TOC entry 5523 (class 2606 OID 19157)
-- Name: team_members fk_tm_user; Type: FK CONSTRAINT; Schema: tickets; Owner: postgres
--

ALTER TABLE ONLY tickets.team_members
    ADD CONSTRAINT fk_tm_user FOREIGN KEY (user_id) REFERENCES tickets.users(id) ON DELETE CASCADE;


--
-- TOC entry 5532 (class 2606 OID 19388)
-- Name: user_permissions fk_user; Type: FK CONSTRAINT; Schema: tickets; Owner: postgres
--

ALTER TABLE ONLY tickets.user_permissions
    ADD CONSTRAINT fk_user FOREIGN KEY (user_id) REFERENCES tickets.users(id) ON DELETE CASCADE;


--
-- TOC entry 5513 (class 2606 OID 19111)
-- Name: users fk_user_role; Type: FK CONSTRAINT; Schema: tickets; Owner: postgres
--

ALTER TABLE ONLY tickets.users
    ADD CONSTRAINT fk_user_role FOREIGN KEY (role_id) REFERENCES tickets.roles(id) ON DELETE SET NULL;


--
-- TOC entry 5514 (class 2606 OID 19116)
-- Name: users fk_users_department; Type: FK CONSTRAINT; Schema: tickets; Owner: postgres
--

ALTER TABLE ONLY tickets.users
    ADD CONSTRAINT fk_users_department FOREIGN KEY (department_id) REFERENCES tickets.department(id);


--
-- TOC entry 5515 (class 2606 OID 19335)
-- Name: users fk_users_role; Type: FK CONSTRAINT; Schema: tickets; Owner: postgres
--

ALTER TABLE ONLY tickets.users
    ADD CONSTRAINT fk_users_role FOREIGN KEY (role_id) REFERENCES tickets.roles(id) ON DELETE RESTRICT;


--
-- TOC entry 5497 (class 2606 OID 18614)
-- Name: notification notification_ticket_id_fkey; Type: FK CONSTRAINT; Schema: tickets; Owner: postgres
--

ALTER TABLE ONLY tickets.notification
    ADD CONSTRAINT notification_ticket_id_fkey FOREIGN KEY (ticket_id) REFERENCES tickets.tickets(id) ON DELETE CASCADE;


--
-- TOC entry 5520 (class 2606 OID 19200)
-- Name: team team_approver_lv1_fk; Type: FK CONSTRAINT; Schema: tickets; Owner: postgres
--

ALTER TABLE ONLY tickets.team
    ADD CONSTRAINT team_approver_lv1_fk FOREIGN KEY (approver_lv1) REFERENCES tickets.users(id);


--
-- TOC entry 5521 (class 2606 OID 19205)
-- Name: team team_approver_lv2_fk; Type: FK CONSTRAINT; Schema: tickets; Owner: postgres
--

ALTER TABLE ONLY tickets.team
    ADD CONSTRAINT team_approver_lv2_fk FOREIGN KEY (approver_lv2) REFERENCES tickets.users(id);


--
-- TOC entry 5495 (class 2606 OID 18584)
-- Name: ticket_data_adjust ticket_data_adjust_ticket_id_fkey; Type: FK CONSTRAINT; Schema: tickets; Owner: postgres
--

ALTER TABLE ONLY tickets.ticket_data_adjust
    ADD CONSTRAINT ticket_data_adjust_ticket_id_fkey FOREIGN KEY (ticket_id) REFERENCES tickets.tickets(id) ON DELETE CASCADE;


--
-- TOC entry 5516 (class 2606 OID 19423)
-- Name: ticket_data_building_repair ticket_data_building_repair_it_category_fkey; Type: FK CONSTRAINT; Schema: tickets; Owner: postgres
--

ALTER TABLE ONLY tickets.ticket_data_building_repair
    ADD CONSTRAINT ticket_data_building_repair_it_category_fkey FOREIGN KEY (it_category_id) REFERENCES tickets.it_category(id);


--
-- TOC entry 5517 (class 2606 OID 19061)
-- Name: ticket_data_building_repair ticket_data_building_repair_ticket_id_fkey; Type: FK CONSTRAINT; Schema: tickets; Owner: postgres
--

ALTER TABLE ONLY tickets.ticket_data_building_repair
    ADD CONSTRAINT ticket_data_building_repair_ticket_id_fkey FOREIGN KEY (ticket_id) REFERENCES tickets.tickets(id) ON DELETE CASCADE;


--
-- TOC entry 5518 (class 2606 OID 19066)
-- Name: ticket_data_building_repair ticket_data_building_repair_user_id_fkey; Type: FK CONSTRAINT; Schema: tickets; Owner: postgres
--

ALTER TABLE ONLY tickets.ticket_data_building_repair
    ADD CONSTRAINT ticket_data_building_repair_user_id_fkey FOREIGN KEY (user_id) REFERENCES tickets.users(id) ON DELETE CASCADE;


--
-- TOC entry 5494 (class 2606 OID 18568)
-- Name: ticket_data_erp_app ticket_data_erp_app_ticket_id_fkey; Type: FK CONSTRAINT; Schema: tickets; Owner: postgres
--

ALTER TABLE ONLY tickets.ticket_data_erp_app
    ADD CONSTRAINT ticket_data_erp_app_ticket_id_fkey FOREIGN KEY (ticket_id) REFERENCES tickets.tickets(id) ON DELETE CASCADE;


--
-- TOC entry 5496 (class 2606 OID 18600)
-- Name: ticket_data_vpn ticket_data_vpn_ticket_id_fkey; Type: FK CONSTRAINT; Schema: tickets; Owner: postgres
--

ALTER TABLE ONLY tickets.ticket_data_vpn
    ADD CONSTRAINT ticket_data_vpn_ticket_id_fkey FOREIGN KEY (ticket_id) REFERENCES tickets.tickets(id) ON DELETE CASCADE;


--
-- TOC entry 5502 (class 2606 OID 18734)
-- Name: ticket_files ticket_files_ticket_id_fkey; Type: FK CONSTRAINT; Schema: tickets; Owner: postgres
--

ALTER TABLE ONLY tickets.ticket_files
    ADD CONSTRAINT ticket_files_ticket_id_fkey FOREIGN KEY (ticket_id) REFERENCES tickets.tickets(id) ON DELETE CASCADE;


--
-- TOC entry 5503 (class 2606 OID 19023)
-- Name: ticket_files ticket_files_uploaded_by_fkey; Type: FK CONSTRAINT; Schema: tickets; Owner: postgres
--

ALTER TABLE ONLY tickets.ticket_files
    ADD CONSTRAINT ticket_files_uploaded_by_fkey FOREIGN KEY (uploaded_by) REFERENCES tickets.users(id);


--
-- TOC entry 5490 (class 2606 OID 18526)
-- Name: ticket_type ticket_type_category_fkey; Type: FK CONSTRAINT; Schema: tickets; Owner: postgres
--

ALTER TABLE ONLY tickets.ticket_type
    ADD CONSTRAINT ticket_type_category_fkey FOREIGN KEY (category) REFERENCES tickets.category(id);


--
-- TOC entry 5500 (class 2606 OID 18696)
-- Name: tickets_comments tickets_comments_ticket_id_fkey; Type: FK CONSTRAINT; Schema: tickets; Owner: postgres
--

ALTER TABLE ONLY tickets.tickets_comments
    ADD CONSTRAINT tickets_comments_ticket_id_fkey FOREIGN KEY (ticket_id) REFERENCES tickets.tickets(id) ON DELETE CASCADE;


--
-- TOC entry 5499 (class 2606 OID 18674)
-- Name: tickets_history tickets_history_ticket_id_fkey; Type: FK CONSTRAINT; Schema: tickets; Owner: postgres
--

ALTER TABLE ONLY tickets.tickets_history
    ADD CONSTRAINT tickets_history_ticket_id_fkey FOREIGN KEY (ticket_id) REFERENCES tickets.tickets(id) ON DELETE CASCADE;


--
-- TOC entry 5491 (class 2606 OID 19018)
-- Name: tickets tickets_status_id_fkey; Type: FK CONSTRAINT; Schema: tickets; Owner: postgres
--

ALTER TABLE ONLY tickets.tickets
    ADD CONSTRAINT tickets_status_id_fkey FOREIGN KEY (status_id) REFERENCES tickets.status(id);


--
-- TOC entry 5492 (class 2606 OID 18552)
-- Name: tickets tickets_ticket_type_id_fkey; Type: FK CONSTRAINT; Schema: tickets; Owner: postgres
--

ALTER TABLE ONLY tickets.tickets
    ADD CONSTRAINT tickets_ticket_type_id_fkey FOREIGN KEY (ticket_type_id) REFERENCES tickets.ticket_type(id);


--
-- TOC entry 5493 (class 2606 OID 19004)
-- Name: tickets tickets_user_id_fkey; Type: FK CONSTRAINT; Schema: tickets; Owner: postgres
--

ALTER TABLE ONLY tickets.tickets
    ADD CONSTRAINT tickets_user_id_fkey FOREIGN KEY (user_id) REFERENCES tickets.users(id) ON DELETE CASCADE;


-- Completed on 2026-02-18 20:24:10

--
-- PostgreSQL database dump complete
--

\unrestrict DcjIVyJ5Klx44JalngNpQALvsJv1D5t7IiZUa8GK4e2EdmbplhSvRHjqcnlAUkE

