--
-- PostgreSQL database dump
--

\restrict XW0WEDLQKyi1QO0eWarn1LPpcqyP6mjXftNAKmau3Zd1VckLYuId8TAAjg9G3OO

-- Dumped from database version 18.0
-- Dumped by pg_dump version 18.0

-- Started on 2026-02-12 10:50:35

SET statement_timeout = 0;
SET lock_timeout = 0;
SET idle_in_transaction_session_timeout = 0;
SET transaction_timeout = 0;
SET client_encoding = 'UTF8';
SET standard_conforming_strings = on;
SELECT pg_catalog.set_config('search_path', '', false);
SET check_function_bodies = false;
SET xmloption = content;
SET client_min_messages = warning;
SET row_security = off;

--
-- TOC entry 9 (class 2615 OID 18448)
-- Name: tickets; Type: SCHEMA; Schema: -; Owner: postgres
--

CREATE SCHEMA tickets;


ALTER SCHEMA tickets OWNER TO postgres;

SET default_tablespace = '';

SET default_table_access_method = heap;

--
-- TOC entry 399 (class 1259 OID 19248)
-- Name: approve_line; Type: TABLE; Schema: tickets; Owner: postgres
--

CREATE TABLE tickets.approve_line (
    id integer NOT NULL,
    category_id integer,
    level integer,
    user_id integer,
    team_id integer,
    flow_no integer DEFAULT 1 NOT NULL
);


ALTER TABLE tickets.approve_line OWNER TO postgres;

--
-- TOC entry 398 (class 1259 OID 19247)
-- Name: approve_line_id_seq; Type: SEQUENCE; Schema: tickets; Owner: postgres
--

CREATE SEQUENCE tickets.approve_line_id_seq
    AS integer
    START WITH 1
    INCREMENT BY 1
    NO MINVALUE
    NO MAXVALUE
    CACHE 1;


ALTER SEQUENCE tickets.approve_line_id_seq OWNER TO postgres;

--
-- TOC entry 5777 (class 0 OID 0)
-- Dependencies: 398
-- Name: approve_line_id_seq; Type: SEQUENCE OWNED BY; Schema: tickets; Owner: postgres
--

ALTER SEQUENCE tickets.approve_line_id_seq OWNED BY tickets.approve_line.id;


--
-- TOC entry 372 (class 1259 OID 18780)
-- Name: auth_group; Type: TABLE; Schema: tickets; Owner: postgres
--

CREATE TABLE tickets.auth_group (
    id integer NOT NULL,
    name character varying(150) NOT NULL
);


ALTER TABLE tickets.auth_group OWNER TO postgres;

--
-- TOC entry 371 (class 1259 OID 18779)
-- Name: auth_group_id_seq; Type: SEQUENCE; Schema: tickets; Owner: postgres
--

ALTER TABLE tickets.auth_group ALTER COLUMN id ADD GENERATED BY DEFAULT AS IDENTITY (
    SEQUENCE NAME tickets.auth_group_id_seq
    START WITH 1
    INCREMENT BY 1
    NO MINVALUE
    NO MAXVALUE
    CACHE 1
);


--
-- TOC entry 374 (class 1259 OID 18790)
-- Name: auth_group_permissions; Type: TABLE; Schema: tickets; Owner: postgres
--

CREATE TABLE tickets.auth_group_permissions (
    id integer NOT NULL,
    group_id integer NOT NULL,
    permission_id integer NOT NULL
);


ALTER TABLE tickets.auth_group_permissions OWNER TO postgres;

--
-- TOC entry 373 (class 1259 OID 18789)
-- Name: auth_group_permissions_id_seq; Type: SEQUENCE; Schema: tickets; Owner: postgres
--

ALTER TABLE tickets.auth_group_permissions ALTER COLUMN id ADD GENERATED BY DEFAULT AS IDENTITY (
    SEQUENCE NAME tickets.auth_group_permissions_id_seq
    START WITH 1
    INCREMENT BY 1
    NO MINVALUE
    NO MAXVALUE
    CACHE 1
);


--
-- TOC entry 370 (class 1259 OID 18770)
-- Name: auth_permission; Type: TABLE; Schema: tickets; Owner: postgres
--

CREATE TABLE tickets.auth_permission (
    id integer NOT NULL,
    name character varying(255) NOT NULL,
    content_type_id integer NOT NULL,
    codename character varying(100) NOT NULL
);


ALTER TABLE tickets.auth_permission OWNER TO postgres;

--
-- TOC entry 369 (class 1259 OID 18769)
-- Name: auth_permission_id_seq; Type: SEQUENCE; Schema: tickets; Owner: postgres
--

ALTER TABLE tickets.auth_permission ALTER COLUMN id ADD GENERATED BY DEFAULT AS IDENTITY (
    SEQUENCE NAME tickets.auth_permission_id_seq
    START WITH 1
    INCREMENT BY 1
    NO MINVALUE
    NO MAXVALUE
    CACHE 1
);


--
-- TOC entry 376 (class 1259 OID 18799)
-- Name: auth_user; Type: TABLE; Schema: tickets; Owner: postgres
--

CREATE TABLE tickets.auth_user (
    id integer NOT NULL,
    password character varying(128) NOT NULL,
    last_login timestamp with time zone,
    is_superuser boolean NOT NULL,
    username character varying(150) NOT NULL,
    first_name character varying(150) NOT NULL,
    last_name character varying(150) NOT NULL,
    email character varying(254) NOT NULL,
    is_staff boolean NOT NULL,
    is_active boolean NOT NULL,
    date_joined timestamp with time zone NOT NULL
);


ALTER TABLE tickets.auth_user OWNER TO postgres;

--
-- TOC entry 378 (class 1259 OID 18818)
-- Name: auth_user_groups; Type: TABLE; Schema: tickets; Owner: postgres
--

CREATE TABLE tickets.auth_user_groups (
    id integer NOT NULL,
    user_id integer NOT NULL,
    group_id integer NOT NULL
);


ALTER TABLE tickets.auth_user_groups OWNER TO postgres;

--
-- TOC entry 377 (class 1259 OID 18817)
-- Name: auth_user_groups_id_seq; Type: SEQUENCE; Schema: tickets; Owner: postgres
--

ALTER TABLE tickets.auth_user_groups ALTER COLUMN id ADD GENERATED BY DEFAULT AS IDENTITY (
    SEQUENCE NAME tickets.auth_user_groups_id_seq
    START WITH 1
    INCREMENT BY 1
    NO MINVALUE
    NO MAXVALUE
    CACHE 1
);


--
-- TOC entry 375 (class 1259 OID 18798)
-- Name: auth_user_id_seq; Type: SEQUENCE; Schema: tickets; Owner: postgres
--

ALTER TABLE tickets.auth_user ALTER COLUMN id ADD GENERATED BY DEFAULT AS IDENTITY (
    SEQUENCE NAME tickets.auth_user_id_seq
    START WITH 1
    INCREMENT BY 1
    NO MINVALUE
    NO MAXVALUE
    CACHE 1
);


--
-- TOC entry 380 (class 1259 OID 18827)
-- Name: auth_user_user_permissions; Type: TABLE; Schema: tickets; Owner: postgres
--

CREATE TABLE tickets.auth_user_user_permissions (
    id integer NOT NULL,
    user_id integer NOT NULL,
    permission_id integer NOT NULL
);


ALTER TABLE tickets.auth_user_user_permissions OWNER TO postgres;

--
-- TOC entry 379 (class 1259 OID 18826)
-- Name: auth_user_user_permissions_id_seq; Type: SEQUENCE; Schema: tickets; Owner: postgres
--

ALTER TABLE tickets.auth_user_user_permissions ALTER COLUMN id ADD GENERATED BY DEFAULT AS IDENTITY (
    SEQUENCE NAME tickets.auth_user_user_permissions_id_seq
    START WITH 1
    INCREMENT BY 1
    NO MINVALUE
    NO MAXVALUE
    CACHE 1
);


--
-- TOC entry 340 (class 1259 OID 18511)
-- Name: category; Type: TABLE; Schema: tickets; Owner: postgres
--

CREATE TABLE tickets.category (
    id integer NOT NULL,
    name character varying(100),
    use_accounting boolean DEFAULT true
);


ALTER TABLE tickets.category OWNER TO postgres;

--
-- TOC entry 339 (class 1259 OID 18510)
-- Name: category_id_seq; Type: SEQUENCE; Schema: tickets; Owner: postgres
--

CREATE SEQUENCE tickets.category_id_seq
    AS integer
    START WITH 1
    INCREMENT BY 1
    NO MINVALUE
    NO MAXVALUE
    CACHE 1;


ALTER SEQUENCE tickets.category_id_seq OWNER TO postgres;

--
-- TOC entry 5778 (class 0 OID 0)
-- Dependencies: 339
-- Name: category_id_seq; Type: SEQUENCE OWNED BY; Schema: tickets; Owner: postgres
--

ALTER SEQUENCE tickets.category_id_seq OWNED BY tickets.category.id;


--
-- TOC entry 338 (class 1259 OID 18498)
-- Name: department; Type: TABLE; Schema: tickets; Owner: postgres
--

CREATE TABLE tickets.department (
    id integer NOT NULL,
    dept_name character varying(100)
);


ALTER TABLE tickets.department OWNER TO postgres;

--
-- TOC entry 337 (class 1259 OID 18497)
-- Name: department_id_seq; Type: SEQUENCE; Schema: tickets; Owner: postgres
--

CREATE SEQUENCE tickets.department_id_seq
    AS integer
    START WITH 1
    INCREMENT BY 1
    NO MINVALUE
    NO MAXVALUE
    CACHE 1;


ALTER SEQUENCE tickets.department_id_seq OWNER TO postgres;

--
-- TOC entry 5779 (class 0 OID 0)
-- Dependencies: 337
-- Name: department_id_seq; Type: SEQUENCE OWNED BY; Schema: tickets; Owner: postgres
--

ALTER SEQUENCE tickets.department_id_seq OWNED BY tickets.department.id;


--
-- TOC entry 382 (class 1259 OID 18888)
-- Name: django_admin_log; Type: TABLE; Schema: tickets; Owner: postgres
--

CREATE TABLE tickets.django_admin_log (
    id integer NOT NULL,
    action_time timestamp with time zone NOT NULL,
    object_id text,
    object_repr character varying(200) NOT NULL,
    action_flag smallint NOT NULL,
    change_message text NOT NULL,
    content_type_id integer,
    user_id integer NOT NULL,
    CONSTRAINT django_admin_log_action_flag_check CHECK ((action_flag >= 0))
);


ALTER TABLE tickets.django_admin_log OWNER TO postgres;

--
-- TOC entry 381 (class 1259 OID 18887)
-- Name: django_admin_log_id_seq; Type: SEQUENCE; Schema: tickets; Owner: postgres
--

ALTER TABLE tickets.django_admin_log ALTER COLUMN id ADD GENERATED BY DEFAULT AS IDENTITY (
    SEQUENCE NAME tickets.django_admin_log_id_seq
    START WITH 1
    INCREMENT BY 1
    NO MINVALUE
    NO MAXVALUE
    CACHE 1
);


--
-- TOC entry 368 (class 1259 OID 18758)
-- Name: django_content_type; Type: TABLE; Schema: tickets; Owner: postgres
--

CREATE TABLE tickets.django_content_type (
    id integer NOT NULL,
    app_label character varying(100) NOT NULL,
    model character varying(100) NOT NULL
);


ALTER TABLE tickets.django_content_type OWNER TO postgres;

--
-- TOC entry 367 (class 1259 OID 18757)
-- Name: django_content_type_id_seq; Type: SEQUENCE; Schema: tickets; Owner: postgres
--

ALTER TABLE tickets.django_content_type ALTER COLUMN id ADD GENERATED BY DEFAULT AS IDENTITY (
    SEQUENCE NAME tickets.django_content_type_id_seq
    START WITH 1
    INCREMENT BY 1
    NO MINVALUE
    NO MAXVALUE
    CACHE 1
);


--
-- TOC entry 366 (class 1259 OID 18746)
-- Name: django_migrations; Type: TABLE; Schema: tickets; Owner: postgres
--

CREATE TABLE tickets.django_migrations (
    id integer NOT NULL,
    app character varying(255) NOT NULL,
    name character varying(255) NOT NULL,
    applied timestamp with time zone NOT NULL
);


ALTER TABLE tickets.django_migrations OWNER TO postgres;

--
-- TOC entry 365 (class 1259 OID 18745)
-- Name: django_migrations_id_seq; Type: SEQUENCE; Schema: tickets; Owner: postgres
--

ALTER TABLE tickets.django_migrations ALTER COLUMN id ADD GENERATED BY DEFAULT AS IDENTITY (
    SEQUENCE NAME tickets.django_migrations_id_seq
    START WITH 1
    INCREMENT BY 1
    NO MINVALUE
    NO MAXVALUE
    CACHE 1
);


--
-- TOC entry 383 (class 1259 OID 18928)
-- Name: django_session; Type: TABLE; Schema: tickets; Owner: postgres
--

CREATE TABLE tickets.django_session (
    session_key character varying(40) NOT NULL,
    session_data text NOT NULL,
    expire_date timestamp with time zone NOT NULL
);


ALTER TABLE tickets.django_session OWNER TO postgres;

--
-- TOC entry 362 (class 1259 OID 18707)
-- Name: file_document; Type: TABLE; Schema: tickets; Owner: postgres
--

CREATE TABLE tickets.file_document (
    id integer NOT NULL,
    document_name character varying(255),
    document_type character varying(100),
    related_to integer,
    file_path text,
    create_at timestamp without time zone DEFAULT CURRENT_TIMESTAMP,
    update_at timestamp without time zone
);


ALTER TABLE tickets.file_document OWNER TO postgres;

--
-- TOC entry 361 (class 1259 OID 18706)
-- Name: file_document_id_seq; Type: SEQUENCE; Schema: tickets; Owner: postgres
--

CREATE SEQUENCE tickets.file_document_id_seq
    AS integer
    START WITH 1
    INCREMENT BY 1
    NO MINVALUE
    NO MAXVALUE
    CACHE 1;


ALTER SEQUENCE tickets.file_document_id_seq OWNER TO postgres;

--
-- TOC entry 5780 (class 0 OID 0)
-- Dependencies: 361
-- Name: file_document_id_seq; Type: SEQUENCE OWNED BY; Schema: tickets; Owner: postgres
--

ALTER SEQUENCE tickets.file_document_id_seq OWNED BY tickets.file_document.id;


--
-- TOC entry 334 (class 1259 OID 18468)
-- Name: groups; Type: TABLE; Schema: tickets; Owner: postgres
--

CREATE TABLE tickets.groups (
    id integer NOT NULL,
    group_name character varying(100),
    view_scope character varying(20),
    description text
);


ALTER TABLE tickets.groups OWNER TO postgres;

--
-- TOC entry 333 (class 1259 OID 18467)
-- Name: groups_id_seq; Type: SEQUENCE; Schema: tickets; Owner: postgres
--

CREATE SEQUENCE tickets.groups_id_seq
    AS integer
    START WITH 1
    INCREMENT BY 1
    NO MINVALUE
    NO MAXVALUE
    CACHE 1;


ALTER SEQUENCE tickets.groups_id_seq OWNER TO postgres;

--
-- TOC entry 5781 (class 0 OID 0)
-- Dependencies: 333
-- Name: groups_id_seq; Type: SEQUENCE OWNED BY; Schema: tickets; Owner: postgres
--

ALTER SEQUENCE tickets.groups_id_seq OWNED BY tickets.groups.id;


--
-- TOC entry 356 (class 1259 OID 18650)
-- Name: log; Type: TABLE; Schema: tickets; Owner: postgres
--

CREATE TABLE tickets.log (
    id integer NOT NULL,
    user_id integer,
    action character varying(255),
    target_table character varying(100),
    create_at timestamp without time zone DEFAULT CURRENT_TIMESTAMP
);


ALTER TABLE tickets.log OWNER TO postgres;

--
-- TOC entry 355 (class 1259 OID 18649)
-- Name: log_id_seq; Type: SEQUENCE; Schema: tickets; Owner: postgres
--

CREATE SEQUENCE tickets.log_id_seq
    AS integer
    START WITH 1
    INCREMENT BY 1
    NO MINVALUE
    NO MAXVALUE
    CACHE 1;


ALTER SEQUENCE tickets.log_id_seq OWNER TO postgres;

--
-- TOC entry 5782 (class 0 OID 0)
-- Dependencies: 355
-- Name: log_id_seq; Type: SEQUENCE OWNED BY; Schema: tickets; Owner: postgres
--

ALTER SEQUENCE tickets.log_id_seq OWNED BY tickets.log.id;


--
-- TOC entry 354 (class 1259 OID 18620)
-- Name: module; Type: TABLE; Schema: tickets; Owner: postgres
--

CREATE TABLE tickets.module (
    id integer NOT NULL,
    module_name character varying(100),
    display_url character varying(255),
    description text,
    create_at timestamp without time zone DEFAULT CURRENT_TIMESTAMP
);


ALTER TABLE tickets.module OWNER TO postgres;

--
-- TOC entry 353 (class 1259 OID 18619)
-- Name: module_id_seq; Type: SEQUENCE; Schema: tickets; Owner: postgres
--

CREATE SEQUENCE tickets.module_id_seq
    AS integer
    START WITH 1
    INCREMENT BY 1
    NO MINVALUE
    NO MAXVALUE
    CACHE 1;


ALTER SEQUENCE tickets.module_id_seq OWNER TO postgres;

--
-- TOC entry 5783 (class 0 OID 0)
-- Dependencies: 353
-- Name: module_id_seq; Type: SEQUENCE OWNED BY; Schema: tickets; Owner: postgres
--

ALTER SEQUENCE tickets.module_id_seq OWNED BY tickets.module.id;


--
-- TOC entry 401 (class 1259 OID 19308)
-- Name: module_permission; Type: TABLE; Schema: tickets; Owner: postgres
--

CREATE TABLE tickets.module_permission (
    id integer NOT NULL,
    role_id integer NOT NULL,
    module_id integer NOT NULL,
    can_view boolean DEFAULT false,
    can_create boolean DEFAULT false,
    can_edit boolean DEFAULT false,
    can_delete boolean DEFAULT false,
    can_approve boolean DEFAULT false,
    create_at timestamp without time zone DEFAULT CURRENT_TIMESTAMP,
    update_at timestamp without time zone
);


ALTER TABLE tickets.module_permission OWNER TO postgres;

--
-- TOC entry 400 (class 1259 OID 19307)
-- Name: module_permission_id_seq; Type: SEQUENCE; Schema: tickets; Owner: postgres
--

CREATE SEQUENCE tickets.module_permission_id_seq
    AS integer
    START WITH 1
    INCREMENT BY 1
    NO MINVALUE
    NO MAXVALUE
    CACHE 1;


ALTER SEQUENCE tickets.module_permission_id_seq OWNER TO postgres;

--
-- TOC entry 5784 (class 0 OID 0)
-- Dependencies: 400
-- Name: module_permission_id_seq; Type: SEQUENCE OWNED BY; Schema: tickets; Owner: postgres
--

ALTER SEQUENCE tickets.module_permission_id_seq OWNED BY tickets.module_permission.id;


--
-- TOC entry 352 (class 1259 OID 18606)
-- Name: notification; Type: TABLE; Schema: tickets; Owner: postgres
--

CREATE TABLE tickets.notification (
    id integer NOT NULL,
    ticket_id integer,
    message character varying(255),
    create_at timestamp without time zone DEFAULT CURRENT_TIMESTAMP
);


ALTER TABLE tickets.notification OWNER TO postgres;

--
-- TOC entry 351 (class 1259 OID 18605)
-- Name: notification_id_seq; Type: SEQUENCE; Schema: tickets; Owner: postgres
--

CREATE SEQUENCE tickets.notification_id_seq
    AS integer
    START WITH 1
    INCREMENT BY 1
    NO MINVALUE
    NO MAXVALUE
    CACHE 1;


ALTER SEQUENCE tickets.notification_id_seq OWNER TO postgres;

--
-- TOC entry 5785 (class 0 OID 0)
-- Dependencies: 351
-- Name: notification_id_seq; Type: SEQUENCE OWNED BY; Schema: tickets; Owner: postgres
--

ALTER SEQUENCE tickets.notification_id_seq OWNED BY tickets.notification.id;


--
-- TOC entry 403 (class 1259 OID 19341)
-- Name: page_permission; Type: TABLE; Schema: tickets; Owner: postgres
--

CREATE TABLE tickets.page_permission (
    id integer NOT NULL,
    role_id integer NOT NULL,
    url_name character varying(100) NOT NULL,
    can_access boolean DEFAULT true,
    create_at timestamp without time zone DEFAULT CURRENT_TIMESTAMP,
    update_at timestamp without time zone
);


ALTER TABLE tickets.page_permission OWNER TO postgres;

--
-- TOC entry 402 (class 1259 OID 19340)
-- Name: page_permission_id_seq; Type: SEQUENCE; Schema: tickets; Owner: postgres
--

CREATE SEQUENCE tickets.page_permission_id_seq
    AS integer
    START WITH 1
    INCREMENT BY 1
    NO MINVALUE
    NO MAXVALUE
    CACHE 1;


ALTER SEQUENCE tickets.page_permission_id_seq OWNER TO postgres;

--
-- TOC entry 5786 (class 0 OID 0)
-- Dependencies: 402
-- Name: page_permission_id_seq; Type: SEQUENCE OWNED BY; Schema: tickets; Owner: postgres
--

ALTER SEQUENCE tickets.page_permission_id_seq OWNED BY tickets.page_permission.id;


--
-- TOC entry 405 (class 1259 OID 19360)
-- Name: permissions; Type: TABLE; Schema: tickets; Owner: postgres
--

CREATE TABLE tickets.permissions (
    id integer NOT NULL,
    code character varying(100) NOT NULL,
    url_name character varying(100) NOT NULL,
    description text,
    create_at timestamp without time zone DEFAULT CURRENT_TIMESTAMP
);


ALTER TABLE tickets.permissions OWNER TO postgres;

--
-- TOC entry 404 (class 1259 OID 19359)
-- Name: permissions_id_seq; Type: SEQUENCE; Schema: tickets; Owner: postgres
--

CREATE SEQUENCE tickets.permissions_id_seq
    AS integer
    START WITH 1
    INCREMENT BY 1
    NO MINVALUE
    NO MAXVALUE
    CACHE 1;


ALTER SEQUENCE tickets.permissions_id_seq OWNER TO postgres;

--
-- TOC entry 5787 (class 0 OID 0)
-- Dependencies: 404
-- Name: permissions_id_seq; Type: SEQUENCE OWNED BY; Schema: tickets; Owner: postgres
--

ALTER SEQUENCE tickets.permissions_id_seq OWNED BY tickets.permissions.id;


--
-- TOC entry 391 (class 1259 OID 19073)
-- Name: roles; Type: TABLE; Schema: tickets; Owner: postgres
--

CREATE TABLE tickets.roles (
    id integer NOT NULL,
    role_name character varying(50) NOT NULL,
    create_at timestamp without time zone DEFAULT CURRENT_TIMESTAMP
);


ALTER TABLE tickets.roles OWNER TO postgres;

--
-- TOC entry 390 (class 1259 OID 19072)
-- Name: roles_id_seq; Type: SEQUENCE; Schema: tickets; Owner: postgres
--

CREATE SEQUENCE tickets.roles_id_seq
    AS integer
    START WITH 1
    INCREMENT BY 1
    NO MINVALUE
    NO MAXVALUE
    CACHE 1;


ALTER SEQUENCE tickets.roles_id_seq OWNER TO postgres;

--
-- TOC entry 5788 (class 0 OID 0)
-- Dependencies: 390
-- Name: roles_id_seq; Type: SEQUENCE OWNED BY; Schema: tickets; Owner: postgres
--

ALTER SEQUENCE tickets.roles_id_seq OWNED BY tickets.roles.id;


--
-- TOC entry 387 (class 1259 OID 19010)
-- Name: status; Type: TABLE; Schema: tickets; Owner: postgres
--

CREATE TABLE tickets.status (
    id integer NOT NULL,
    name character varying(50) NOT NULL,
    status_group character varying(30) DEFAULT 'general'::character varying NOT NULL
);


ALTER TABLE tickets.status OWNER TO postgres;

--
-- TOC entry 386 (class 1259 OID 19009)
-- Name: status_id_seq; Type: SEQUENCE; Schema: tickets; Owner: postgres
--

CREATE SEQUENCE tickets.status_id_seq
    AS integer
    START WITH 1
    INCREMENT BY 1
    NO MINVALUE
    NO MAXVALUE
    CACHE 1;


ALTER SEQUENCE tickets.status_id_seq OWNER TO postgres;

--
-- TOC entry 5789 (class 0 OID 0)
-- Dependencies: 386
-- Name: status_id_seq; Type: SEQUENCE OWNED BY; Schema: tickets; Owner: postgres
--

ALTER SEQUENCE tickets.status_id_seq OWNED BY tickets.status.id;


--
-- TOC entry 393 (class 1259 OID 19095)
-- Name: team; Type: TABLE; Schema: tickets; Owner: postgres
--

CREATE TABLE tickets.team (
    id integer NOT NULL,
    name character varying(255) NOT NULL,
    department_id integer,
    approver_lv1 integer,
    approver_lv2 integer
);


ALTER TABLE tickets.team OWNER TO postgres;

--
-- TOC entry 392 (class 1259 OID 19094)
-- Name: team_id_seq; Type: SEQUENCE; Schema: tickets; Owner: postgres
--

CREATE SEQUENCE tickets.team_id_seq
    AS integer
    START WITH 1
    INCREMENT BY 1
    NO MINVALUE
    NO MAXVALUE
    CACHE 1;


ALTER SEQUENCE tickets.team_id_seq OWNER TO postgres;

--
-- TOC entry 5790 (class 0 OID 0)
-- Dependencies: 392
-- Name: team_id_seq; Type: SEQUENCE OWNED BY; Schema: tickets; Owner: postgres
--

ALTER SEQUENCE tickets.team_id_seq OWNED BY tickets.team.id;


--
-- TOC entry 395 (class 1259 OID 19142)
-- Name: team_members; Type: TABLE; Schema: tickets; Owner: postgres
--

CREATE TABLE tickets.team_members (
    id integer NOT NULL,
    team_id integer NOT NULL,
    user_id integer NOT NULL,
    added_at timestamp without time zone DEFAULT CURRENT_TIMESTAMP,
    approve_level integer,
    is_approver boolean DEFAULT false
);


ALTER TABLE tickets.team_members OWNER TO postgres;

--
-- TOC entry 394 (class 1259 OID 19141)
-- Name: team_members_id_seq; Type: SEQUENCE; Schema: tickets; Owner: postgres
--

CREATE SEQUENCE tickets.team_members_id_seq
    AS integer
    START WITH 1
    INCREMENT BY 1
    NO MINVALUE
    NO MAXVALUE
    CACHE 1;


ALTER SEQUENCE tickets.team_members_id_seq OWNER TO postgres;

--
-- TOC entry 5791 (class 0 OID 0)
-- Dependencies: 394
-- Name: team_members_id_seq; Type: SEQUENCE OWNED BY; Schema: tickets; Owner: postgres
--

ALTER SEQUENCE tickets.team_members_id_seq OWNED BY tickets.team_members.id;


--
-- TOC entry 397 (class 1259 OID 19170)
-- Name: ticket_approval_status; Type: TABLE; Schema: tickets; Owner: postgres
--

CREATE TABLE tickets.ticket_approval_status (
    id integer NOT NULL,
    ticket_id integer NOT NULL,
    approve_line_id integer NOT NULL,
    level integer NOT NULL,
    user_id integer NOT NULL,
    status_id integer DEFAULT 6,
    action_time timestamp without time zone,
    remark text
);


ALTER TABLE tickets.ticket_approval_status OWNER TO postgres;

--
-- TOC entry 396 (class 1259 OID 19169)
-- Name: ticket_approval_status_id_seq; Type: SEQUENCE; Schema: tickets; Owner: postgres
--

CREATE SEQUENCE tickets.ticket_approval_status_id_seq
    AS integer
    START WITH 1
    INCREMENT BY 1
    NO MINVALUE
    NO MAXVALUE
    CACHE 1;


ALTER SEQUENCE tickets.ticket_approval_status_id_seq OWNER TO postgres;

--
-- TOC entry 5792 (class 0 OID 0)
-- Dependencies: 396
-- Name: ticket_approval_status_id_seq; Type: SEQUENCE OWNED BY; Schema: tickets; Owner: postgres
--

ALTER SEQUENCE tickets.ticket_approval_status_id_seq OWNED BY tickets.ticket_approval_status.id;


--
-- TOC entry 348 (class 1259 OID 18574)
-- Name: ticket_data_adjust; Type: TABLE; Schema: tickets; Owner: postgres
--

CREATE TABLE tickets.ticket_data_adjust (
    id integer NOT NULL,
    ticket_id integer NOT NULL,
    adj_category character varying(100),
    source_cust character varying(255),
    target_cust character varying(255),
    promo_info character varying(255),
    earn_master character varying(255),
    amount numeric(12,2),
    target_customer_name character varying(255),
    target_promo_code character varying(100),
    target_promo_name character varying(255),
    target_earn_master character varying(255),
    target_amount numeric(12,2)
);


ALTER TABLE tickets.ticket_data_adjust OWNER TO postgres;

--
-- TOC entry 347 (class 1259 OID 18573)
-- Name: ticket_data_adjust_id_seq; Type: SEQUENCE; Schema: tickets; Owner: postgres
--

CREATE SEQUENCE tickets.ticket_data_adjust_id_seq
    AS integer
    START WITH 1
    INCREMENT BY 1
    NO MINVALUE
    NO MAXVALUE
    CACHE 1;


ALTER SEQUENCE tickets.ticket_data_adjust_id_seq OWNER TO postgres;

--
-- TOC entry 5793 (class 0 OID 0)
-- Dependencies: 347
-- Name: ticket_data_adjust_id_seq; Type: SEQUENCE OWNED BY; Schema: tickets; Owner: postgres
--

ALTER SEQUENCE tickets.ticket_data_adjust_id_seq OWNED BY tickets.ticket_data_adjust.id;


--
-- TOC entry 389 (class 1259 OID 19046)
-- Name: ticket_data_building_repair; Type: TABLE; Schema: tickets; Owner: postgres
--

CREATE TABLE tickets.ticket_data_building_repair (
    id integer NOT NULL,
    ticket_id integer NOT NULL,
    user_id integer NOT NULL,
    problem_detail text NOT NULL,
    department character varying(100) NOT NULL,
    building character varying(100) NOT NULL,
    created_at timestamp without time zone DEFAULT CURRENT_TIMESTAMP
);


ALTER TABLE tickets.ticket_data_building_repair OWNER TO postgres;

--
-- TOC entry 388 (class 1259 OID 19045)
-- Name: ticket_data_building_repair_id_seq; Type: SEQUENCE; Schema: tickets; Owner: postgres
--

CREATE SEQUENCE tickets.ticket_data_building_repair_id_seq
    AS integer
    START WITH 1
    INCREMENT BY 1
    NO MINVALUE
    NO MAXVALUE
    CACHE 1;


ALTER SEQUENCE tickets.ticket_data_building_repair_id_seq OWNER TO postgres;

--
-- TOC entry 5794 (class 0 OID 0)
-- Dependencies: 388
-- Name: ticket_data_building_repair_id_seq; Type: SEQUENCE OWNED BY; Schema: tickets; Owner: postgres
--

ALTER SEQUENCE tickets.ticket_data_building_repair_id_seq OWNED BY tickets.ticket_data_building_repair.id;


--
-- TOC entry 346 (class 1259 OID 18558)
-- Name: ticket_data_erp_app; Type: TABLE; Schema: tickets; Owner: postgres
--

CREATE TABLE tickets.ticket_data_erp_app (
    id integer NOT NULL,
    ticket_id integer NOT NULL,
    module_access boolean,
    perm_change boolean,
    report_access boolean,
    app_new boolean,
    app_edit boolean,
    module_name character varying(255),
    doc_no character varying(100),
    old_value text,
    new_value text,
    promo_name character varying(255),
    target_date date,
    requester_names text,
    start_date date,
    end_date date
);


ALTER TABLE tickets.ticket_data_erp_app OWNER TO postgres;

--
-- TOC entry 345 (class 1259 OID 18557)
-- Name: ticket_data_erp_app_id_seq; Type: SEQUENCE; Schema: tickets; Owner: postgres
--

CREATE SEQUENCE tickets.ticket_data_erp_app_id_seq
    AS integer
    START WITH 1
    INCREMENT BY 1
    NO MINVALUE
    NO MAXVALUE
    CACHE 1;


ALTER SEQUENCE tickets.ticket_data_erp_app_id_seq OWNER TO postgres;

--
-- TOC entry 5795 (class 0 OID 0)
-- Dependencies: 345
-- Name: ticket_data_erp_app_id_seq; Type: SEQUENCE OWNED BY; Schema: tickets; Owner: postgres
--

ALTER SEQUENCE tickets.ticket_data_erp_app_id_seq OWNED BY tickets.ticket_data_erp_app.id;


--
-- TOC entry 350 (class 1259 OID 18590)
-- Name: ticket_data_vpn; Type: TABLE; Schema: tickets; Owner: postgres
--

CREATE TABLE tickets.ticket_data_vpn (
    id integer NOT NULL,
    ticket_id integer NOT NULL,
    start_date date,
    end_date date,
    vpn_reason text,
    uservpn character varying
);


ALTER TABLE tickets.ticket_data_vpn OWNER TO postgres;

--
-- TOC entry 349 (class 1259 OID 18589)
-- Name: ticket_data_vpn_id_seq; Type: SEQUENCE; Schema: tickets; Owner: postgres
--

CREATE SEQUENCE tickets.ticket_data_vpn_id_seq
    AS integer
    START WITH 1
    INCREMENT BY 1
    NO MINVALUE
    NO MAXVALUE
    CACHE 1;


ALTER SEQUENCE tickets.ticket_data_vpn_id_seq OWNER TO postgres;

--
-- TOC entry 5796 (class 0 OID 0)
-- Dependencies: 349
-- Name: ticket_data_vpn_id_seq; Type: SEQUENCE OWNED BY; Schema: tickets; Owner: postgres
--

ALTER SEQUENCE tickets.ticket_data_vpn_id_seq OWNED BY tickets.ticket_data_vpn.id;


--
-- TOC entry 364 (class 1259 OID 18723)
-- Name: ticket_files; Type: TABLE; Schema: tickets; Owner: postgres
--

CREATE TABLE tickets.ticket_files (
    id integer NOT NULL,
    ticket_id integer NOT NULL,
    ref_type character varying(20),
    ref_id integer,
    file_name character varying(255),
    file_path text,
    file_type character varying(100),
    file_size integer,
    uploaded_by integer,
    create_at timestamp without time zone DEFAULT CURRENT_TIMESTAMP
);


ALTER TABLE tickets.ticket_files OWNER TO postgres;

--
-- TOC entry 363 (class 1259 OID 18722)
-- Name: ticket_files_id_seq; Type: SEQUENCE; Schema: tickets; Owner: postgres
--

CREATE SEQUENCE tickets.ticket_files_id_seq
    AS integer
    START WITH 1
    INCREMENT BY 1
    NO MINVALUE
    NO MAXVALUE
    CACHE 1;


ALTER SEQUENCE tickets.ticket_files_id_seq OWNER TO postgres;

--
-- TOC entry 5797 (class 0 OID 0)
-- Dependencies: 363
-- Name: ticket_files_id_seq; Type: SEQUENCE OWNED BY; Schema: tickets; Owner: postgres
--

ALTER SEQUENCE tickets.ticket_files_id_seq OWNED BY tickets.ticket_files.id;


--
-- TOC entry 342 (class 1259 OID 18519)
-- Name: ticket_type; Type: TABLE; Schema: tickets; Owner: postgres
--

CREATE TABLE tickets.ticket_type (
    id integer NOT NULL,
    name character varying(100),
    category integer,
    team_id integer
);


ALTER TABLE tickets.ticket_type OWNER TO postgres;

--
-- TOC entry 341 (class 1259 OID 18518)
-- Name: ticket_type_id_seq; Type: SEQUENCE; Schema: tickets; Owner: postgres
--

CREATE SEQUENCE tickets.ticket_type_id_seq
    AS integer
    START WITH 1
    INCREMENT BY 1
    NO MINVALUE
    NO MAXVALUE
    CACHE 1;


ALTER SEQUENCE tickets.ticket_type_id_seq OWNER TO postgres;

--
-- TOC entry 5798 (class 0 OID 0)
-- Dependencies: 341
-- Name: ticket_type_id_seq; Type: SEQUENCE OWNED BY; Schema: tickets; Owner: postgres
--

ALTER SEQUENCE tickets.ticket_type_id_seq OWNED BY tickets.ticket_type.id;


--
-- TOC entry 344 (class 1259 OID 18532)
-- Name: tickets; Type: TABLE; Schema: tickets; Owner: postgres
--

CREATE TABLE tickets.tickets (
    id integer NOT NULL,
    title character varying(255),
    description text,
    user_id integer,
    assign_id integer,
    status_id integer,
    ticket_type_id integer,
    create_at timestamp without time zone DEFAULT CURRENT_TIMESTAMP,
    due_date timestamp without time zone,
    department character varying(100)
);


ALTER TABLE tickets.tickets OWNER TO postgres;

--
-- TOC entry 360 (class 1259 OID 18685)
-- Name: tickets_comments; Type: TABLE; Schema: tickets; Owner: postgres
--

CREATE TABLE tickets.tickets_comments (
    id integer NOT NULL,
    ticket_id integer,
    user_id integer,
    comment text,
    create_at timestamp without time zone DEFAULT CURRENT_TIMESTAMP,
    is_read boolean DEFAULT false
);


ALTER TABLE tickets.tickets_comments OWNER TO postgres;

--
-- TOC entry 359 (class 1259 OID 18684)
-- Name: tickets_comments_id_seq; Type: SEQUENCE; Schema: tickets; Owner: postgres
--

CREATE SEQUENCE tickets.tickets_comments_id_seq
    AS integer
    START WITH 1
    INCREMENT BY 1
    NO MINVALUE
    NO MAXVALUE
    CACHE 1;


ALTER SEQUENCE tickets.tickets_comments_id_seq OWNER TO postgres;

--
-- TOC entry 5799 (class 0 OID 0)
-- Dependencies: 359
-- Name: tickets_comments_id_seq; Type: SEQUENCE OWNED BY; Schema: tickets; Owner: postgres
--

ALTER SEQUENCE tickets.tickets_comments_id_seq OWNED BY tickets.tickets_comments.id;


--
-- TOC entry 358 (class 1259 OID 18664)
-- Name: tickets_history; Type: TABLE; Schema: tickets; Owner: postgres
--

CREATE TABLE tickets.tickets_history (
    id integer NOT NULL,
    ticket_id integer,
    user_id integer,
    action character varying(255),
    details text,
    create_at timestamp without time zone DEFAULT CURRENT_TIMESTAMP
);


ALTER TABLE tickets.tickets_history OWNER TO postgres;

--
-- TOC entry 357 (class 1259 OID 18663)
-- Name: tickets_history_id_seq; Type: SEQUENCE; Schema: tickets; Owner: postgres
--

CREATE SEQUENCE tickets.tickets_history_id_seq
    AS integer
    START WITH 1
    INCREMENT BY 1
    NO MINVALUE
    NO MAXVALUE
    CACHE 1;


ALTER SEQUENCE tickets.tickets_history_id_seq OWNER TO postgres;

--
-- TOC entry 5800 (class 0 OID 0)
-- Dependencies: 357
-- Name: tickets_history_id_seq; Type: SEQUENCE OWNED BY; Schema: tickets; Owner: postgres
--

ALTER SEQUENCE tickets.tickets_history_id_seq OWNED BY tickets.tickets_history.id;


--
-- TOC entry 343 (class 1259 OID 18531)
-- Name: tickets_id_seq; Type: SEQUENCE; Schema: tickets; Owner: postgres
--

CREATE SEQUENCE tickets.tickets_id_seq
    AS integer
    START WITH 1
    INCREMENT BY 1
    NO MINVALUE
    NO MAXVALUE
    CACHE 1;


ALTER SEQUENCE tickets.tickets_id_seq OWNER TO postgres;

--
-- TOC entry 5801 (class 0 OID 0)
-- Dependencies: 343
-- Name: tickets_id_seq; Type: SEQUENCE OWNED BY; Schema: tickets; Owner: postgres
--

ALTER SEQUENCE tickets.tickets_id_seq OWNED BY tickets.tickets.id;


--
-- TOC entry 336 (class 1259 OID 18478)
-- Name: user_groups; Type: TABLE; Schema: tickets; Owner: postgres
--

CREATE TABLE tickets.user_groups (
    id integer NOT NULL,
    user_id integer NOT NULL,
    group_id integer NOT NULL
);


ALTER TABLE tickets.user_groups OWNER TO postgres;

--
-- TOC entry 335 (class 1259 OID 18477)
-- Name: user_groups_id_seq; Type: SEQUENCE; Schema: tickets; Owner: postgres
--

CREATE SEQUENCE tickets.user_groups_id_seq
    AS integer
    START WITH 1
    INCREMENT BY 1
    NO MINVALUE
    NO MAXVALUE
    CACHE 1;


ALTER SEQUENCE tickets.user_groups_id_seq OWNER TO postgres;

--
-- TOC entry 5802 (class 0 OID 0)
-- Dependencies: 335
-- Name: user_groups_id_seq; Type: SEQUENCE OWNED BY; Schema: tickets; Owner: postgres
--

ALTER SEQUENCE tickets.user_groups_id_seq OWNED BY tickets.user_groups.id;


--
-- TOC entry 332 (class 1259 OID 18458)
-- Name: user_permission; Type: TABLE; Schema: tickets; Owner: postgres
--

CREATE TABLE tickets.user_permission (
    id integer NOT NULL,
    erp_user_id integer,
    role character varying(20),
    active boolean DEFAULT true,
    create_at timestamp without time zone DEFAULT CURRENT_TIMESTAMP,
    update_at timestamp without time zone
);


ALTER TABLE tickets.user_permission OWNER TO postgres;

--
-- TOC entry 331 (class 1259 OID 18457)
-- Name: user_permission_id_seq; Type: SEQUENCE; Schema: tickets; Owner: postgres
--

CREATE SEQUENCE tickets.user_permission_id_seq
    AS integer
    START WITH 1
    INCREMENT BY 1
    NO MINVALUE
    NO MAXVALUE
    CACHE 1;


ALTER SEQUENCE tickets.user_permission_id_seq OWNER TO postgres;

--
-- TOC entry 5803 (class 0 OID 0)
-- Dependencies: 331
-- Name: user_permission_id_seq; Type: SEQUENCE OWNED BY; Schema: tickets; Owner: postgres
--

ALTER SEQUENCE tickets.user_permission_id_seq OWNED BY tickets.user_permission.id;


--
-- TOC entry 407 (class 1259 OID 19375)
-- Name: user_permissions; Type: TABLE; Schema: tickets; Owner: postgres
--

CREATE TABLE tickets.user_permissions (
    id integer NOT NULL,
    user_id integer NOT NULL,
    permission_id integer NOT NULL,
    allow boolean DEFAULT true,
    create_at timestamp without time zone DEFAULT CURRENT_TIMESTAMP
);


ALTER TABLE tickets.user_permissions OWNER TO postgres;

--
-- TOC entry 406 (class 1259 OID 19374)
-- Name: user_permissions_id_seq; Type: SEQUENCE; Schema: tickets; Owner: postgres
--

CREATE SEQUENCE tickets.user_permissions_id_seq
    AS integer
    START WITH 1
    INCREMENT BY 1
    NO MINVALUE
    NO MAXVALUE
    CACHE 1;


ALTER SEQUENCE tickets.user_permissions_id_seq OWNER TO postgres;

--
-- TOC entry 5804 (class 0 OID 0)
-- Dependencies: 406
-- Name: user_permissions_id_seq; Type: SEQUENCE OWNED BY; Schema: tickets; Owner: postgres
--

ALTER SEQUENCE tickets.user_permissions_id_seq OWNED BY tickets.user_permissions.id;


--
-- TOC entry 385 (class 1259 OID 18943)
-- Name: users; Type: TABLE; Schema: tickets; Owner: postgres
--

CREATE TABLE tickets.users (
    id integer NOT NULL,
    erp_user_id integer,
    username character varying(100) NOT NULL,
    full_name character varying(255),
    email character varying(255),
    is_active boolean DEFAULT true,
    created_at timestamp without time zone DEFAULT CURRENT_TIMESTAMP,
    updated_at timestamp without time zone,
    password text,
    role_id integer,
    department_id integer
);


ALTER TABLE tickets.users OWNER TO postgres;

--
-- TOC entry 384 (class 1259 OID 18942)
-- Name: users_id_seq; Type: SEQUENCE; Schema: tickets; Owner: postgres
--

CREATE SEQUENCE tickets.users_id_seq
    AS integer
    START WITH 1
    INCREMENT BY 1
    NO MINVALUE
    NO MAXVALUE
    CACHE 1;


ALTER SEQUENCE tickets.users_id_seq OWNER TO postgres;

--
-- TOC entry 5805 (class 0 OID 0)
-- Dependencies: 384
-- Name: users_id_seq; Type: SEQUENCE OWNED BY; Schema: tickets; Owner: postgres
--

ALTER SEQUENCE tickets.users_id_seq OWNED BY tickets.users.id;


--
-- TOC entry 5353 (class 2604 OID 19251)
-- Name: approve_line id; Type: DEFAULT; Schema: tickets; Owner: postgres
--

ALTER TABLE ONLY tickets.approve_line ALTER COLUMN id SET DEFAULT nextval('tickets.approve_line_id_seq'::regclass);


--
-- TOC entry 5315 (class 2604 OID 18514)
-- Name: category id; Type: DEFAULT; Schema: tickets; Owner: postgres
--

ALTER TABLE ONLY tickets.category ALTER COLUMN id SET DEFAULT nextval('tickets.category_id_seq'::regclass);


--
-- TOC entry 5314 (class 2604 OID 18501)
-- Name: department id; Type: DEFAULT; Schema: tickets; Owner: postgres
--

ALTER TABLE ONLY tickets.department ALTER COLUMN id SET DEFAULT nextval('tickets.department_id_seq'::regclass);


--
-- TOC entry 5334 (class 2604 OID 18710)
-- Name: file_document id; Type: DEFAULT; Schema: tickets; Owner: postgres
--

ALTER TABLE ONLY tickets.file_document ALTER COLUMN id SET DEFAULT nextval('tickets.file_document_id_seq'::regclass);


--
-- TOC entry 5312 (class 2604 OID 18471)
-- Name: groups id; Type: DEFAULT; Schema: tickets; Owner: postgres
--

ALTER TABLE ONLY tickets.groups ALTER COLUMN id SET DEFAULT nextval('tickets.groups_id_seq'::regclass);


--
-- TOC entry 5327 (class 2604 OID 18653)
-- Name: log id; Type: DEFAULT; Schema: tickets; Owner: postgres
--

ALTER TABLE ONLY tickets.log ALTER COLUMN id SET DEFAULT nextval('tickets.log_id_seq'::regclass);


--
-- TOC entry 5325 (class 2604 OID 18623)
-- Name: module id; Type: DEFAULT; Schema: tickets; Owner: postgres
--

ALTER TABLE ONLY tickets.module ALTER COLUMN id SET DEFAULT nextval('tickets.module_id_seq'::regclass);


--
-- TOC entry 5355 (class 2604 OID 19311)
-- Name: module_permission id; Type: DEFAULT; Schema: tickets; Owner: postgres
--

ALTER TABLE ONLY tickets.module_permission ALTER COLUMN id SET DEFAULT nextval('tickets.module_permission_id_seq'::regclass);


--
-- TOC entry 5323 (class 2604 OID 18609)
-- Name: notification id; Type: DEFAULT; Schema: tickets; Owner: postgres
--

ALTER TABLE ONLY tickets.notification ALTER COLUMN id SET DEFAULT nextval('tickets.notification_id_seq'::regclass);


--
-- TOC entry 5362 (class 2604 OID 19344)
-- Name: page_permission id; Type: DEFAULT; Schema: tickets; Owner: postgres
--

ALTER TABLE ONLY tickets.page_permission ALTER COLUMN id SET DEFAULT nextval('tickets.page_permission_id_seq'::regclass);


--
-- TOC entry 5365 (class 2604 OID 19363)
-- Name: permissions id; Type: DEFAULT; Schema: tickets; Owner: postgres
--

ALTER TABLE ONLY tickets.permissions ALTER COLUMN id SET DEFAULT nextval('tickets.permissions_id_seq'::regclass);


--
-- TOC entry 5345 (class 2604 OID 19076)
-- Name: roles id; Type: DEFAULT; Schema: tickets; Owner: postgres
--

ALTER TABLE ONLY tickets.roles ALTER COLUMN id SET DEFAULT nextval('tickets.roles_id_seq'::regclass);


--
-- TOC entry 5341 (class 2604 OID 19013)
-- Name: status id; Type: DEFAULT; Schema: tickets; Owner: postgres
--

ALTER TABLE ONLY tickets.status ALTER COLUMN id SET DEFAULT nextval('tickets.status_id_seq'::regclass);


--
-- TOC entry 5347 (class 2604 OID 19098)
-- Name: team id; Type: DEFAULT; Schema: tickets; Owner: postgres
--

ALTER TABLE ONLY tickets.team ALTER COLUMN id SET DEFAULT nextval('tickets.team_id_seq'::regclass);


--
-- TOC entry 5348 (class 2604 OID 19145)
-- Name: team_members id; Type: DEFAULT; Schema: tickets; Owner: postgres
--

ALTER TABLE ONLY tickets.team_members ALTER COLUMN id SET DEFAULT nextval('tickets.team_members_id_seq'::regclass);


--
-- TOC entry 5351 (class 2604 OID 19173)
-- Name: ticket_approval_status id; Type: DEFAULT; Schema: tickets; Owner: postgres
--

ALTER TABLE ONLY tickets.ticket_approval_status ALTER COLUMN id SET DEFAULT nextval('tickets.ticket_approval_status_id_seq'::regclass);


--
-- TOC entry 5321 (class 2604 OID 18577)
-- Name: ticket_data_adjust id; Type: DEFAULT; Schema: tickets; Owner: postgres
--

ALTER TABLE ONLY tickets.ticket_data_adjust ALTER COLUMN id SET DEFAULT nextval('tickets.ticket_data_adjust_id_seq'::regclass);


--
-- TOC entry 5343 (class 2604 OID 19049)
-- Name: ticket_data_building_repair id; Type: DEFAULT; Schema: tickets; Owner: postgres
--

ALTER TABLE ONLY tickets.ticket_data_building_repair ALTER COLUMN id SET DEFAULT nextval('tickets.ticket_data_building_repair_id_seq'::regclass);


--
-- TOC entry 5320 (class 2604 OID 18561)
-- Name: ticket_data_erp_app id; Type: DEFAULT; Schema: tickets; Owner: postgres
--

ALTER TABLE ONLY tickets.ticket_data_erp_app ALTER COLUMN id SET DEFAULT nextval('tickets.ticket_data_erp_app_id_seq'::regclass);


--
-- TOC entry 5322 (class 2604 OID 18593)
-- Name: ticket_data_vpn id; Type: DEFAULT; Schema: tickets; Owner: postgres
--

ALTER TABLE ONLY tickets.ticket_data_vpn ALTER COLUMN id SET DEFAULT nextval('tickets.ticket_data_vpn_id_seq'::regclass);


--
-- TOC entry 5336 (class 2604 OID 18726)
-- Name: ticket_files id; Type: DEFAULT; Schema: tickets; Owner: postgres
--

ALTER TABLE ONLY tickets.ticket_files ALTER COLUMN id SET DEFAULT nextval('tickets.ticket_files_id_seq'::regclass);


--
-- TOC entry 5317 (class 2604 OID 18522)
-- Name: ticket_type id; Type: DEFAULT; Schema: tickets; Owner: postgres
--

ALTER TABLE ONLY tickets.ticket_type ALTER COLUMN id SET DEFAULT nextval('tickets.ticket_type_id_seq'::regclass);


--
-- TOC entry 5318 (class 2604 OID 18535)
-- Name: tickets id; Type: DEFAULT; Schema: tickets; Owner: postgres
--

ALTER TABLE ONLY tickets.tickets ALTER COLUMN id SET DEFAULT nextval('tickets.tickets_id_seq'::regclass);


--
-- TOC entry 5331 (class 2604 OID 18688)
-- Name: tickets_comments id; Type: DEFAULT; Schema: tickets; Owner: postgres
--

ALTER TABLE ONLY tickets.tickets_comments ALTER COLUMN id SET DEFAULT nextval('tickets.tickets_comments_id_seq'::regclass);


--
-- TOC entry 5329 (class 2604 OID 18667)
-- Name: tickets_history id; Type: DEFAULT; Schema: tickets; Owner: postgres
--

ALTER TABLE ONLY tickets.tickets_history ALTER COLUMN id SET DEFAULT nextval('tickets.tickets_history_id_seq'::regclass);


--
-- TOC entry 5313 (class 2604 OID 18481)
-- Name: user_groups id; Type: DEFAULT; Schema: tickets; Owner: postgres
--

ALTER TABLE ONLY tickets.user_groups ALTER COLUMN id SET DEFAULT nextval('tickets.user_groups_id_seq'::regclass);


--
-- TOC entry 5309 (class 2604 OID 18461)
-- Name: user_permission id; Type: DEFAULT; Schema: tickets; Owner: postgres
--

ALTER TABLE ONLY tickets.user_permission ALTER COLUMN id SET DEFAULT nextval('tickets.user_permission_id_seq'::regclass);


--
-- TOC entry 5367 (class 2604 OID 19378)
-- Name: user_permissions id; Type: DEFAULT; Schema: tickets; Owner: postgres
--

ALTER TABLE ONLY tickets.user_permissions ALTER COLUMN id SET DEFAULT nextval('tickets.user_permissions_id_seq'::regclass);


--
-- TOC entry 5338 (class 2604 OID 18946)
-- Name: users id; Type: DEFAULT; Schema: tickets; Owner: postgres
--

ALTER TABLE ONLY tickets.users ALTER COLUMN id SET DEFAULT nextval('tickets.users_id_seq'::regclass);


--
-- TOC entry 5763 (class 0 OID 19248)
-- Dependencies: 399
-- Data for Name: approve_line; Type: TABLE DATA; Schema: tickets; Owner: postgres
--

INSERT INTO tickets.approve_line VALUES (1, 6, 1, 9, 18, 1);
INSERT INTO tickets.approve_line VALUES (2, 6, 2, 29, 18, 1);
INSERT INTO tickets.approve_line VALUES (4, 6, 1, 14, 18, 2);
INSERT INTO tickets.approve_line VALUES (5, 6, 2, 30, 18, 2);
INSERT INTO tickets.approve_line VALUES (10, 5, 1, 17, 18, 1);
INSERT INTO tickets.approve_line VALUES (11, 5, 2, 10, 18, 1);
INSERT INTO tickets.approve_line VALUES (12, 5, 3, 30, 18, 1);
INSERT INTO tickets.approve_line VALUES (13, 5, 4, 1, 18, 1);
INSERT INTO tickets.approve_line VALUES (14, 6, 1, 2, 18, 3);
INSERT INTO tickets.approve_line VALUES (15, 6, 2, 29, 18, 3);
INSERT INTO tickets.approve_line VALUES (16, 6, 3, 11, 18, 3);
INSERT INTO tickets.approve_line VALUES (17, 4, 1, 15, 18, 2);
INSERT INTO tickets.approve_line VALUES (18, 4, 2, 16, 18, 2);
INSERT INTO tickets.approve_line VALUES (19, 4, 3, 29, 18, 2);
INSERT INTO tickets.approve_line VALUES (20, 4, 4, 13, 18, 2);
INSERT INTO tickets.approve_line VALUES (21, 4, 1, 25, 18, 3);
INSERT INTO tickets.approve_line VALUES (22, 4, 2, 16, 18, 3);
INSERT INTO tickets.approve_line VALUES (23, 4, 3, 30, 18, 3);
INSERT INTO tickets.approve_line VALUES (24, 4, 4, 12, 18, 3);
INSERT INTO tickets.approve_line VALUES (25, 6, 1, 22, 18, 4);
INSERT INTO tickets.approve_line VALUES (26, 6, 2, 9, 18, 4);
INSERT INTO tickets.approve_line VALUES (27, 6, 3, 29, 18, 4);
INSERT INTO tickets.approve_line VALUES (28, 6, 4, 11, 18, 4);
INSERT INTO tickets.approve_line VALUES (29, 1, 1, 24, 18, 5);
INSERT INTO tickets.approve_line VALUES (30, 1, 2, 9, 18, 5);
INSERT INTO tickets.approve_line VALUES (31, 1, 3, 29, 18, 5);
INSERT INTO tickets.approve_line VALUES (32, 2, 1, 24, 17, 6);
INSERT INTO tickets.approve_line VALUES (33, 2, 2, 14, 17, 6);
INSERT INTO tickets.approve_line VALUES (34, 2, 3, 30, 17, 6);
INSERT INTO tickets.approve_line VALUES (35, 2, 1, 24, 17, 7);
INSERT INTO tickets.approve_line VALUES (36, 2, 2, 14, 17, 7);
INSERT INTO tickets.approve_line VALUES (37, 2, 3, 30, 17, 7);
INSERT INTO tickets.approve_line VALUES (38, 2, 1, 24, 17, 8);
INSERT INTO tickets.approve_line VALUES (39, 2, 2, 14, 17, 8);
INSERT INTO tickets.approve_line VALUES (40, 2, 3, 30, 17, 8);
INSERT INTO tickets.approve_line VALUES (41, 2, 1, 27, 17, 9);
INSERT INTO tickets.approve_line VALUES (42, 2, 2, 15, 17, 9);
INSERT INTO tickets.approve_line VALUES (44, 6, 1, 22, 16, 10);
INSERT INTO tickets.approve_line VALUES (45, 6, 2, 17, 16, 10);
INSERT INTO tickets.approve_line VALUES (46, 6, 3, 30, 16, 10);
INSERT INTO tickets.approve_line VALUES (47, 1, 1, 24, 19, 1);
INSERT INTO tickets.approve_line VALUES (48, 1, 2, 9, 19, 1);
INSERT INTO tickets.approve_line VALUES (49, 1, 3, 29, 19, 1);
INSERT INTO tickets.approve_line VALUES (50, 4, 1, 20, 19, 1);
INSERT INTO tickets.approve_line VALUES (51, 4, 2, 29, 19, 1);
INSERT INTO tickets.approve_line VALUES (52, 4, 1, 25, 19, 2);
INSERT INTO tickets.approve_line VALUES (53, 4, 2, 30, 19, 2);
INSERT INTO tickets.approve_line VALUES (54, 2, 1, 24, 19, 1);
INSERT INTO tickets.approve_line VALUES (55, 2, 2, 2, 19, 1);
INSERT INTO tickets.approve_line VALUES (56, 2, 3, 30, 19, 1);
INSERT INTO tickets.approve_line VALUES (57, 2, 1, 24, 21, 1);
INSERT INTO tickets.approve_line VALUES (58, 2, 2, 17, 21, 1);
INSERT INTO tickets.approve_line VALUES (59, 2, 3, 30, 21, 1);
INSERT INTO tickets.approve_line VALUES (60, 2, 1, 24, 22, 1);
INSERT INTO tickets.approve_line VALUES (61, 2, 2, 16, 22, 1);
INSERT INTO tickets.approve_line VALUES (62, 2, 3, 30, 22, 1);
INSERT INTO tickets.approve_line VALUES (65, 2, 1, 24, 22, 2);
INSERT INTO tickets.approve_line VALUES (66, 2, 2, 16, 22, 2);
INSERT INTO tickets.approve_line VALUES (67, 2, 3, 30, 22, 2);
INSERT INTO tickets.approve_line VALUES (68, 2, 4, 1, 22, 2);
INSERT INTO tickets.approve_line VALUES (69, 2, 5, 11, 22, 2);
INSERT INTO tickets.approve_line VALUES (70, 2, 6, 12, 22, 2);
INSERT INTO tickets.approve_line VALUES (71, 2, 7, 13, 22, 2);
INSERT INTO tickets.approve_line VALUES (73, 2, 1, 18, 22, 3);
INSERT INTO tickets.approve_line VALUES (74, 2, 2, 15, 22, 3);
INSERT INTO tickets.approve_line VALUES (75, 2, 3, 30, 22, 3);
INSERT INTO tickets.approve_line VALUES (76, 2, 4, 1, 22, 3);
INSERT INTO tickets.approve_line VALUES (77, 2, 5, 11, 22, 3);
INSERT INTO tickets.approve_line VALUES (78, 2, 6, 12, 22, 3);
INSERT INTO tickets.approve_line VALUES (79, 2, 7, 13, 22, 3);
INSERT INTO tickets.approve_line VALUES (81, 2, 1, 24, 19, 2);
INSERT INTO tickets.approve_line VALUES (82, 2, 2, 16, 19, 2);
INSERT INTO tickets.approve_line VALUES (83, 2, 3, 29, 19, 2);
INSERT INTO tickets.approve_line VALUES (84, 1, 1, 25, 23, 1);
INSERT INTO tickets.approve_line VALUES (85, 1, 2, 17, 23, 1);
INSERT INTO tickets.approve_line VALUES (86, 1, 3, 30, 23, 1);
INSERT INTO tickets.approve_line VALUES (87, 2, 1, 19, 23, 1);
INSERT INTO tickets.approve_line VALUES (88, 2, 2, 14, 23, 1);
INSERT INTO tickets.approve_line VALUES (89, 2, 3, 30, 23, 1);
INSERT INTO tickets.approve_line VALUES (90, 2, 1, 23, 23, 2);
INSERT INTO tickets.approve_line VALUES (91, 2, 2, 14, 23, 2);
INSERT INTO tickets.approve_line VALUES (92, 2, 3, 30, 23, 2);
INSERT INTO tickets.approve_line VALUES (93, 2, 1, 26, 23, 3);
INSERT INTO tickets.approve_line VALUES (94, 2, 2, 2, 23, 3);
INSERT INTO tickets.approve_line VALUES (95, 2, 3, 30, 23, 3);
INSERT INTO tickets.approve_line VALUES (96, 2, 1, 21, 16, 1);
INSERT INTO tickets.approve_line VALUES (97, 2, 2, 17, 16, 1);
INSERT INTO tickets.approve_line VALUES (98, 2, 3, 29, 16, 1);
INSERT INTO tickets.approve_line VALUES (99, 2, 1, 22, 16, 2);
INSERT INTO tickets.approve_line VALUES (100, 2, 2, 9, 16, 2);
INSERT INTO tickets.approve_line VALUES (101, 2, 3, 30, 16, 2);
INSERT INTO tickets.approve_line VALUES (102, 1, 1, 19, 23, 2);
INSERT INTO tickets.approve_line VALUES (103, 1, 2, 16, 23, 2);
INSERT INTO tickets.approve_line VALUES (104, 1, 3, 29, 23, 2);
INSERT INTO tickets.approve_line VALUES (105, 1, 1, 22, 18, 6);
INSERT INTO tickets.approve_line VALUES (106, 1, 2, 2, 18, 6);
INSERT INTO tickets.approve_line VALUES (107, 1, 3, 30, 18, 6);
INSERT INTO tickets.approve_line VALUES (108, 1, 1, 22, 19, 2);
INSERT INTO tickets.approve_line VALUES (109, 1, 2, 17, 19, 2);
INSERT INTO tickets.approve_line VALUES (110, 1, 3, 30, 19, 2);


--
-- TOC entry 5736 (class 0 OID 18780)
-- Dependencies: 372
-- Data for Name: auth_group; Type: TABLE DATA; Schema: tickets; Owner: postgres
--



--
-- TOC entry 5738 (class 0 OID 18790)
-- Dependencies: 374
-- Data for Name: auth_group_permissions; Type: TABLE DATA; Schema: tickets; Owner: postgres
--



--
-- TOC entry 5734 (class 0 OID 18770)
-- Dependencies: 370
-- Data for Name: auth_permission; Type: TABLE DATA; Schema: tickets; Owner: postgres
--

INSERT INTO tickets.auth_permission VALUES (1, 'Can add log entry', 1, 'add_logentry');
INSERT INTO tickets.auth_permission VALUES (2, 'Can change log entry', 1, 'change_logentry');
INSERT INTO tickets.auth_permission VALUES (3, 'Can delete log entry', 1, 'delete_logentry');
INSERT INTO tickets.auth_permission VALUES (4, 'Can view log entry', 1, 'view_logentry');
INSERT INTO tickets.auth_permission VALUES (5, 'Can add permission', 2, 'add_permission');
INSERT INTO tickets.auth_permission VALUES (6, 'Can change permission', 2, 'change_permission');
INSERT INTO tickets.auth_permission VALUES (7, 'Can delete permission', 2, 'delete_permission');
INSERT INTO tickets.auth_permission VALUES (8, 'Can view permission', 2, 'view_permission');
INSERT INTO tickets.auth_permission VALUES (9, 'Can add group', 3, 'add_group');
INSERT INTO tickets.auth_permission VALUES (10, 'Can change group', 3, 'change_group');
INSERT INTO tickets.auth_permission VALUES (11, 'Can delete group', 3, 'delete_group');
INSERT INTO tickets.auth_permission VALUES (12, 'Can view group', 3, 'view_group');
INSERT INTO tickets.auth_permission VALUES (13, 'Can add user', 4, 'add_user');
INSERT INTO tickets.auth_permission VALUES (14, 'Can change user', 4, 'change_user');
INSERT INTO tickets.auth_permission VALUES (15, 'Can delete user', 4, 'delete_user');
INSERT INTO tickets.auth_permission VALUES (16, 'Can view user', 4, 'view_user');
INSERT INTO tickets.auth_permission VALUES (17, 'Can add content type', 5, 'add_contenttype');
INSERT INTO tickets.auth_permission VALUES (18, 'Can change content type', 5, 'change_contenttype');
INSERT INTO tickets.auth_permission VALUES (19, 'Can delete content type', 5, 'delete_contenttype');
INSERT INTO tickets.auth_permission VALUES (20, 'Can view content type', 5, 'view_contenttype');
INSERT INTO tickets.auth_permission VALUES (21, 'Can add session', 6, 'add_session');
INSERT INTO tickets.auth_permission VALUES (22, 'Can change session', 6, 'change_session');
INSERT INTO tickets.auth_permission VALUES (23, 'Can delete session', 6, 'delete_session');
INSERT INTO tickets.auth_permission VALUES (24, 'Can view session', 6, 'view_session');


--
-- TOC entry 5740 (class 0 OID 18799)
-- Dependencies: 376
-- Data for Name: auth_user; Type: TABLE DATA; Schema: tickets; Owner: postgres
--



--
-- TOC entry 5742 (class 0 OID 18818)
-- Dependencies: 378
-- Data for Name: auth_user_groups; Type: TABLE DATA; Schema: tickets; Owner: postgres
--



--
-- TOC entry 5744 (class 0 OID 18827)
-- Dependencies: 380
-- Data for Name: auth_user_user_permissions; Type: TABLE DATA; Schema: tickets; Owner: postgres
--



--
-- TOC entry 5704 (class 0 OID 18511)
-- Dependencies: 340
-- Data for Name: category; Type: TABLE DATA; Schema: tickets; Owner: postgres
--

INSERT INTO tickets.category VALUES (4, 'Adjust', true);
INSERT INTO tickets.category VALUES (5, 'Application', true);
INSERT INTO tickets.category VALUES (3, 'Building ', true);
INSERT INTO tickets.category VALUES (1, 'ERP', true);
INSERT INTO tickets.category VALUES (2, 'VPN', true);
INSERT INTO tickets.category VALUES (6, 'Active Promotion ', true);


--
-- TOC entry 5702 (class 0 OID 18498)
-- Dependencies: 338
-- Data for Name: department; Type: TABLE DATA; Schema: tickets; Owner: postgres
--

INSERT INTO tickets.department VALUES (1, 'IT');
INSERT INTO tickets.department VALUES (2, 'HR');
INSERT INTO tickets.department VALUES (3, 'Finance');
INSERT INTO tickets.department VALUES (4, 'Accounting');
INSERT INTO tickets.department VALUES (5, 'Procurement');
INSERT INTO tickets.department VALUES (6, 'Sales');
INSERT INTO tickets.department VALUES (7, 'Marketing');
INSERT INTO tickets.department VALUES (8, 'Operations');
INSERT INTO tickets.department VALUES (9, 'Admin');
INSERT INTO tickets.department VALUES (10, 'Management');
INSERT INTO tickets.department VALUES (18, 'Technical Dept.');


--
-- TOC entry 5746 (class 0 OID 18888)
-- Dependencies: 382
-- Data for Name: django_admin_log; Type: TABLE DATA; Schema: tickets; Owner: postgres
--



--
-- TOC entry 5732 (class 0 OID 18758)
-- Dependencies: 368
-- Data for Name: django_content_type; Type: TABLE DATA; Schema: tickets; Owner: postgres
--

INSERT INTO tickets.django_content_type VALUES (1, 'admin', 'logentry');
INSERT INTO tickets.django_content_type VALUES (2, 'auth', 'permission');
INSERT INTO tickets.django_content_type VALUES (3, 'auth', 'group');
INSERT INTO tickets.django_content_type VALUES (4, 'auth', 'user');
INSERT INTO tickets.django_content_type VALUES (5, 'contenttypes', 'contenttype');
INSERT INTO tickets.django_content_type VALUES (6, 'sessions', 'session');


--
-- TOC entry 5730 (class 0 OID 18746)
-- Dependencies: 366
-- Data for Name: django_migrations; Type: TABLE DATA; Schema: tickets; Owner: postgres
--

INSERT INTO tickets.django_migrations VALUES (1, 'contenttypes', '0001_initial', '2026-01-13 10:23:57.377397+07');
INSERT INTO tickets.django_migrations VALUES (2, 'auth', '0001_initial', '2026-01-13 10:23:57.457205+07');
INSERT INTO tickets.django_migrations VALUES (3, 'admin', '0001_initial', '2026-01-13 10:23:57.47676+07');
INSERT INTO tickets.django_migrations VALUES (4, 'admin', '0002_logentry_remove_auto_add', '2026-01-13 10:23:57.484922+07');
INSERT INTO tickets.django_migrations VALUES (5, 'admin', '0003_logentry_add_action_flag_choices', '2026-01-13 10:23:57.491176+07');
INSERT INTO tickets.django_migrations VALUES (6, 'contenttypes', '0002_remove_content_type_name', '2026-01-13 10:23:57.508513+07');
INSERT INTO tickets.django_migrations VALUES (7, 'auth', '0002_alter_permission_name_max_length', '2026-01-13 10:23:57.517915+07');
INSERT INTO tickets.django_migrations VALUES (8, 'auth', '0003_alter_user_email_max_length', '2026-01-13 10:23:57.524672+07');
INSERT INTO tickets.django_migrations VALUES (9, 'auth', '0004_alter_user_username_opts', '2026-01-13 10:23:57.531426+07');
INSERT INTO tickets.django_migrations VALUES (10, 'auth', '0005_alter_user_last_login_null', '2026-01-13 10:23:57.53899+07');
INSERT INTO tickets.django_migrations VALUES (11, 'auth', '0006_require_contenttypes_0002', '2026-01-13 10:23:57.53899+07');
INSERT INTO tickets.django_migrations VALUES (12, 'auth', '0007_alter_validators_add_error_messages', '2026-01-13 10:23:57.547509+07');
INSERT INTO tickets.django_migrations VALUES (13, 'auth', '0008_alter_user_username_max_length', '2026-01-13 10:23:57.559148+07');
INSERT INTO tickets.django_migrations VALUES (14, 'auth', '0009_alter_user_last_name_max_length', '2026-01-13 10:23:57.566137+07');
INSERT INTO tickets.django_migrations VALUES (15, 'auth', '0010_alter_group_name_max_length', '2026-01-13 10:23:57.572382+07');
INSERT INTO tickets.django_migrations VALUES (16, 'auth', '0011_update_proxy_permissions', '2026-01-13 10:23:57.58005+07');
INSERT INTO tickets.django_migrations VALUES (17, 'auth', '0012_alter_user_first_name_max_length', '2026-01-13 10:23:57.586581+07');
INSERT INTO tickets.django_migrations VALUES (18, 'sessions', '0001_initial', '2026-01-13 10:23:57.596884+07');


--
-- TOC entry 5747 (class 0 OID 18928)
-- Dependencies: 383
-- Data for Name: django_session; Type: TABLE DATA; Schema: tickets; Owner: postgres
--

INSERT INTO tickets.django_session VALUES ('pm72xr5kjv9eex7gffrqaq7fn88ans67', '.eJyrViotTi1SsqpWykxRsjLWAXPzEnNTlazATANDJR2ltNKcnHioYHB-bnJGYqaCV2JmSmoqULIoPwemWKm2FgAbBRpA:1vfa6Q:pdaxibE1xt2omYHGl9ev9tEbPn0f7He3ScJQ3gfcjdU', '2026-01-27 15:50:14.466228+07');
INSERT INTO tickets.django_session VALUES ('1a0k1ys4z0d4z5931sthbtvz8hlk4ygg', '.eJyrViotTi1SsqpWykxRsjLUAXPzEnNTlayUElNyM_MMDJV0lNJKc3LioaLBlcUlqbkKjiBJoFRRfg5crVJtLQAZjRo6:1vfvoD:CXlM-vi4QUi580dZSTNvO19E87aEwgw1tN8kXE5djh8', '2026-01-28 15:00:53.338152+07');
INSERT INTO tickets.django_session VALUES ('h356xfnvxnseffqm3fzbrg5zxuuzz3g5', '.eJyrViotTi1SsqpWykxRsjLUAXPzEnNTlayUElNyM_MMDJV0lNJKc3LioaLBlcUlqbkKjiBJoFRRfg5crVJtLQAZjRo6:1vgJMU:M22koib5KxN8xRFeAhGqBYY1V64yJEMwS7RxC9nNOT8', '2026-01-29 16:09:50.951217+07');
INSERT INTO tickets.django_session VALUES ('jptjy67pwp7n0hjt763ok4wfpg4wxqez', '.eJyrViotTi1SsqpWykxRsjLUAXPzEnNTlayUElNyM_MMDJV0lNJKc3LioaLBlcUlqbkKjiBJoFRRfg5crVJtLQAZjRo6:1vgK5D:ycEgbO9Y7Yv67A1VD2wexlN_V6mKekicTV84dMIvKbg', '2026-01-29 16:56:03.103471+07');


--
-- TOC entry 5726 (class 0 OID 18707)
-- Dependencies: 362
-- Data for Name: file_document; Type: TABLE DATA; Schema: tickets; Owner: postgres
--



--
-- TOC entry 5698 (class 0 OID 18468)
-- Dependencies: 334
-- Data for Name: groups; Type: TABLE DATA; Schema: tickets; Owner: postgres
--



--
-- TOC entry 5720 (class 0 OID 18650)
-- Dependencies: 356
-- Data for Name: log; Type: TABLE DATA; Schema: tickets; Owner: postgres
--



--
-- TOC entry 5718 (class 0 OID 18620)
-- Dependencies: 354
-- Data for Name: module; Type: TABLE DATA; Schema: tickets; Owner: postgres
--

INSERT INTO tickets.module VALUES (2, 'tickets', '/tickets', '', '2026-01-16 14:39:19.10176');
INSERT INTO tickets.module VALUES (3, 'ticket_detail', '/tickets/detail', '', '2026-01-16 14:39:19.10176');
INSERT INTO tickets.module VALUES (4, 'create', '/create', '', '2026-01-16 14:39:19.10176');
INSERT INTO tickets.module VALUES (5, 'erp', '/create/erp-perm', 'formerp', '2026-01-16 14:39:19.10176');
INSERT INTO tickets.module VALUES (6, 'repairs', '/create/repairs', 'form', '2026-01-16 14:39:19.10176');
INSERT INTO tickets.module VALUES (7, 'adjust', '/create/adjust', 'form', '2026-01-16 14:39:19.10176');
INSERT INTO tickets.module VALUES (8, 'app', '/create/app', 'formapp', '2026-01-16 14:39:19.10176');
INSERT INTO tickets.module VALUES (9, 'report', '/create/report', 'form', '2026-01-16 14:39:19.10176');
INSERT INTO tickets.module VALUES (10, 'active promotion', '/create/active_promotion', 'form', '2026-01-16 14:39:19.10176');
INSERT INTO tickets.module VALUES (11, 'vpn', '/create/vpn', 'formvpn', '2026-01-16 14:39:19.10176');
INSERT INTO tickets.module VALUES (12, 'borrows', '/create/borrows', 'form', '2026-01-16 14:39:19.10176');
INSERT INTO tickets.module VALUES (1, 'Dashboard', '/', ' ', '2026-01-16 14:39:19.10176');


--
-- TOC entry 5765 (class 0 OID 19308)
-- Dependencies: 401
-- Data for Name: module_permission; Type: TABLE DATA; Schema: tickets; Owner: postgres
--



--
-- TOC entry 5716 (class 0 OID 18606)
-- Dependencies: 352
-- Data for Name: notification; Type: TABLE DATA; Schema: tickets; Owner: postgres
--



--
-- TOC entry 5767 (class 0 OID 19341)
-- Dependencies: 403
-- Data for Name: page_permission; Type: TABLE DATA; Schema: tickets; Owner: postgres
--

INSERT INTO tickets.page_permission VALUES (1, 1, 'index', true, '2026-02-11 16:32:25.982165', NULL);
INSERT INTO tickets.page_permission VALUES (2, 1, 'dashboard', true, '2026-02-11 16:32:25.982165', NULL);
INSERT INTO tickets.page_permission VALUES (3, 1, 'login', true, '2026-02-11 16:32:25.982165', NULL);
INSERT INTO tickets.page_permission VALUES (4, 1, 'logout', true, '2026-02-11 16:32:25.982165', NULL);
INSERT INTO tickets.page_permission VALUES (5, 1, 'tickets_list', true, '2026-02-11 16:32:25.982165', NULL);
INSERT INTO tickets.page_permission VALUES (6, 1, 'tickets_detail_erp', true, '2026-02-11 16:32:25.982165', NULL);
INSERT INTO tickets.page_permission VALUES (7, 1, 'tickets_detail_vpn', true, '2026-02-11 16:32:25.982165', NULL);
INSERT INTO tickets.page_permission VALUES (8, 1, 'tickets_detail_repairs', true, '2026-02-11 16:32:25.982165', NULL);
INSERT INTO tickets.page_permission VALUES (9, 1, 'tickets_detail_report', true, '2026-02-11 16:32:25.982165', NULL);
INSERT INTO tickets.page_permission VALUES (10, 1, 'tickets_detail_newapp', true, '2026-02-11 16:32:25.982165', NULL);
INSERT INTO tickets.page_permission VALUES (11, 1, 'active_promotion_detail', true, '2026-02-11 16:32:25.982165', NULL);
INSERT INTO tickets.page_permission VALUES (12, 1, 'create', true, '2026-02-11 16:32:25.982165', NULL);
INSERT INTO tickets.page_permission VALUES (13, 1, 'erp_perm', true, '2026-02-11 16:32:25.982165', NULL);
INSERT INTO tickets.page_permission VALUES (14, 1, 'repairs_form', true, '2026-02-11 16:32:25.982165', NULL);
INSERT INTO tickets.page_permission VALUES (15, 1, 'adjust_form', true, '2026-02-11 16:32:25.982165', NULL);
INSERT INTO tickets.page_permission VALUES (16, 1, 'app_form', true, '2026-02-11 16:32:25.982165', NULL);
INSERT INTO tickets.page_permission VALUES (17, 1, 'report_form', true, '2026-02-11 16:32:25.982165', NULL);
INSERT INTO tickets.page_permission VALUES (18, 1, 'active_promotion_form', true, '2026-02-11 16:32:25.982165', NULL);
INSERT INTO tickets.page_permission VALUES (19, 1, 'vpn', true, '2026-02-11 16:32:25.982165', NULL);
INSERT INTO tickets.page_permission VALUES (20, 1, 'borrows', true, '2026-02-11 16:32:25.982165', NULL);
INSERT INTO tickets.page_permission VALUES (21, 1, 'ticket_success', true, '2026-02-11 16:32:25.982165', NULL);
INSERT INTO tickets.page_permission VALUES (22, 1, 'setting_team', true, '2026-02-11 16:32:25.982165', NULL);
INSERT INTO tickets.page_permission VALUES (23, 1, 'team_adduser', true, '2026-02-11 16:32:25.982165', NULL);
INSERT INTO tickets.page_permission VALUES (24, 1, 'team_removeuser', true, '2026-02-11 16:32:25.982165', NULL);
INSERT INTO tickets.page_permission VALUES (25, 1, 'add_approve_line', true, '2026-02-11 16:32:25.982165', NULL);
INSERT INTO tickets.page_permission VALUES (26, 1, 'approval_flow_detail', true, '2026-02-11 16:32:25.982165', NULL);
INSERT INTO tickets.page_permission VALUES (27, 1, 'manage_user', true, '2026-02-11 16:32:25.982165', NULL);
INSERT INTO tickets.page_permission VALUES (28, 1, 'delete_ticket', true, '2026-02-11 16:32:25.982165', NULL);
INSERT INTO tickets.page_permission VALUES (29, 1, 'approve_ticket', true, '2026-02-11 16:32:25.982165', NULL);
INSERT INTO tickets.page_permission VALUES (30, 1, 'admin_complete_ticket', true, '2026-02-11 16:32:25.982165', NULL);
INSERT INTO tickets.page_permission VALUES (31, 1, 'tickets_accepting_work', true, '2026-02-11 16:32:25.982165', NULL);
INSERT INTO tickets.page_permission VALUES (32, 1, 'admin_accept_work', true, '2026-02-11 16:32:25.982165', NULL);
INSERT INTO tickets.page_permission VALUES (33, 1, 'manage_permission', true, '2026-02-11 16:32:25.982165', NULL);
INSERT INTO tickets.page_permission VALUES (34, 1, '/', true, '2026-02-12 02:32:49.70388', NULL);


--
-- TOC entry 5769 (class 0 OID 19360)
-- Dependencies: 405
-- Data for Name: permissions; Type: TABLE DATA; Schema: tickets; Owner: postgres
--

INSERT INTO tickets.permissions VALUES (1, 'index', 'index', '', '2026-02-12 09:33:28.694192');
INSERT INTO tickets.permissions VALUES (2, 'dashboard', 'dashboard', ' Dashboard', '2026-02-12 09:33:28.694192');
INSERT INTO tickets.permissions VALUES (3, 'login', 'login', '', '2026-02-12 09:33:28.694192');
INSERT INTO tickets.permissions VALUES (4, 'logout', 'logout', '', '2026-02-12 09:33:28.694192');
INSERT INTO tickets.permissions VALUES (5, 'tickets_list', 'tickets_list', ' Tickets', '2026-02-12 09:33:28.694192');
INSERT INTO tickets.permissions VALUES (6, 'tickets_detail_erp', 'tickets_detail_erp', ' ERP', '2026-02-12 09:33:28.694192');
INSERT INTO tickets.permissions VALUES (7, 'tickets_detail_vpn', 'tickets_detail_vpn', ' VPN', '2026-02-12 09:33:28.694192');
INSERT INTO tickets.permissions VALUES (8, 'tickets_detail_repairs', 'tickets_detail_repairs', ' Repairs', '2026-02-12 09:33:28.694192');
INSERT INTO tickets.permissions VALUES (9, 'tickets_detail_report', 'tickets_detail_report', ' Report', '2026-02-12 09:33:28.694192');
INSERT INTO tickets.permissions VALUES (10, 'tickets_detail_newapp', 'tickets_detail_newapp', ' New App', '2026-02-12 09:33:28.694192');
INSERT INTO tickets.permissions VALUES (11, 'active_promotion_detail', 'active_promotion_detail', ' Promotion', '2026-02-12 09:33:28.694192');
INSERT INTO tickets.permissions VALUES (12, 'create', 'create', ' Ticket', '2026-02-12 09:33:28.694192');
INSERT INTO tickets.permissions VALUES (13, 'erp_perm', 'erp_perm', ' ERP Permission', '2026-02-12 09:33:28.694192');
INSERT INTO tickets.permissions VALUES (14, 'repairs_form', 'repairs_form', ' Repairs', '2026-02-12 09:33:28.694192');
INSERT INTO tickets.permissions VALUES (15, 'adjust_form', 'adjust_form', ' Adjust', '2026-02-12 09:33:28.694192');
INSERT INTO tickets.permissions VALUES (16, 'app_form', 'app_form', ' App', '2026-02-12 09:33:28.694192');
INSERT INTO tickets.permissions VALUES (17, 'report_form', 'report_form', ' Report', '2026-02-12 09:33:28.694192');
INSERT INTO tickets.permissions VALUES (18, 'active_promotion_form', 'active_promotion_form', ' Active Promotion', '2026-02-12 09:33:28.694192');
INSERT INTO tickets.permissions VALUES (19, 'vpn', 'vpn', ' VPN', '2026-02-12 09:33:28.694192');
INSERT INTO tickets.permissions VALUES (20, 'borrows', 'borrows', ' Borrow', '2026-02-12 09:33:28.694192');
INSERT INTO tickets.permissions VALUES (21, 'ticket_success', 'ticket_success', ' Ticket', '2026-02-12 09:33:28.694192');
INSERT INTO tickets.permissions VALUES (22, 'setting_team', 'setting_team', ' Team', '2026-02-12 09:33:28.694192');
INSERT INTO tickets.permissions VALUES (23, 'team_adduser', 'team_adduser', ' Team', '2026-02-12 09:33:28.694192');
INSERT INTO tickets.permissions VALUES (24, 'team_removeuser', 'team_removeuser', ' Team', '2026-02-12 09:33:28.694192');
INSERT INTO tickets.permissions VALUES (25, 'add_approve_line', 'add_approve_line', '', '2026-02-12 09:33:28.694192');
INSERT INTO tickets.permissions VALUES (26, 'approval_flow_detail', 'approval_flow_detail', ' Approval Flow', '2026-02-12 09:33:28.694192');
INSERT INTO tickets.permissions VALUES (27, 'manage_user', 'manage_user', '', '2026-02-12 09:33:28.694192');
INSERT INTO tickets.permissions VALUES (28, 'delete_ticket', 'delete_ticket', ' Ticket', '2026-02-12 09:33:28.694192');
INSERT INTO tickets.permissions VALUES (29, 'approve_ticket', 'approve_ticket', ' Ticket', '2026-02-12 09:33:28.694192');
INSERT INTO tickets.permissions VALUES (30, 'admin_complete_ticket', 'admin_complete_ticket', 'Admin ', '2026-02-12 09:33:28.694192');
INSERT INTO tickets.permissions VALUES (31, 'tickets_accepting_work', 'tickets_accepting_work', '', '2026-02-12 09:33:28.694192');
INSERT INTO tickets.permissions VALUES (32, 'admin_accept_work', 'admin_accept_work', 'Admin ', '2026-02-12 09:33:28.694192');
INSERT INTO tickets.permissions VALUES (33, 'manage_permission', 'manage_permission', '', '2026-02-12 09:33:28.694192');


--
-- TOC entry 5755 (class 0 OID 19073)
-- Dependencies: 391
-- Data for Name: roles; Type: TABLE DATA; Schema: tickets; Owner: postgres
--

INSERT INTO tickets.roles VALUES (1, 'admin', '2026-01-16 14:10:05.718989');
INSERT INTO tickets.roles VALUES (2, 'manager', '2026-01-16 14:10:05.718989');
INSERT INTO tickets.roles VALUES (3, 'user', '2026-01-16 14:10:05.718989');


--
-- TOC entry 5751 (class 0 OID 19010)
-- Dependencies: 387
-- Data for Name: status; Type: TABLE DATA; Schema: tickets; Owner: postgres
--

INSERT INTO tickets.status VALUES (1, 'Waiting for Approve', 'document');
INSERT INTO tickets.status VALUES (4, 'In Progress', 'document');
INSERT INTO tickets.status VALUES (5, 'Completed', 'document');
INSERT INTO tickets.status VALUES (2, 'Approved', 'approve_level');
INSERT INTO tickets.status VALUES (3, 'Rejected', 'approve_level');
INSERT INTO tickets.status VALUES (6, 'Waiting', 'approve_level');
INSERT INTO tickets.status VALUES (7, 'Pending', 'approve_level');
INSERT INTO tickets.status VALUES (8, 'Accepting work', 'document');


--
-- TOC entry 5757 (class 0 OID 19095)
-- Dependencies: 393
-- Data for Name: team; Type: TABLE DATA; Schema: tickets; Owner: postgres
--

INSERT INTO tickets.team VALUES (18, 'Sales', 7, 4, 26);
INSERT INTO tickets.team VALUES (15, 'CEO', 10, 29, 30);
INSERT INTO tickets.team VALUES (17, 'Admin', 9, 11, 12);
INSERT INTO tickets.team VALUES (16, '', 4, 16, 15);
INSERT INTO tickets.team VALUES (19, '', 6, NULL, NULL);
INSERT INTO tickets.team VALUES (20, '', 9, NULL, NULL);
INSERT INTO tickets.team VALUES (21, '', 2, NULL, NULL);
INSERT INTO tickets.team VALUES (22, '', 6, NULL, NULL);
INSERT INTO tickets.team VALUES (23, '', 6, NULL, NULL);


--
-- TOC entry 5759 (class 0 OID 19142)
-- Dependencies: 395
-- Data for Name: team_members; Type: TABLE DATA; Schema: tickets; Owner: postgres
--

INSERT INTO tickets.team_members VALUES (14, 16, 22, '2026-01-26 03:36:24.883842', NULL, false);
INSERT INTO tickets.team_members VALUES (15, 16, 23, '2026-01-26 03:36:28.136109', NULL, false);
INSERT INTO tickets.team_members VALUES (16, 16, 24, '2026-01-26 03:36:33.274947', NULL, false);
INSERT INTO tickets.team_members VALUES (17, 15, 13, '2026-01-26 03:37:01.582921', NULL, false);
INSERT INTO tickets.team_members VALUES (18, 15, 2, '2026-01-26 03:37:05.956191', NULL, false);
INSERT INTO tickets.team_members VALUES (19, 18, 27, '2026-01-26 03:37:42.673074', NULL, false);
INSERT INTO tickets.team_members VALUES (20, 18, 25, '2026-01-26 03:37:46.23982', NULL, false);
INSERT INTO tickets.team_members VALUES (21, 18, 24, '2026-01-26 03:37:49.382321', NULL, false);
INSERT INTO tickets.team_members VALUES (22, 17, 11, '2026-01-26 08:46:38.762306', NULL, false);
INSERT INTO tickets.team_members VALUES (23, 17, 12, '2026-01-26 08:46:40.814329', NULL, false);
INSERT INTO tickets.team_members VALUES (24, 17, 13, '2026-01-26 08:46:42.519101', NULL, false);
INSERT INTO tickets.team_members VALUES (25, 17, 1, '2026-01-26 08:46:46.412387', NULL, false);
INSERT INTO tickets.team_members VALUES (26, 19, 3, '2026-01-29 07:59:52.118815', NULL, false);
INSERT INTO tickets.team_members VALUES (27, 19, 4, '2026-01-29 08:00:50.870828', NULL, false);
INSERT INTO tickets.team_members VALUES (28, 19, 18, '2026-01-29 08:01:03.899055', NULL, false);
INSERT INTO tickets.team_members VALUES (30, 21, 3, '2026-02-02 09:03:21.717983', NULL, false);
INSERT INTO tickets.team_members VALUES (31, 22, 27, '2026-02-03 07:10:38.390102', NULL, false);
INSERT INTO tickets.team_members VALUES (32, 22, 22, '2026-02-03 07:10:46.029099', NULL, false);
INSERT INTO tickets.team_members VALUES (33, 22, 21, '2026-02-03 07:10:49.268493', NULL, false);
INSERT INTO tickets.team_members VALUES (34, 23, 27, '2026-02-04 08:11:06.511448', NULL, false);


--
-- TOC entry 5761 (class 0 OID 19170)
-- Dependencies: 397
-- Data for Name: ticket_approval_status; Type: TABLE DATA; Schema: tickets; Owner: postgres
--

INSERT INTO tickets.ticket_approval_status VALUES (2, 64, 48, 2, 9, 6, NULL, NULL);
INSERT INTO tickets.ticket_approval_status VALUES (3, 64, 49, 3, 29, 6, NULL, NULL);
INSERT INTO tickets.ticket_approval_status VALUES (15, 68, 49, 3, 29, 7, NULL, NULL);
INSERT INTO tickets.ticket_approval_status VALUES (1, 64, 47, 1, 24, 7, NULL, NULL);
INSERT INTO tickets.ticket_approval_status VALUES (10, 67, 47, 1, 24, 6, '2026-02-02 07:35:39.755886', '');
INSERT INTO tickets.ticket_approval_status VALUES (8, 66, 48, 2, 9, 2, '2026-02-10 04:08:28.131195', '');
INSERT INTO tickets.ticket_approval_status VALUES (11, 67, 48, 2, 9, 6, '2026-02-02 07:36:38.103033', '');
INSERT INTO tickets.ticket_approval_status VALUES (9, 66, 49, 3, 29, 7, NULL, NULL);
INSERT INTO tickets.ticket_approval_status VALUES (12, 67, 49, 3, 29, 6, '2026-02-02 07:36:59.644547', '');
INSERT INTO tickets.ticket_approval_status VALUES (13, 68, 47, 1, 24, 6, '2026-02-02 07:40:29.546764', '');
INSERT INTO tickets.ticket_approval_status VALUES (7, 66, 47, 1, 24, 6, '2026-02-02 07:49:31.480816', '');
INSERT INTO tickets.ticket_approval_status VALUES (16, 71, 47, 1, 24, 7, NULL, NULL);
INSERT INTO tickets.ticket_approval_status VALUES (17, 71, 48, 2, 9, 6, NULL, NULL);
INSERT INTO tickets.ticket_approval_status VALUES (18, 71, 49, 3, 29, 6, NULL, NULL);
INSERT INTO tickets.ticket_approval_status VALUES (19, 72, 54, 1, 24, 7, NULL, NULL);
INSERT INTO tickets.ticket_approval_status VALUES (20, 72, 55, 2, 2, 6, NULL, NULL);
INSERT INTO tickets.ticket_approval_status VALUES (21, 72, 56, 3, 30, 6, NULL, NULL);
INSERT INTO tickets.ticket_approval_status VALUES (4, 65, 47, 1, 24, 6, '2026-02-03 06:47:05.93498', '');
INSERT INTO tickets.ticket_approval_status VALUES (36, 80, 56, 3, 30, 2, '2026-02-10 04:08:45.117445', '');
INSERT INTO tickets.ticket_approval_status VALUES (5, 65, 48, 2, 9, 6, '2026-02-03 06:47:31.743194', '');
INSERT INTO tickets.ticket_approval_status VALUES (33, 79, 56, 3, 30, 2, '2026-02-10 04:08:51.113552', '');
INSERT INTO tickets.ticket_approval_status VALUES (6, 65, 49, 3, 29, 6, '2026-02-03 06:47:42.988816', '');
INSERT INTO tickets.ticket_approval_status VALUES (22, 76, 60, 1, 24, 7, NULL, NULL);
INSERT INTO tickets.ticket_approval_status VALUES (23, 76, 61, 2, 16, 6, NULL, NULL);
INSERT INTO tickets.ticket_approval_status VALUES (24, 76, 62, 3, 30, 6, NULL, NULL);
INSERT INTO tickets.ticket_approval_status VALUES (28, 78, 54, 1, 24, 6, '2026-02-04 02:59:41.548689', '');
INSERT INTO tickets.ticket_approval_status VALUES (30, 78, 56, 3, 30, 2, '2026-02-10 04:08:54.400582', '');
INSERT INTO tickets.ticket_approval_status VALUES (29, 78, 55, 2, 2, 6, '2026-02-04 03:04:06.267345', '');
INSERT INTO tickets.ticket_approval_status VALUES (78, 97, 110, 3, 30, 2, '2026-02-10 08:20:28.593244', '');
INSERT INTO tickets.ticket_approval_status VALUES (31, 79, 54, 1, 24, 6, '2026-02-04 03:06:29.632643', '');
INSERT INTO tickets.ticket_approval_status VALUES (34, 80, 54, 1, 24, 6, '2026-02-04 07:00:05.3248', '');
INSERT INTO tickets.ticket_approval_status VALUES (25, 77, 47, 1, 24, 6, '2026-02-04 07:00:18.274702', '');
INSERT INTO tickets.ticket_approval_status VALUES (37, 82, 84, 1, 25, 7, NULL, NULL);
INSERT INTO tickets.ticket_approval_status VALUES (38, 82, 85, 2, 17, 6, NULL, NULL);
INSERT INTO tickets.ticket_approval_status VALUES (39, 82, 86, 3, 30, 6, NULL, NULL);
INSERT INTO tickets.ticket_approval_status VALUES (40, 83, 84, 1, 25, 7, NULL, NULL);
INSERT INTO tickets.ticket_approval_status VALUES (41, 83, 85, 2, 17, 6, NULL, NULL);
INSERT INTO tickets.ticket_approval_status VALUES (42, 83, 86, 3, 30, 6, NULL, NULL);
INSERT INTO tickets.ticket_approval_status VALUES (67, 96, 47, 1, 24, 2, '2026-02-10 04:28:29.186219', '');
INSERT INTO tickets.ticket_approval_status VALUES (68, 96, 108, 1, 22, 2, '2026-02-10 04:28:29.186219', '');
INSERT INTO tickets.ticket_approval_status VALUES (32, 79, 55, 2, 2, 6, '2026-02-04 09:10:59.144873', '');
INSERT INTO tickets.ticket_approval_status VALUES (35, 80, 55, 2, 2, 6, '2026-02-04 09:11:05.233571', '');
INSERT INTO tickets.ticket_approval_status VALUES (46, 87, 96, 1, 21, 6, '2026-02-04 09:32:58.445256', '');
INSERT INTO tickets.ticket_approval_status VALUES (47, 87, 97, 2, 17, 6, '2026-02-04 09:32:58.445256', '');
INSERT INTO tickets.ticket_approval_status VALUES (48, 87, 98, 3, 29, 6, '2026-02-04 09:32:58.445256', '');
INSERT INTO tickets.ticket_approval_status VALUES (43, 84, 60, 1, 24, 6, '2026-02-04 09:33:16.526403', '');
INSERT INTO tickets.ticket_approval_status VALUES (44, 84, 61, 2, 16, 6, '2026-02-04 09:33:16.526403', '');
INSERT INTO tickets.ticket_approval_status VALUES (45, 84, 62, 3, 30, 6, '2026-02-04 09:33:16.526403', '');
INSERT INTO tickets.ticket_approval_status VALUES (49, 88, 84, 1, 25, 7, NULL, NULL);
INSERT INTO tickets.ticket_approval_status VALUES (50, 88, 85, 2, 17, 6, NULL, NULL);
INSERT INTO tickets.ticket_approval_status VALUES (51, 88, 86, 3, 30, 6, NULL, NULL);
INSERT INTO tickets.ticket_approval_status VALUES (52, 89, 84, 1, 25, 7, NULL, NULL);
INSERT INTO tickets.ticket_approval_status VALUES (53, 89, 85, 2, 17, 6, NULL, NULL);
INSERT INTO tickets.ticket_approval_status VALUES (54, 89, 86, 3, 30, 6, NULL, NULL);
INSERT INTO tickets.ticket_approval_status VALUES (55, 94, 54, 1, 24, 2, '2026-02-10 02:11:07.765832', '');
INSERT INTO tickets.ticket_approval_status VALUES (56, 94, 81, 1, 24, 2, '2026-02-10 02:11:07.765832', '');
INSERT INTO tickets.ticket_approval_status VALUES (84, 98, 110, 3, 30, 2, '2026-02-10 08:32:01.117407', '');
INSERT INTO tickets.ticket_approval_status VALUES (57, 94, 55, 2, 2, 2, '2026-02-10 02:18:33.000599', '');
INSERT INTO tickets.ticket_approval_status VALUES (58, 94, 82, 2, 16, 2, '2026-02-10 02:18:33.000599', '');
INSERT INTO tickets.ticket_approval_status VALUES (69, 96, 48, 2, 9, 2, '2026-02-10 04:28:38.723643', '');
INSERT INTO tickets.ticket_approval_status VALUES (70, 96, 109, 2, 17, 2, '2026-02-10 04:28:38.723643', '');
INSERT INTO tickets.ticket_approval_status VALUES (59, 94, 56, 3, 30, 2, '2026-02-10 02:20:19.140736', '');
INSERT INTO tickets.ticket_approval_status VALUES (60, 94, 83, 3, 29, 2, '2026-02-10 02:20:19.140736', '');
INSERT INTO tickets.ticket_approval_status VALUES (61, 95, 54, 1, 24, 2, '2026-02-10 02:29:25.789293', '');
INSERT INTO tickets.ticket_approval_status VALUES (62, 95, 81, 1, 24, 2, '2026-02-10 02:29:25.789293', '');
INSERT INTO tickets.ticket_approval_status VALUES (63, 95, 55, 2, 2, 2, '2026-02-10 02:32:00.874906', '');
INSERT INTO tickets.ticket_approval_status VALUES (64, 95, 82, 2, 16, 2, '2026-02-10 02:32:00.874906', '');
INSERT INTO tickets.ticket_approval_status VALUES (71, 96, 49, 3, 29, 2, '2026-02-10 04:28:51.08606', '');
INSERT INTO tickets.ticket_approval_status VALUES (72, 96, 110, 3, 30, 2, '2026-02-10 04:28:51.08606', '');
INSERT INTO tickets.ticket_approval_status VALUES (65, 95, 56, 3, 30, 2, '2026-02-10 03:40:48.586135', '');
INSERT INTO tickets.ticket_approval_status VALUES (66, 95, 83, 3, 29, 2, '2026-02-10 03:40:48.586135', '');
INSERT INTO tickets.ticket_approval_status VALUES (26, 77, 48, 2, 9, 2, '2026-02-10 04:08:15.285454', '');
INSERT INTO tickets.ticket_approval_status VALUES (27, 77, 49, 3, 29, 7, NULL, NULL);
INSERT INTO tickets.ticket_approval_status VALUES (14, 68, 48, 2, 9, 2, '2026-02-10 04:08:21.895658', '');
INSERT INTO tickets.ticket_approval_status VALUES (73, 97, 47, 1, 24, 2, '2026-02-10 08:18:54.245172', '');
INSERT INTO tickets.ticket_approval_status VALUES (74, 97, 108, 1, 22, 2, '2026-02-10 08:18:54.245172', '');
INSERT INTO tickets.ticket_approval_status VALUES (75, 97, 48, 2, 9, 2, '2026-02-10 08:19:52.006816', '');
INSERT INTO tickets.ticket_approval_status VALUES (76, 97, 109, 2, 17, 2, '2026-02-10 08:19:52.006816', '');
INSERT INTO tickets.ticket_approval_status VALUES (77, 97, 49, 3, 29, 2, '2026-02-10 08:20:28.593244', '');
INSERT INTO tickets.ticket_approval_status VALUES (79, 98, 47, 1, 24, 2, '2026-02-10 08:31:38.668094', '');
INSERT INTO tickets.ticket_approval_status VALUES (80, 98, 108, 1, 22, 2, '2026-02-10 08:31:38.668094', '');
INSERT INTO tickets.ticket_approval_status VALUES (81, 98, 48, 2, 9, 2, '2026-02-10 08:31:51.857281', '');
INSERT INTO tickets.ticket_approval_status VALUES (82, 98, 109, 2, 17, 2, '2026-02-10 08:31:51.857281', '');
INSERT INTO tickets.ticket_approval_status VALUES (83, 98, 49, 3, 29, 2, '2026-02-10 08:32:01.117407', '');


--
-- TOC entry 5712 (class 0 OID 18574)
-- Dependencies: 348
-- Data for Name: ticket_data_adjust; Type: TABLE DATA; Schema: tickets; Owner: postgres
--



--
-- TOC entry 5753 (class 0 OID 19046)
-- Dependencies: 389
-- Data for Name: ticket_data_building_repair; Type: TABLE DATA; Schema: tickets; Owner: postgres
--



--
-- TOC entry 5710 (class 0 OID 18558)
-- Dependencies: 346
-- Data for Name: ticket_data_erp_app; Type: TABLE DATA; Schema: tickets; Owner: postgres
--

INSERT INTO tickets.ticket_data_erp_app VALUES (34, 65, true, true, NULL, NULL, NULL, ' ', NULL, NULL, NULL, NULL, NULL, ' ', NULL, NULL);
INSERT INTO tickets.ticket_data_erp_app VALUES (35, 66, true, false, NULL, NULL, NULL, ' ', NULL, NULL, NULL, NULL, NULL, ' ', NULL, NULL);
INSERT INTO tickets.ticket_data_erp_app VALUES (36, 67, true, true, NULL, NULL, NULL, ' ', NULL, NULL, NULL, NULL, NULL, ' ', NULL, NULL);
INSERT INTO tickets.ticket_data_erp_app VALUES (37, 68, true, true, NULL, NULL, NULL, 'SuperProMax', NULL, NULL, NULL, NULL, NULL, ' ', NULL, NULL);
INSERT INTO tickets.ticket_data_erp_app VALUES (40, 77, true, true, NULL, NULL, NULL, 'SuperProMax', NULL, NULL, NULL, NULL, NULL, ' eiei', NULL, NULL);
INSERT INTO tickets.ticket_data_erp_app VALUES (43, 88, true, true, NULL, NULL, NULL, 'PPAP', NULL, NULL, NULL, NULL, NULL, '', NULL, NULL);
INSERT INTO tickets.ticket_data_erp_app VALUES (44, 89, true, false, NULL, NULL, NULL, 'SuperProMaxxxxxxxxxx', NULL, NULL, NULL, NULL, NULL, ' ', NULL, NULL);
INSERT INTO tickets.ticket_data_erp_app VALUES (45, 96, true, false, NULL, NULL, NULL, 'SuperProMaxxxxxxxxxx', NULL, NULL, NULL, NULL, NULL, ' ', NULL, NULL);
INSERT INTO tickets.ticket_data_erp_app VALUES (46, 97, true, true, NULL, NULL, NULL, 'SuperProMaxxxxxxxxxx', NULL, NULL, NULL, NULL, NULL, ' ', NULL, NULL);
INSERT INTO tickets.ticket_data_erp_app VALUES (47, 98, true, true, NULL, NULL, NULL, 'PPAP', NULL, NULL, NULL, NULL, NULL, '', NULL, NULL);


--
-- TOC entry 5714 (class 0 OID 18590)
-- Dependencies: 350
-- Data for Name: ticket_data_vpn; Type: TABLE DATA; Schema: tickets; Owner: postgres
--

INSERT INTO tickets.ticket_data_vpn VALUES (7, 78, '2026-02-04', '2026-02-08', 'sssss', ' 
A');
INSERT INTO tickets.ticket_data_vpn VALUES (8, 79, '2026-02-05', '2026-02-26', 'p', 'n');
INSERT INTO tickets.ticket_data_vpn VALUES (9, 80, '2026-02-04', '2026-02-11', 'FOA', 'n
 ');
INSERT INTO tickets.ticket_data_vpn VALUES (10, 84, '2026-02-05', '2026-02-08', 'GGWP', '');
INSERT INTO tickets.ticket_data_vpn VALUES (11, 87, '2026-02-11', '2026-02-13', 'HAHAHA', ' ');
INSERT INTO tickets.ticket_data_vpn VALUES (12, 94, '2026-02-10', '2026-02-24', 'PPP', ' 
A');
INSERT INTO tickets.ticket_data_vpn VALUES (13, 95, '2026-02-10', '2026-02-15', '', ' 
A
B');


--
-- TOC entry 5728 (class 0 OID 18723)
-- Dependencies: 364
-- Data for Name: ticket_files; Type: TABLE DATA; Schema: tickets; Owner: postgres
--



--
-- TOC entry 5706 (class 0 OID 18519)
-- Dependencies: 342
-- Data for Name: ticket_type; Type: TABLE DATA; Schema: tickets; Owner: postgres
--

INSERT INTO tickets.ticket_type VALUES (2, ' User ', 1, NULL);
INSERT INTO tickets.ticket_type VALUES (1, '', 1, NULL);
INSERT INTO tickets.ticket_type VALUES (3, ' VPN', 2, NULL);
INSERT INTO tickets.ticket_type VALUES (4, '', 3, NULL);
INSERT INTO tickets.ticket_type VALUES (5, '', 4, NULL);
INSERT INTO tickets.ticket_type VALUES (6, '', 4, NULL);
INSERT INTO tickets.ticket_type VALUES (7, '', 4, NULL);
INSERT INTO tickets.ticket_type VALUES (8, '', 4, NULL);
INSERT INTO tickets.ticket_type VALUES (9, 'Application', 5, NULL);
INSERT INTO tickets.ticket_type VALUES (10, 'Application', 5, NULL);
INSERT INTO tickets.ticket_type VALUES (11, '', 5, NULL);
INSERT INTO tickets.ticket_type VALUES (12, 'Active Promotion Package', 6, NULL);


--
-- TOC entry 5708 (class 0 OID 18532)
-- Dependencies: 344
-- Data for Name: tickets; Type: TABLE DATA; Schema: tickets; Owner: postgres
--

INSERT INTO tickets.tickets VALUES (98, '', 'SOS', 3, NULL, 5, 1, '2026-02-10 08:27:44.986219', NULL, '{}');
INSERT INTO tickets.tickets VALUES (96, ' User ', '', 4, NULL, 5, 2, '2026-02-10 04:28:00.920448', NULL, '{}');
INSERT INTO tickets.tickets VALUES (62, ' User ', 'PP', 1, NULL, 5, 2, '2026-01-29 07:30:22.892672', NULL, '{}');
INSERT INTO tickets.tickets VALUES (95, ' Virtual Private Network (VPN)', '', 4, NULL, 5, 3, '2026-02-10 02:28:09.365935', NULL, 'ti, , A');
INSERT INTO tickets.tickets VALUES (94, ' Virtual Private Network (VPN)', 'PPP', 4, NULL, 5, 3, '2026-02-10 02:10:54.096561', NULL, 'ti, ');
INSERT INTO tickets.tickets VALUES (89, ' User ', '', 27, NULL, 5, 2, '2026-02-06 09:03:37.6644', NULL, '{}');
INSERT INTO tickets.tickets VALUES (88, '', 'SOS', 27, NULL, 5, 1, '2026-02-04 09:48:12.533708', NULL, '{}');
INSERT INTO tickets.tickets VALUES (80, ' Virtual Private Network (VPN)', 'FOA', 3, NULL, 5, 3, '2026-02-04 06:29:42.96467', NULL, 'ti, ');
INSERT INTO tickets.tickets VALUES (79, ' Virtual Private Network (VPN)', 'p', 3, NULL, 5, 3, '2026-02-04 03:05:48.36404', NULL, 'ti');
INSERT INTO tickets.tickets VALUES (78, ' Virtual Private Network (VPN)', 'sssss', 3, NULL, 5, 3, '2026-02-04 02:58:58.726229', NULL, 'it, ');
INSERT INTO tickets.tickets VALUES (77, '', '', 18, NULL, 5, 1, '2026-02-04 02:54:06.339016', NULL, '{}');
INSERT INTO tickets.tickets VALUES (65, '', '', 18, NULL, 5, 1, '2026-01-30 07:04:56.957659', NULL, '{}');
INSERT INTO tickets.tickets VALUES (67, '', '', 4, NULL, 5, 1, '2026-02-02 07:04:42.427692', NULL, '{}');
INSERT INTO tickets.tickets VALUES (68, '', '', 3, NULL, 5, 1, '2026-02-02 07:40:09.901811', NULL, '{}');
INSERT INTO tickets.tickets VALUES (66, ' User ', '', 4, NULL, 5, 2, '2026-02-02 06:28:06.282578', NULL, '{}');
INSERT INTO tickets.tickets VALUES (97, '', '>>>', 3, NULL, 2, 1, '2026-02-10 08:18:11.61439', NULL, '{}');
INSERT INTO tickets.tickets VALUES (81, '', '', 1, NULL, 5, 1, '2026-02-04 06:48:35.72899', NULL, '{}');
INSERT INTO tickets.tickets VALUES (87, ' Virtual Private Network (VPN)', 'HAHAHA', 23, NULL, 5, 3, '2026-02-04 08:54:00.201536', NULL, 'ti');
INSERT INTO tickets.tickets VALUES (86, 'Active Promotion Package', 'Promotion: MANA
: it
: 06/02/2026 - 12/02/2026

:
Dash', 23, NULL, 5, 12, '2026-02-04 08:52:56.183419', NULL, 'it');
INSERT INTO tickets.tickets VALUES (84, ' Virtual Private Network (VPN)', 'GGWP', 27, NULL, 5, 3, '2026-02-04 08:15:37.760839', NULL, '');


--
-- TOC entry 5724 (class 0 OID 18685)
-- Dependencies: 360
-- Data for Name: tickets_comments; Type: TABLE DATA; Schema: tickets; Owner: postgres
--



--
-- TOC entry 5722 (class 0 OID 18664)
-- Dependencies: 358
-- Data for Name: tickets_history; Type: TABLE DATA; Schema: tickets; Owner: postgres
--



--
-- TOC entry 5700 (class 0 OID 18478)
-- Dependencies: 336
-- Data for Name: user_groups; Type: TABLE DATA; Schema: tickets; Owner: postgres
--



--
-- TOC entry 5696 (class 0 OID 18458)
-- Dependencies: 332
-- Data for Name: user_permission; Type: TABLE DATA; Schema: tickets; Owner: postgres
--



--
-- TOC entry 5771 (class 0 OID 19375)
-- Dependencies: 407
-- Data for Name: user_permissions; Type: TABLE DATA; Schema: tickets; Owner: postgres
--

INSERT INTO tickets.user_permissions VALUES (1, 1, 11, true, '2026-02-12 02:49:44.061439');
INSERT INTO tickets.user_permissions VALUES (2, 1, 18, true, '2026-02-12 02:49:49.660935');
INSERT INTO tickets.user_permissions VALUES (3, 1, 25, true, '2026-02-12 02:49:55.016684');
INSERT INTO tickets.user_permissions VALUES (4, 1, 15, true, '2026-02-12 02:49:58.380247');
INSERT INTO tickets.user_permissions VALUES (5, 1, 32, true, '2026-02-12 02:50:03.859981');
INSERT INTO tickets.user_permissions VALUES (6, 1, 30, true, '2026-02-12 02:50:13.465514');
INSERT INTO tickets.user_permissions VALUES (7, 1, 16, true, '2026-02-12 02:50:19.600716');
INSERT INTO tickets.user_permissions VALUES (8, 1, 26, true, '2026-02-12 02:50:29.349768');
INSERT INTO tickets.user_permissions VALUES (9, 1, 29, true, '2026-02-12 02:50:39.58142');
INSERT INTO tickets.user_permissions VALUES (10, 1, 20, true, '2026-02-12 02:50:44.229064');
INSERT INTO tickets.user_permissions VALUES (11, 1, 12, true, '2026-02-12 02:50:50.224474');
INSERT INTO tickets.user_permissions VALUES (12, 1, 2, true, '2026-02-12 02:50:55.17953');
INSERT INTO tickets.user_permissions VALUES (13, 1, 28, true, '2026-02-12 02:51:11.666771');
INSERT INTO tickets.user_permissions VALUES (14, 1, 13, true, '2026-02-12 02:51:22.167679');
INSERT INTO tickets.user_permissions VALUES (15, 1, 1, true, '2026-02-12 02:52:18.398');
INSERT INTO tickets.user_permissions VALUES (16, 1, 3, true, '2026-02-12 02:52:26.512645');
INSERT INTO tickets.user_permissions VALUES (17, 1, 4, true, '2026-02-12 02:52:29.993423');
INSERT INTO tickets.user_permissions VALUES (18, 1, 33, true, '2026-02-12 02:52:33.146533');
INSERT INTO tickets.user_permissions VALUES (19, 1, 27, true, '2026-02-12 02:52:43.460276');
INSERT INTO tickets.user_permissions VALUES (20, 1, 14, true, '2026-02-12 02:52:50.480149');
INSERT INTO tickets.user_permissions VALUES (22, 1, 17, true, '2026-02-12 02:53:05.963165');
INSERT INTO tickets.user_permissions VALUES (23, 1, 22, true, '2026-02-12 02:53:11.394041');
INSERT INTO tickets.user_permissions VALUES (24, 1, 23, true, '2026-02-12 02:53:15.990673');
INSERT INTO tickets.user_permissions VALUES (25, 1, 24, true, '2026-02-12 02:53:33.143713');
INSERT INTO tickets.user_permissions VALUES (26, 1, 21, true, '2026-02-12 02:53:58.324622');
INSERT INTO tickets.user_permissions VALUES (27, 1, 31, true, '2026-02-12 02:54:05.972205');
INSERT INTO tickets.user_permissions VALUES (28, 1, 6, true, '2026-02-12 02:54:12.94049');
INSERT INTO tickets.user_permissions VALUES (29, 1, 10, true, '2026-02-12 02:54:18.738612');
INSERT INTO tickets.user_permissions VALUES (30, 1, 8, true, '2026-02-12 02:54:22.571434');
INSERT INTO tickets.user_permissions VALUES (31, 1, 9, true, '2026-02-12 02:54:26.670761');
INSERT INTO tickets.user_permissions VALUES (32, 1, 7, true, '2026-02-12 02:54:29.785893');
INSERT INTO tickets.user_permissions VALUES (33, 1, 5, true, '2026-02-12 02:54:33.868831');
INSERT INTO tickets.user_permissions VALUES (34, 1, 19, true, '2026-02-12 02:54:37.519212');
INSERT INTO tickets.user_permissions VALUES (134, 13, 11, true, '2026-02-12 03:19:46.597191');
INSERT INTO tickets.user_permissions VALUES (135, 13, 18, true, '2026-02-12 03:19:46.597951');
INSERT INTO tickets.user_permissions VALUES (136, 13, 25, true, '2026-02-12 03:19:46.598394');
INSERT INTO tickets.user_permissions VALUES (137, 13, 15, true, '2026-02-12 03:19:46.600411');
INSERT INTO tickets.user_permissions VALUES (138, 13, 32, true, '2026-02-12 03:19:46.60161');
INSERT INTO tickets.user_permissions VALUES (139, 13, 30, true, '2026-02-12 03:19:46.602983');
INSERT INTO tickets.user_permissions VALUES (140, 13, 16, true, '2026-02-12 03:19:46.604308');
INSERT INTO tickets.user_permissions VALUES (141, 13, 26, true, '2026-02-12 03:19:46.605381');
INSERT INTO tickets.user_permissions VALUES (142, 13, 29, true, '2026-02-12 03:19:46.605841');
INSERT INTO tickets.user_permissions VALUES (143, 13, 20, true, '2026-02-12 03:19:46.606255');
INSERT INTO tickets.user_permissions VALUES (144, 13, 12, true, '2026-02-12 03:19:46.606527');
INSERT INTO tickets.user_permissions VALUES (145, 13, 2, true, '2026-02-12 03:19:46.606802');
INSERT INTO tickets.user_permissions VALUES (146, 13, 28, true, '2026-02-12 03:19:46.607079');
INSERT INTO tickets.user_permissions VALUES (147, 13, 13, true, '2026-02-12 03:19:46.607378');
INSERT INTO tickets.user_permissions VALUES (148, 13, 1, true, '2026-02-12 03:19:46.607655');
INSERT INTO tickets.user_permissions VALUES (149, 13, 3, true, '2026-02-12 03:19:46.607919');
INSERT INTO tickets.user_permissions VALUES (150, 13, 4, true, '2026-02-12 03:19:46.608152');
INSERT INTO tickets.user_permissions VALUES (151, 13, 33, true, '2026-02-12 03:19:46.608442');
INSERT INTO tickets.user_permissions VALUES (152, 13, 27, true, '2026-02-12 03:19:46.608678');
INSERT INTO tickets.user_permissions VALUES (153, 13, 14, true, '2026-02-12 03:19:46.608913');
INSERT INTO tickets.user_permissions VALUES (154, 13, 17, true, '2026-02-12 03:19:46.609154');
INSERT INTO tickets.user_permissions VALUES (155, 13, 22, true, '2026-02-12 03:19:46.609415');
INSERT INTO tickets.user_permissions VALUES (156, 13, 23, true, '2026-02-12 03:19:46.609665');
INSERT INTO tickets.user_permissions VALUES (157, 13, 24, true, '2026-02-12 03:19:46.609894');
INSERT INTO tickets.user_permissions VALUES (158, 13, 21, true, '2026-02-12 03:19:46.610122');
INSERT INTO tickets.user_permissions VALUES (159, 13, 31, true, '2026-02-12 03:19:46.610343');
INSERT INTO tickets.user_permissions VALUES (160, 13, 6, true, '2026-02-12 03:19:46.610562');
INSERT INTO tickets.user_permissions VALUES (161, 13, 10, true, '2026-02-12 03:19:46.610786');
INSERT INTO tickets.user_permissions VALUES (162, 13, 8, true, '2026-02-12 03:19:46.611008');
INSERT INTO tickets.user_permissions VALUES (163, 13, 9, true, '2026-02-12 03:19:46.611257');
INSERT INTO tickets.user_permissions VALUES (164, 13, 7, true, '2026-02-12 03:19:46.611548');
INSERT INTO tickets.user_permissions VALUES (165, 13, 5, true, '2026-02-12 03:19:46.611846');
INSERT INTO tickets.user_permissions VALUES (166, 13, 19, true, '2026-02-12 03:19:46.612177');
INSERT INTO tickets.user_permissions VALUES (167, 12, 11, true, '2026-02-12 03:19:53.345593');
INSERT INTO tickets.user_permissions VALUES (168, 12, 18, true, '2026-02-12 03:19:53.346449');
INSERT INTO tickets.user_permissions VALUES (169, 12, 25, true, '2026-02-12 03:19:53.346798');
INSERT INTO tickets.user_permissions VALUES (170, 12, 15, true, '2026-02-12 03:19:53.347129');
INSERT INTO tickets.user_permissions VALUES (171, 12, 32, true, '2026-02-12 03:19:53.347432');
INSERT INTO tickets.user_permissions VALUES (172, 12, 30, true, '2026-02-12 03:19:53.347724');
INSERT INTO tickets.user_permissions VALUES (173, 12, 16, true, '2026-02-12 03:19:53.348054');
INSERT INTO tickets.user_permissions VALUES (174, 12, 26, true, '2026-02-12 03:19:53.348406');
INSERT INTO tickets.user_permissions VALUES (175, 12, 29, true, '2026-02-12 03:19:53.349329');
INSERT INTO tickets.user_permissions VALUES (176, 12, 20, true, '2026-02-12 03:19:53.350466');
INSERT INTO tickets.user_permissions VALUES (177, 12, 12, true, '2026-02-12 03:19:53.351663');
INSERT INTO tickets.user_permissions VALUES (178, 12, 2, true, '2026-02-12 03:19:53.352878');
INSERT INTO tickets.user_permissions VALUES (179, 12, 28, true, '2026-02-12 03:19:53.353881');
INSERT INTO tickets.user_permissions VALUES (180, 12, 13, true, '2026-02-12 03:19:53.354434');
INSERT INTO tickets.user_permissions VALUES (181, 12, 1, true, '2026-02-12 03:19:53.355303');
INSERT INTO tickets.user_permissions VALUES (182, 12, 3, true, '2026-02-12 03:19:53.356263');
INSERT INTO tickets.user_permissions VALUES (183, 12, 4, true, '2026-02-12 03:19:53.356682');
INSERT INTO tickets.user_permissions VALUES (184, 12, 33, true, '2026-02-12 03:19:53.357187');
INSERT INTO tickets.user_permissions VALUES (185, 12, 27, true, '2026-02-12 03:19:53.357529');
INSERT INTO tickets.user_permissions VALUES (186, 12, 14, true, '2026-02-12 03:19:53.35778');
INSERT INTO tickets.user_permissions VALUES (187, 12, 17, true, '2026-02-12 03:19:53.358024');
INSERT INTO tickets.user_permissions VALUES (188, 12, 22, true, '2026-02-12 03:19:53.358312');
INSERT INTO tickets.user_permissions VALUES (189, 12, 23, true, '2026-02-12 03:19:53.358598');
INSERT INTO tickets.user_permissions VALUES (190, 12, 24, true, '2026-02-12 03:19:53.358836');
INSERT INTO tickets.user_permissions VALUES (191, 12, 21, true, '2026-02-12 03:19:53.35906');
INSERT INTO tickets.user_permissions VALUES (192, 12, 31, true, '2026-02-12 03:19:53.359279');
INSERT INTO tickets.user_permissions VALUES (193, 12, 6, true, '2026-02-12 03:19:53.359493');
INSERT INTO tickets.user_permissions VALUES (194, 12, 10, true, '2026-02-12 03:19:53.359713');
INSERT INTO tickets.user_permissions VALUES (195, 12, 8, true, '2026-02-12 03:19:53.35993');
INSERT INTO tickets.user_permissions VALUES (196, 12, 9, true, '2026-02-12 03:19:53.36023');
INSERT INTO tickets.user_permissions VALUES (197, 12, 7, true, '2026-02-12 03:19:53.360516');
INSERT INTO tickets.user_permissions VALUES (198, 12, 5, true, '2026-02-12 03:19:53.360933');
INSERT INTO tickets.user_permissions VALUES (199, 12, 19, true, '2026-02-12 03:19:53.361197');
INSERT INTO tickets.user_permissions VALUES (200, 39, 11, true, '2026-02-12 03:20:51.68997');
INSERT INTO tickets.user_permissions VALUES (201, 39, 18, true, '2026-02-12 03:20:51.690957');
INSERT INTO tickets.user_permissions VALUES (202, 39, 25, true, '2026-02-12 03:20:51.691458');
INSERT INTO tickets.user_permissions VALUES (203, 39, 15, true, '2026-02-12 03:20:51.691917');
INSERT INTO tickets.user_permissions VALUES (204, 39, 32, true, '2026-02-12 03:20:51.692375');
INSERT INTO tickets.user_permissions VALUES (205, 39, 30, true, '2026-02-12 03:20:51.692835');
INSERT INTO tickets.user_permissions VALUES (206, 39, 16, true, '2026-02-12 03:20:51.693303');
INSERT INTO tickets.user_permissions VALUES (207, 39, 26, true, '2026-02-12 03:20:51.693574');
INSERT INTO tickets.user_permissions VALUES (208, 39, 29, true, '2026-02-12 03:20:51.693852');
INSERT INTO tickets.user_permissions VALUES (209, 39, 20, true, '2026-02-12 03:20:51.694216');
INSERT INTO tickets.user_permissions VALUES (210, 39, 12, true, '2026-02-12 03:20:51.694539');
INSERT INTO tickets.user_permissions VALUES (211, 39, 2, true, '2026-02-12 03:20:51.694787');
INSERT INTO tickets.user_permissions VALUES (212, 39, 28, true, '2026-02-12 03:20:51.69524');
INSERT INTO tickets.user_permissions VALUES (213, 39, 13, true, '2026-02-12 03:20:51.696123');
INSERT INTO tickets.user_permissions VALUES (214, 39, 1, true, '2026-02-12 03:20:51.696914');
INSERT INTO tickets.user_permissions VALUES (215, 39, 3, true, '2026-02-12 03:20:51.697459');
INSERT INTO tickets.user_permissions VALUES (216, 39, 4, true, '2026-02-12 03:20:51.697889');
INSERT INTO tickets.user_permissions VALUES (217, 39, 33, true, '2026-02-12 03:20:51.698571');
INSERT INTO tickets.user_permissions VALUES (218, 39, 27, true, '2026-02-12 03:20:51.69907');
INSERT INTO tickets.user_permissions VALUES (219, 39, 14, true, '2026-02-12 03:20:51.699432');
INSERT INTO tickets.user_permissions VALUES (220, 39, 17, true, '2026-02-12 03:20:51.699724');
INSERT INTO tickets.user_permissions VALUES (221, 39, 22, true, '2026-02-12 03:20:51.700009');
INSERT INTO tickets.user_permissions VALUES (222, 39, 23, true, '2026-02-12 03:20:51.700303');
INSERT INTO tickets.user_permissions VALUES (223, 39, 24, true, '2026-02-12 03:20:51.700631');
INSERT INTO tickets.user_permissions VALUES (224, 39, 21, true, '2026-02-12 03:20:51.700953');
INSERT INTO tickets.user_permissions VALUES (225, 39, 31, true, '2026-02-12 03:20:51.701204');
INSERT INTO tickets.user_permissions VALUES (226, 39, 6, true, '2026-02-12 03:20:51.701599');
INSERT INTO tickets.user_permissions VALUES (227, 39, 10, true, '2026-02-12 03:20:51.701887');
INSERT INTO tickets.user_permissions VALUES (228, 39, 8, true, '2026-02-12 03:20:51.702134');
INSERT INTO tickets.user_permissions VALUES (229, 39, 9, true, '2026-02-12 03:20:51.702403');
INSERT INTO tickets.user_permissions VALUES (230, 39, 7, true, '2026-02-12 03:20:51.702646');
INSERT INTO tickets.user_permissions VALUES (231, 39, 5, true, '2026-02-12 03:20:51.702907');
INSERT INTO tickets.user_permissions VALUES (232, 39, 19, true, '2026-02-12 03:20:51.703135');
INSERT INTO tickets.user_permissions VALUES (233, 11, 11, true, '2026-02-12 03:21:17.874181');
INSERT INTO tickets.user_permissions VALUES (234, 11, 18, true, '2026-02-12 03:21:17.875127');
INSERT INTO tickets.user_permissions VALUES (235, 11, 25, true, '2026-02-12 03:21:17.875575');
INSERT INTO tickets.user_permissions VALUES (236, 11, 15, true, '2026-02-12 03:21:17.875996');
INSERT INTO tickets.user_permissions VALUES (237, 11, 32, true, '2026-02-12 03:21:17.876388');
INSERT INTO tickets.user_permissions VALUES (238, 11, 30, true, '2026-02-12 03:21:17.876772');
INSERT INTO tickets.user_permissions VALUES (239, 11, 16, true, '2026-02-12 03:21:17.877348');
INSERT INTO tickets.user_permissions VALUES (240, 11, 26, true, '2026-02-12 03:21:17.877877');
INSERT INTO tickets.user_permissions VALUES (241, 11, 29, true, '2026-02-12 03:21:17.878583');
INSERT INTO tickets.user_permissions VALUES (242, 11, 20, true, '2026-02-12 03:21:17.879074');
INSERT INTO tickets.user_permissions VALUES (243, 11, 12, true, '2026-02-12 03:21:17.879488');
INSERT INTO tickets.user_permissions VALUES (244, 11, 2, true, '2026-02-12 03:21:17.879823');
INSERT INTO tickets.user_permissions VALUES (245, 11, 28, true, '2026-02-12 03:21:17.880146');
INSERT INTO tickets.user_permissions VALUES (246, 11, 13, true, '2026-02-12 03:21:17.88053');
INSERT INTO tickets.user_permissions VALUES (247, 11, 1, true, '2026-02-12 03:21:17.880984');
INSERT INTO tickets.user_permissions VALUES (248, 11, 3, true, '2026-02-12 03:21:17.881344');
INSERT INTO tickets.user_permissions VALUES (249, 11, 4, true, '2026-02-12 03:21:17.881567');
INSERT INTO tickets.user_permissions VALUES (250, 11, 33, true, '2026-02-12 03:21:17.881794');
INSERT INTO tickets.user_permissions VALUES (251, 11, 27, true, '2026-02-12 03:21:17.882015');
INSERT INTO tickets.user_permissions VALUES (252, 11, 14, true, '2026-02-12 03:21:17.882359');
INSERT INTO tickets.user_permissions VALUES (253, 11, 17, true, '2026-02-12 03:21:17.882605');
INSERT INTO tickets.user_permissions VALUES (254, 11, 22, true, '2026-02-12 03:21:17.882856');
INSERT INTO tickets.user_permissions VALUES (255, 11, 23, true, '2026-02-12 03:21:17.883212');
INSERT INTO tickets.user_permissions VALUES (256, 11, 24, true, '2026-02-12 03:21:17.883457');
INSERT INTO tickets.user_permissions VALUES (257, 11, 21, true, '2026-02-12 03:21:17.88371');
INSERT INTO tickets.user_permissions VALUES (258, 11, 31, true, '2026-02-12 03:21:17.88395');
INSERT INTO tickets.user_permissions VALUES (259, 11, 6, true, '2026-02-12 03:21:17.884204');
INSERT INTO tickets.user_permissions VALUES (260, 11, 10, true, '2026-02-12 03:21:17.884454');
INSERT INTO tickets.user_permissions VALUES (261, 11, 8, true, '2026-02-12 03:21:17.884755');
INSERT INTO tickets.user_permissions VALUES (262, 11, 9, true, '2026-02-12 03:21:17.885028');
INSERT INTO tickets.user_permissions VALUES (263, 11, 7, true, '2026-02-12 03:21:17.885267');
INSERT INTO tickets.user_permissions VALUES (264, 11, 5, true, '2026-02-12 03:21:17.885498');
INSERT INTO tickets.user_permissions VALUES (265, 11, 19, true, '2026-02-12 03:21:17.88573');
INSERT INTO tickets.user_permissions VALUES (292, 30, 11, true, '2026-02-12 03:37:57.83767');
INSERT INTO tickets.user_permissions VALUES (293, 30, 18, true, '2026-02-12 03:37:57.839026');
INSERT INTO tickets.user_permissions VALUES (294, 30, 25, true, '2026-02-12 03:37:57.839767');
INSERT INTO tickets.user_permissions VALUES (295, 30, 15, true, '2026-02-12 03:37:57.840732');
INSERT INTO tickets.user_permissions VALUES (296, 30, 16, true, '2026-02-12 03:37:57.841494');
INSERT INTO tickets.user_permissions VALUES (297, 30, 26, true, '2026-02-12 03:37:57.841972');
INSERT INTO tickets.user_permissions VALUES (298, 30, 29, true, '2026-02-12 03:37:57.842507');
INSERT INTO tickets.user_permissions VALUES (299, 30, 20, true, '2026-02-12 03:37:57.842901');
INSERT INTO tickets.user_permissions VALUES (300, 30, 12, true, '2026-02-12 03:37:57.84326');
INSERT INTO tickets.user_permissions VALUES (301, 30, 2, true, '2026-02-12 03:37:57.8436');
INSERT INTO tickets.user_permissions VALUES (302, 30, 28, true, '2026-02-12 03:37:57.844224');
INSERT INTO tickets.user_permissions VALUES (303, 30, 13, true, '2026-02-12 03:37:57.844633');
INSERT INTO tickets.user_permissions VALUES (304, 30, 1, true, '2026-02-12 03:37:57.844979');
INSERT INTO tickets.user_permissions VALUES (305, 30, 3, true, '2026-02-12 03:37:57.84536');
INSERT INTO tickets.user_permissions VALUES (306, 30, 4, true, '2026-02-12 03:37:57.845648');
INSERT INTO tickets.user_permissions VALUES (307, 30, 14, true, '2026-02-12 03:37:57.845925');
INSERT INTO tickets.user_permissions VALUES (308, 30, 17, true, '2026-02-12 03:37:57.846214');
INSERT INTO tickets.user_permissions VALUES (309, 30, 22, true, '2026-02-12 03:37:57.84649');
INSERT INTO tickets.user_permissions VALUES (310, 30, 23, true, '2026-02-12 03:37:57.846715');
INSERT INTO tickets.user_permissions VALUES (311, 30, 24, true, '2026-02-12 03:37:57.846935');
INSERT INTO tickets.user_permissions VALUES (312, 30, 21, true, '2026-02-12 03:37:57.847149');
INSERT INTO tickets.user_permissions VALUES (313, 30, 6, true, '2026-02-12 03:37:57.84746');
INSERT INTO tickets.user_permissions VALUES (314, 30, 10, true, '2026-02-12 03:37:57.84774');
INSERT INTO tickets.user_permissions VALUES (315, 30, 8, true, '2026-02-12 03:37:57.848092');
INSERT INTO tickets.user_permissions VALUES (316, 30, 9, true, '2026-02-12 03:37:57.84844');
INSERT INTO tickets.user_permissions VALUES (317, 30, 7, true, '2026-02-12 03:37:57.849241');
INSERT INTO tickets.user_permissions VALUES (318, 30, 5, true, '2026-02-12 03:37:57.850077');
INSERT INTO tickets.user_permissions VALUES (319, 30, 19, true, '2026-02-12 03:37:57.850476');
INSERT INTO tickets.user_permissions VALUES (320, 29, 11, true, '2026-02-12 03:38:13.449435');
INSERT INTO tickets.user_permissions VALUES (321, 29, 18, true, '2026-02-12 03:38:13.45021');
INSERT INTO tickets.user_permissions VALUES (322, 29, 25, true, '2026-02-12 03:38:13.450683');
INSERT INTO tickets.user_permissions VALUES (323, 29, 15, true, '2026-02-12 03:38:13.451149');
INSERT INTO tickets.user_permissions VALUES (324, 29, 16, true, '2026-02-12 03:38:13.451611');
INSERT INTO tickets.user_permissions VALUES (325, 29, 26, true, '2026-02-12 03:38:13.452123');
INSERT INTO tickets.user_permissions VALUES (326, 29, 29, true, '2026-02-12 03:38:13.45416');
INSERT INTO tickets.user_permissions VALUES (327, 29, 20, true, '2026-02-12 03:38:13.456247');
INSERT INTO tickets.user_permissions VALUES (328, 29, 12, true, '2026-02-12 03:38:13.457505');
INSERT INTO tickets.user_permissions VALUES (329, 29, 28, true, '2026-02-12 03:38:13.457916');
INSERT INTO tickets.user_permissions VALUES (330, 29, 13, true, '2026-02-12 03:38:13.45843');
INSERT INTO tickets.user_permissions VALUES (331, 29, 1, true, '2026-02-12 03:38:13.458841');
INSERT INTO tickets.user_permissions VALUES (332, 29, 3, true, '2026-02-12 03:38:13.459229');
INSERT INTO tickets.user_permissions VALUES (333, 29, 4, true, '2026-02-12 03:38:13.459663');
INSERT INTO tickets.user_permissions VALUES (334, 29, 14, true, '2026-02-12 03:38:13.460066');
INSERT INTO tickets.user_permissions VALUES (335, 29, 17, true, '2026-02-12 03:38:13.460398');
INSERT INTO tickets.user_permissions VALUES (336, 29, 22, true, '2026-02-12 03:38:13.461032');
INSERT INTO tickets.user_permissions VALUES (337, 29, 23, true, '2026-02-12 03:38:13.461507');
INSERT INTO tickets.user_permissions VALUES (338, 29, 24, true, '2026-02-12 03:38:13.461912');
INSERT INTO tickets.user_permissions VALUES (339, 29, 21, true, '2026-02-12 03:38:13.462294');
INSERT INTO tickets.user_permissions VALUES (340, 29, 6, true, '2026-02-12 03:38:13.462643');
INSERT INTO tickets.user_permissions VALUES (341, 29, 10, true, '2026-02-12 03:38:13.462972');
INSERT INTO tickets.user_permissions VALUES (342, 29, 8, true, '2026-02-12 03:38:13.463341');
INSERT INTO tickets.user_permissions VALUES (343, 29, 9, true, '2026-02-12 03:38:13.463685');
INSERT INTO tickets.user_permissions VALUES (344, 29, 7, true, '2026-02-12 03:38:13.464145');
INSERT INTO tickets.user_permissions VALUES (345, 29, 5, true, '2026-02-12 03:38:13.464652');
INSERT INTO tickets.user_permissions VALUES (346, 29, 19, true, '2026-02-12 03:38:13.464969');


--
-- TOC entry 5749 (class 0 OID 18943)
-- Dependencies: 385
-- Data for Name: users; Type: TABLE DATA; Schema: tickets; Owner: postgres
--

INSERT INTO tickets.users VALUES (2, 2001, 'manager01', 'IT Manager', 'manager@company.com', true, '2026-01-13 10:45:07.828071', NULL, '$2a$06$8SJHznosTeDMscfoFAGr0O.tdoeYkmuFR0e7aE7QC9owTfqHQEf8S', 2, NULL);
INSERT INTO tickets.users VALUES (18, 6201, 'user04', 'User Four', 'user04@company.com', true, '2026-01-26 09:14:54.895176', '2026-02-02 08:20:27.922302', '$2a$06$oKFevqyWk2BCsoWk2V2xw.PecQaPQKW4pq2M/8N58nl1GqcPna0FO', 3, NULL);
INSERT INTO tickets.users VALUES (1, 1001, 'admin01', 'System Admin', 'admin@company.com', true, '2026-01-13 10:45:07.828071', '2026-02-04 08:23:04.95575', '$2a$06$M30dgqkwL5qTCRV.oyEVQ.3r6JOwa9puTQknH5X0w9voPrynHgiT2', 1, NULL);
INSERT INTO tickets.users VALUES (3, 3101, 'user01', 'Somchai Jaidee', 'somchai@company.com', true, '2026-01-13 10:45:07.828071', NULL, '$2a$06$fKedjEvSbXU827njGP4/7eQQnvCjRogttqs77Hu0CPwN2EfNKiZ1i', 3, NULL);
INSERT INTO tickets.users VALUES (4, 3205, 'user02', 'Somsri Deeja', 'somsri@company.com', true, '2026-01-13 10:45:07.828071', NULL, '$2a$06$rDJaFw3z.AGlN8algPs.f.pZYRtQ0pZD1aqj52ldmyREmZNn1ETJu', 3, NULL);
INSERT INTO tickets.users VALUES (9, 1, 'ranchida', 'Manager Ranchida', 'ranchida@example.com', true, '2026-01-16 15:01:51.697163', NULL, '$2a$06$8J6BYZhrbSXuZI0XJ94a3uMfJGyPdBd/57XnrreRBPilKGi0A2FES', 2, NULL);
INSERT INTO tickets.users VALUES (14, 6101, 'manager03', 'Manager Three', 'manager03@company.com', true, '2026-01-26 09:12:26.975399', NULL, '$2a$06$ZoQHXbts6FiHElFzqq7ek.LOp.g4H/99HJt9qtNGYpAw9Yn6nXnpO', 2, NULL);
INSERT INTO tickets.users VALUES (15, 6102, 'manager04', 'Manager Four', 'manager04@company.com', true, '2026-01-26 09:12:26.975399', NULL, '$2a$06$P8rUvi09QtmB.m9Ah.41W.LSs.to9VugfhYzgD5tTk1fR6lD/h6aC', 2, NULL);
INSERT INTO tickets.users VALUES (16, 6103, 'manager05', 'Manager Five', 'manager05@company.com', true, '2026-01-26 09:12:26.975399', NULL, '$2a$06$xaFfRWIJCAhZh.hNe0jBmeVUFEK9SqbEvEXCBPy0/pA3EF5omd0PS', 2, NULL);
INSERT INTO tickets.users VALUES (17, 6104, 'manager06', 'Manager Six', 'manager06@company.com', true, '2026-01-26 09:12:26.975399', NULL, '$2a$06$.MU7qhcE0HqwW.CWDTL.yu0rZwTd/C6NAQRM.uHHYKhNmJnMHi52y', 2, NULL);
INSERT INTO tickets.users VALUES (19, 6202, 'user05', 'User Five', 'user05@company.com', true, '2026-01-26 09:14:54.895176', NULL, '$2a$06$8SJHznosTeDMscfoFAGr0O.tdoeYkmuFR0e7aE7QC9owTfqHQEf8S', 3, NULL);
INSERT INTO tickets.users VALUES (20, 6203, 'user06', 'User Six', 'user06@company.com', true, '2026-01-26 09:14:54.895176', NULL, '$2a$06$8A6YW6JEsW.Tfdet7.Rk0u9GMeF7dZTTdzqrhCnku1sO./45GynQS', 3, NULL);
INSERT INTO tickets.users VALUES (21, 6204, 'user07', 'User Seven', 'user07@company.com', true, '2026-01-26 09:14:54.895176', NULL, '$2a$06$r2Gw4R.MP2lpAOgvZQQuKeMuLApZck0CM1PUkMuKnmpH/nheWJKci', 3, NULL);
INSERT INTO tickets.users VALUES (22, 6205, 'user08', 'User Eight', 'user08@company.com', true, '2026-01-26 09:14:54.895176', NULL, '$2a$06$VvFSECHUZXMQcyHJvPgxweio/40bNKaTYFijEne2reXxOr5XM8pcO', 3, NULL);
INSERT INTO tickets.users VALUES (10, 2, 'super', 'Manager Super', 'Super@example.com', false, '2026-01-16 16:45:51.184264', '2026-02-06 10:17:59.8214', '$2a$06$yxrhI8IP9uKhmSBT3axn7urG9DY0e8b.zHkWVg131Z670OJhd3QXe', NULL, NULL);
INSERT INTO tickets.users VALUES (11, 6001, 'itadmin03', 'IT Admin 3', 'itadmin03@company.com', true, '2026-01-26 09:09:55.218808', NULL, '$2a$06$f7RfHUdehFUP8z/R/XMzbOcLm3dMnsBimt9veK24/i.HDZ.W121Qe', 1, NULL);
INSERT INTO tickets.users VALUES (12, 6002, 'itadmin04', 'IT Admin 4', 'itadmin04@company.com', true, '2026-01-26 09:09:55.218808', NULL, '$2a$06$95Yjn9guTcTvplmGQKOLAuPqHx0/eWdP455h4S78TZLAN8jrk5pV2', 1, NULL);
INSERT INTO tickets.users VALUES (13, 6003, 'itadmin05', 'IT Admin 5', 'itadmin05@company.com', true, '2026-01-26 09:09:55.218808', NULL, '$2a$06$Gdg/Y/VG4yWDbC2G8NfZ6ehaJZK3EJzTc2dD7oVETjTrv0J2wlDmu', 1, NULL);
INSERT INTO tickets.users VALUES (23, 6206, 'user09', 'User Nine', 'user09@company.com', true, '2026-01-26 09:14:54.895176', NULL, '$2a$06$ScF.OYzaA4a.bYm5YyMxHunwwvEVCCEQGF/nGj13TMivphDiPjV5O', 3, NULL);
INSERT INTO tickets.users VALUES (24, 6207, 'user10', 'User Ten', 'user10@company.com', true, '2026-01-26 09:14:54.895176', NULL, '$2a$06$lEY4PfEoEAqul.yGDgrTQ.0Z9mwfFyHJMdtxYKoT6.pyUhHP2EJKO', 3, NULL);
INSERT INTO tickets.users VALUES (25, 6208, 'user11', 'User Eleven', 'user11@company.com', true, '2026-01-26 09:14:54.895176', NULL, '$2a$06$jqkFb7HJm6GCyK.3ku3rmeR54sfsL5EuFZdh0EZRg0d4fXoGzH2f2', 3, NULL);
INSERT INTO tickets.users VALUES (26, 6209, 'user12', 'User Twelve', 'user12@company.com', true, '2026-01-26 09:14:54.895176', NULL, '$2a$06$HMv/oU5XXMbix8OY47DCF.qBEacAEBZl7Lrh6KGjXo9S2jWWR21Hi', 3, NULL);
INSERT INTO tickets.users VALUES (27, 6210, 'user13', 'User Thirteen', 'user13@company.com', true, '2026-01-26 09:14:54.895176', NULL, '$2a$06$gDwN86xXPP2xHnkJA3Idku.Ji9wEDSkswevnfxS9pd0KAmrtGwz3S', 3, NULL);
INSERT INTO tickets.users VALUES (29, 6211, 'ceo', 'CEO J', 'CEO@company.com', true, '2026-01-26 10:32:50.549901', NULL, '$2a$06$1aI8KXYvbsNEN6IrvscCjeXy9VtL5IVjXvBLmUuLhn0pmmkT/Boha', 2, NULL);
INSERT INTO tickets.users VALUES (30, 6212, 'cfo', 'CFO P', 'CFO@company.com', true, '2026-01-26 10:32:50.549901', NULL, '$2a$06$PQECCwbynmw.5lfEoZmTpe7U04Q0bWrORGCo417VNokXOznF0YkhS', 2, NULL);
INSERT INTO tickets.users VALUES (39, 527, 'adminsp', 'test_01 admin [test_admin_it]', NULL, true, '2026-02-03 09:36:36.58597', NULL, NULL, 1, NULL);
INSERT INTO tickets.users VALUES (40, 486, 'chompoonut.san', '  [0713]', NULL, true, '2026-02-06 09:20:05.366842', NULL, NULL, 3, 18);
INSERT INTO tickets.users VALUES (41, 490, 'waralak.sao', '  [0717]', NULL, true, '2026-02-06 10:08:45.960738', NULL, NULL, 3, 18);


--
-- TOC entry 5806 (class 0 OID 0)
-- Dependencies: 398
-- Name: approve_line_id_seq; Type: SEQUENCE SET; Schema: tickets; Owner: postgres
--

SELECT pg_catalog.setval('tickets.approve_line_id_seq', 110, true);


--
-- TOC entry 5807 (class 0 OID 0)
-- Dependencies: 371
-- Name: auth_group_id_seq; Type: SEQUENCE SET; Schema: tickets; Owner: postgres
--

SELECT pg_catalog.setval('tickets.auth_group_id_seq', 1, false);


--
-- TOC entry 5808 (class 0 OID 0)
-- Dependencies: 373
-- Name: auth_group_permissions_id_seq; Type: SEQUENCE SET; Schema: tickets; Owner: postgres
--

SELECT pg_catalog.setval('tickets.auth_group_permissions_id_seq', 1, false);


--
-- TOC entry 5809 (class 0 OID 0)
-- Dependencies: 369
-- Name: auth_permission_id_seq; Type: SEQUENCE SET; Schema: tickets; Owner: postgres
--

SELECT pg_catalog.setval('tickets.auth_permission_id_seq', 24, true);


--
-- TOC entry 5810 (class 0 OID 0)
-- Dependencies: 377
-- Name: auth_user_groups_id_seq; Type: SEQUENCE SET; Schema: tickets; Owner: postgres
--

SELECT pg_catalog.setval('tickets.auth_user_groups_id_seq', 1, false);


--
-- TOC entry 5811 (class 0 OID 0)
-- Dependencies: 375
-- Name: auth_user_id_seq; Type: SEQUENCE SET; Schema: tickets; Owner: postgres
--

SELECT pg_catalog.setval('tickets.auth_user_id_seq', 1, false);


--
-- TOC entry 5812 (class 0 OID 0)
-- Dependencies: 379
-- Name: auth_user_user_permissions_id_seq; Type: SEQUENCE SET; Schema: tickets; Owner: postgres
--

SELECT pg_catalog.setval('tickets.auth_user_user_permissions_id_seq', 1, false);


--
-- TOC entry 5813 (class 0 OID 0)
-- Dependencies: 339
-- Name: category_id_seq; Type: SEQUENCE SET; Schema: tickets; Owner: postgres
--

SELECT pg_catalog.setval('tickets.category_id_seq', 2, true);


--
-- TOC entry 5814 (class 0 OID 0)
-- Dependencies: 337
-- Name: department_id_seq; Type: SEQUENCE SET; Schema: tickets; Owner: postgres
--

SELECT pg_catalog.setval('tickets.department_id_seq', 10, true);


--
-- TOC entry 5815 (class 0 OID 0)
-- Dependencies: 381
-- Name: django_admin_log_id_seq; Type: SEQUENCE SET; Schema: tickets; Owner: postgres
--

SELECT pg_catalog.setval('tickets.django_admin_log_id_seq', 1, false);


--
-- TOC entry 5816 (class 0 OID 0)
-- Dependencies: 367
-- Name: django_content_type_id_seq; Type: SEQUENCE SET; Schema: tickets; Owner: postgres
--

SELECT pg_catalog.setval('tickets.django_content_type_id_seq', 6, true);


--
-- TOC entry 5817 (class 0 OID 0)
-- Dependencies: 365
-- Name: django_migrations_id_seq; Type: SEQUENCE SET; Schema: tickets; Owner: postgres
--

SELECT pg_catalog.setval('tickets.django_migrations_id_seq', 18, true);


--
-- TOC entry 5818 (class 0 OID 0)
-- Dependencies: 361
-- Name: file_document_id_seq; Type: SEQUENCE SET; Schema: tickets; Owner: postgres
--

SELECT pg_catalog.setval('tickets.file_document_id_seq', 1, false);


--
-- TOC entry 5819 (class 0 OID 0)
-- Dependencies: 333
-- Name: groups_id_seq; Type: SEQUENCE SET; Schema: tickets; Owner: postgres
--

SELECT pg_catalog.setval('tickets.groups_id_seq', 1, false);


--
-- TOC entry 5820 (class 0 OID 0)
-- Dependencies: 355
-- Name: log_id_seq; Type: SEQUENCE SET; Schema: tickets; Owner: postgres
--

SELECT pg_catalog.setval('tickets.log_id_seq', 1, false);


--
-- TOC entry 5821 (class 0 OID 0)
-- Dependencies: 353
-- Name: module_id_seq; Type: SEQUENCE SET; Schema: tickets; Owner: postgres
--

SELECT pg_catalog.setval('tickets.module_id_seq', 12, true);


--
-- TOC entry 5822 (class 0 OID 0)
-- Dependencies: 400
-- Name: module_permission_id_seq; Type: SEQUENCE SET; Schema: tickets; Owner: postgres
--

SELECT pg_catalog.setval('tickets.module_permission_id_seq', 1, false);


--
-- TOC entry 5823 (class 0 OID 0)
-- Dependencies: 351
-- Name: notification_id_seq; Type: SEQUENCE SET; Schema: tickets; Owner: postgres
--

SELECT pg_catalog.setval('tickets.notification_id_seq', 1, false);


--
-- TOC entry 5824 (class 0 OID 0)
-- Dependencies: 402
-- Name: page_permission_id_seq; Type: SEQUENCE SET; Schema: tickets; Owner: postgres
--

SELECT pg_catalog.setval('tickets.page_permission_id_seq', 34, true);


--
-- TOC entry 5825 (class 0 OID 0)
-- Dependencies: 404
-- Name: permissions_id_seq; Type: SEQUENCE SET; Schema: tickets; Owner: postgres
--

SELECT pg_catalog.setval('tickets.permissions_id_seq', 33, true);


--
-- TOC entry 5826 (class 0 OID 0)
-- Dependencies: 390
-- Name: roles_id_seq; Type: SEQUENCE SET; Schema: tickets; Owner: postgres
--

SELECT pg_catalog.setval('tickets.roles_id_seq', 3, true);


--
-- TOC entry 5827 (class 0 OID 0)
-- Dependencies: 386
-- Name: status_id_seq; Type: SEQUENCE SET; Schema: tickets; Owner: postgres
--

SELECT pg_catalog.setval('tickets.status_id_seq', 7, true);


--
-- TOC entry 5828 (class 0 OID 0)
-- Dependencies: 392
-- Name: team_id_seq; Type: SEQUENCE SET; Schema: tickets; Owner: postgres
--

SELECT pg_catalog.setval('tickets.team_id_seq', 23, true);


--
-- TOC entry 5829 (class 0 OID 0)
-- Dependencies: 394
-- Name: team_members_id_seq; Type: SEQUENCE SET; Schema: tickets; Owner: postgres
--

SELECT pg_catalog.setval('tickets.team_members_id_seq', 34, true);


--
-- TOC entry 5830 (class 0 OID 0)
-- Dependencies: 396
-- Name: ticket_approval_status_id_seq; Type: SEQUENCE SET; Schema: tickets; Owner: postgres
--

SELECT pg_catalog.setval('tickets.ticket_approval_status_id_seq', 84, true);


--
-- TOC entry 5831 (class 0 OID 0)
-- Dependencies: 347
-- Name: ticket_data_adjust_id_seq; Type: SEQUENCE SET; Schema: tickets; Owner: postgres
--

SELECT pg_catalog.setval('tickets.ticket_data_adjust_id_seq', 4, true);


--
-- TOC entry 5832 (class 0 OID 0)
-- Dependencies: 388
-- Name: ticket_data_building_repair_id_seq; Type: SEQUENCE SET; Schema: tickets; Owner: postgres
--

SELECT pg_catalog.setval('tickets.ticket_data_building_repair_id_seq', 6, true);


--
-- TOC entry 5833 (class 0 OID 0)
-- Dependencies: 345
-- Name: ticket_data_erp_app_id_seq; Type: SEQUENCE SET; Schema: tickets; Owner: postgres
--

SELECT pg_catalog.setval('tickets.ticket_data_erp_app_id_seq', 47, true);


--
-- TOC entry 5834 (class 0 OID 0)
-- Dependencies: 349
-- Name: ticket_data_vpn_id_seq; Type: SEQUENCE SET; Schema: tickets; Owner: postgres
--

SELECT pg_catalog.setval('tickets.ticket_data_vpn_id_seq', 13, true);


--
-- TOC entry 5835 (class 0 OID 0)
-- Dependencies: 363
-- Name: ticket_files_id_seq; Type: SEQUENCE SET; Schema: tickets; Owner: postgres
--

SELECT pg_catalog.setval('tickets.ticket_files_id_seq', 23, true);


--
-- TOC entry 5836 (class 0 OID 0)
-- Dependencies: 341
-- Name: ticket_type_id_seq; Type: SEQUENCE SET; Schema: tickets; Owner: postgres
--

SELECT pg_catalog.setval('tickets.ticket_type_id_seq', 2, true);


--
-- TOC entry 5837 (class 0 OID 0)
-- Dependencies: 359
-- Name: tickets_comments_id_seq; Type: SEQUENCE SET; Schema: tickets; Owner: postgres
--

SELECT pg_catalog.setval('tickets.tickets_comments_id_seq', 1, false);


--
-- TOC entry 5838 (class 0 OID 0)
-- Dependencies: 357
-- Name: tickets_history_id_seq; Type: SEQUENCE SET; Schema: tickets; Owner: postgres
--

SELECT pg_catalog.setval('tickets.tickets_history_id_seq', 1, false);


--
-- TOC entry 5839 (class 0 OID 0)
-- Dependencies: 343
-- Name: tickets_id_seq; Type: SEQUENCE SET; Schema: tickets; Owner: postgres
--

SELECT pg_catalog.setval('tickets.tickets_id_seq', 98, true);


--
-- TOC entry 5840 (class 0 OID 0)
-- Dependencies: 335
-- Name: user_groups_id_seq; Type: SEQUENCE SET; Schema: tickets; Owner: postgres
--

SELECT pg_catalog.setval('tickets.user_groups_id_seq', 1, false);


--
-- TOC entry 5841 (class 0 OID 0)
-- Dependencies: 331
-- Name: user_permission_id_seq; Type: SEQUENCE SET; Schema: tickets; Owner: postgres
--

SELECT pg_catalog.setval('tickets.user_permission_id_seq', 1, false);


--
-- TOC entry 5842 (class 0 OID 0)
-- Dependencies: 406
-- Name: user_permissions_id_seq; Type: SEQUENCE SET; Schema: tickets; Owner: postgres
--

SELECT pg_catalog.setval('tickets.user_permissions_id_seq', 349, true);


--
-- TOC entry 5843 (class 0 OID 0)
-- Dependencies: 384
-- Name: users_id_seq; Type: SEQUENCE SET; Schema: tickets; Owner: postgres
--

SELECT pg_catalog.setval('tickets.users_id_seq', 41, true);


--
-- TOC entry 5477 (class 2606 OID 19254)
-- Name: approve_line approve_line_pkey; Type: CONSTRAINT; Schema: tickets; Owner: postgres
--

ALTER TABLE ONLY tickets.approve_line
    ADD CONSTRAINT approve_line_pkey PRIMARY KEY (id);


--
-- TOC entry 5420 (class 2606 OID 18924)
-- Name: auth_group auth_group_name_key; Type: CONSTRAINT; Schema: tickets; Owner: postgres
--

ALTER TABLE ONLY tickets.auth_group
    ADD CONSTRAINT auth_group_name_key UNIQUE (name);


--
-- TOC entry 5425 (class 2606 OID 18845)
-- Name: auth_group_permissions auth_group_permissions_group_id_permission_id_0cd325b0_uniq; Type: CONSTRAINT; Schema: tickets; Owner: postgres
--

ALTER TABLE ONLY tickets.auth_group_permissions
    ADD CONSTRAINT auth_group_permissions_group_id_permission_id_0cd325b0_uniq UNIQUE (group_id, permission_id);


--
-- TOC entry 5428 (class 2606 OID 18797)
-- Name: auth_group_permissions auth_group_permissions_pkey; Type: CONSTRAINT; Schema: tickets; Owner: postgres
--

ALTER TABLE ONLY tickets.auth_group_permissions
    ADD CONSTRAINT auth_group_permissions_pkey PRIMARY KEY (id);


--
-- TOC entry 5422 (class 2606 OID 18786)
-- Name: auth_group auth_group_pkey; Type: CONSTRAINT; Schema: tickets; Owner: postgres
--

ALTER TABLE ONLY tickets.auth_group
    ADD CONSTRAINT auth_group_pkey PRIMARY KEY (id);


--
-- TOC entry 5415 (class 2606 OID 18836)
-- Name: auth_permission auth_permission_content_type_id_codename_01ab375a_uniq; Type: CONSTRAINT; Schema: tickets; Owner: postgres
--

ALTER TABLE ONLY tickets.auth_permission
    ADD CONSTRAINT auth_permission_content_type_id_codename_01ab375a_uniq UNIQUE (content_type_id, codename);


--
-- TOC entry 5417 (class 2606 OID 18778)
-- Name: auth_permission auth_permission_pkey; Type: CONSTRAINT; Schema: tickets; Owner: postgres
--

ALTER TABLE ONLY tickets.auth_permission
    ADD CONSTRAINT auth_permission_pkey PRIMARY KEY (id);


--
-- TOC entry 5436 (class 2606 OID 18825)
-- Name: auth_user_groups auth_user_groups_pkey; Type: CONSTRAINT; Schema: tickets; Owner: postgres
--

ALTER TABLE ONLY tickets.auth_user_groups
    ADD CONSTRAINT auth_user_groups_pkey PRIMARY KEY (id);


--
-- TOC entry 5439 (class 2606 OID 18860)
-- Name: auth_user_groups auth_user_groups_user_id_group_id_94350c0c_uniq; Type: CONSTRAINT; Schema: tickets; Owner: postgres
--

ALTER TABLE ONLY tickets.auth_user_groups
    ADD CONSTRAINT auth_user_groups_user_id_group_id_94350c0c_uniq UNIQUE (user_id, group_id);


--
-- TOC entry 5430 (class 2606 OID 18814)
-- Name: auth_user auth_user_pkey; Type: CONSTRAINT; Schema: tickets; Owner: postgres
--

ALTER TABLE ONLY tickets.auth_user
    ADD CONSTRAINT auth_user_pkey PRIMARY KEY (id);


--
-- TOC entry 5442 (class 2606 OID 18834)
-- Name: auth_user_user_permissions auth_user_user_permissions_pkey; Type: CONSTRAINT; Schema: tickets; Owner: postgres
--

ALTER TABLE ONLY tickets.auth_user_user_permissions
    ADD CONSTRAINT auth_user_user_permissions_pkey PRIMARY KEY (id);


--
-- TOC entry 5445 (class 2606 OID 18874)
-- Name: auth_user_user_permissions auth_user_user_permissions_user_id_permission_id_14a6b632_uniq; Type: CONSTRAINT; Schema: tickets; Owner: postgres
--

ALTER TABLE ONLY tickets.auth_user_user_permissions
    ADD CONSTRAINT auth_user_user_permissions_user_id_permission_id_14a6b632_uniq UNIQUE (user_id, permission_id);


--
-- TOC entry 5433 (class 2606 OID 18917)
-- Name: auth_user auth_user_username_key; Type: CONSTRAINT; Schema: tickets; Owner: postgres
--

ALTER TABLE ONLY tickets.auth_user
    ADD CONSTRAINT auth_user_username_key UNIQUE (username);


--
-- TOC entry 5380 (class 2606 OID 18517)
-- Name: category category_pkey; Type: CONSTRAINT; Schema: tickets; Owner: postgres
--

ALTER TABLE ONLY tickets.category
    ADD CONSTRAINT category_pkey PRIMARY KEY (id);


--
-- TOC entry 5378 (class 2606 OID 18504)
-- Name: department department_pkey; Type: CONSTRAINT; Schema: tickets; Owner: postgres
--

ALTER TABLE ONLY tickets.department
    ADD CONSTRAINT department_pkey PRIMARY KEY (id);


--
-- TOC entry 5448 (class 2606 OID 18901)
-- Name: django_admin_log django_admin_log_pkey; Type: CONSTRAINT; Schema: tickets; Owner: postgres
--

ALTER TABLE ONLY tickets.django_admin_log
    ADD CONSTRAINT django_admin_log_pkey PRIMARY KEY (id);


--
-- TOC entry 5410 (class 2606 OID 18768)
-- Name: django_content_type django_content_type_app_label_model_76bd3d3b_uniq; Type: CONSTRAINT; Schema: tickets; Owner: postgres
--

ALTER TABLE ONLY tickets.django_content_type
    ADD CONSTRAINT django_content_type_app_label_model_76bd3d3b_uniq UNIQUE (app_label, model);


--
-- TOC entry 5412 (class 2606 OID 18766)
-- Name: django_content_type django_content_type_pkey; Type: CONSTRAINT; Schema: tickets; Owner: postgres
--

ALTER TABLE ONLY tickets.django_content_type
    ADD CONSTRAINT django_content_type_pkey PRIMARY KEY (id);


--
-- TOC entry 5408 (class 2606 OID 18756)
-- Name: django_migrations django_migrations_pkey; Type: CONSTRAINT; Schema: tickets; Owner: postgres
--

ALTER TABLE ONLY tickets.django_migrations
    ADD CONSTRAINT django_migrations_pkey PRIMARY KEY (id);


--
-- TOC entry 5452 (class 2606 OID 18937)
-- Name: django_session django_session_pkey; Type: CONSTRAINT; Schema: tickets; Owner: postgres
--

ALTER TABLE ONLY tickets.django_session
    ADD CONSTRAINT django_session_pkey PRIMARY KEY (session_key);


--
-- TOC entry 5404 (class 2606 OID 18716)
-- Name: file_document file_document_pkey; Type: CONSTRAINT; Schema: tickets; Owner: postgres
--

ALTER TABLE ONLY tickets.file_document
    ADD CONSTRAINT file_document_pkey PRIMARY KEY (id);


--
-- TOC entry 5374 (class 2606 OID 18476)
-- Name: groups groups_pkey; Type: CONSTRAINT; Schema: tickets; Owner: postgres
--

ALTER TABLE ONLY tickets.groups
    ADD CONSTRAINT groups_pkey PRIMARY KEY (id);


--
-- TOC entry 5398 (class 2606 OID 18657)
-- Name: log log_pkey; Type: CONSTRAINT; Schema: tickets; Owner: postgres
--

ALTER TABLE ONLY tickets.log
    ADD CONSTRAINT log_pkey PRIMARY KEY (id);


--
-- TOC entry 5394 (class 2606 OID 19306)
-- Name: module module_name_unique; Type: CONSTRAINT; Schema: tickets; Owner: postgres
--

ALTER TABLE ONLY tickets.module
    ADD CONSTRAINT module_name_unique UNIQUE (module_name);


--
-- TOC entry 5483 (class 2606 OID 19322)
-- Name: module_permission module_permission_pkey; Type: CONSTRAINT; Schema: tickets; Owner: postgres
--

ALTER TABLE ONLY tickets.module_permission
    ADD CONSTRAINT module_permission_pkey PRIMARY KEY (id);


--
-- TOC entry 5396 (class 2606 OID 18629)
-- Name: module module_pkey; Type: CONSTRAINT; Schema: tickets; Owner: postgres
--

ALTER TABLE ONLY tickets.module
    ADD CONSTRAINT module_pkey PRIMARY KEY (id);


--
-- TOC entry 5392 (class 2606 OID 18613)
-- Name: notification notification_pkey; Type: CONSTRAINT; Schema: tickets; Owner: postgres
--

ALTER TABLE ONLY tickets.notification
    ADD CONSTRAINT notification_pkey PRIMARY KEY (id);


--
-- TOC entry 5487 (class 2606 OID 19351)
-- Name: page_permission page_permission_pkey; Type: CONSTRAINT; Schema: tickets; Owner: postgres
--

ALTER TABLE ONLY tickets.page_permission
    ADD CONSTRAINT page_permission_pkey PRIMARY KEY (id);


--
-- TOC entry 5491 (class 2606 OID 19373)
-- Name: permissions permissions_code_key; Type: CONSTRAINT; Schema: tickets; Owner: postgres
--

ALTER TABLE ONLY tickets.permissions
    ADD CONSTRAINT permissions_code_key UNIQUE (code);


--
-- TOC entry 5493 (class 2606 OID 19371)
-- Name: permissions permissions_pkey; Type: CONSTRAINT; Schema: tickets; Owner: postgres
--

ALTER TABLE ONLY tickets.permissions
    ADD CONSTRAINT permissions_pkey PRIMARY KEY (id);


--
-- TOC entry 5465 (class 2606 OID 19081)
-- Name: roles roles_pkey; Type: CONSTRAINT; Schema: tickets; Owner: postgres
--

ALTER TABLE ONLY tickets.roles
    ADD CONSTRAINT roles_pkey PRIMARY KEY (id);


--
-- TOC entry 5467 (class 2606 OID 19083)
-- Name: roles roles_role_name_key; Type: CONSTRAINT; Schema: tickets; Owner: postgres
--

ALTER TABLE ONLY tickets.roles
    ADD CONSTRAINT roles_role_name_key UNIQUE (role_name);


--
-- TOC entry 5461 (class 2606 OID 19017)
-- Name: status status_pkey; Type: CONSTRAINT; Schema: tickets; Owner: postgres
--

ALTER TABLE ONLY tickets.status
    ADD CONSTRAINT status_pkey PRIMARY KEY (id);


--
-- TOC entry 5471 (class 2606 OID 19151)
-- Name: team_members team_members_pkey; Type: CONSTRAINT; Schema: tickets; Owner: postgres
--

ALTER TABLE ONLY tickets.team_members
    ADD CONSTRAINT team_members_pkey PRIMARY KEY (id);


--
-- TOC entry 5469 (class 2606 OID 19102)
-- Name: team team_pkey; Type: CONSTRAINT; Schema: tickets; Owner: postgres
--

ALTER TABLE ONLY tickets.team
    ADD CONSTRAINT team_pkey PRIMARY KEY (id);


--
-- TOC entry 5475 (class 2606 OID 19183)
-- Name: ticket_approval_status ticket_approval_status_pkey; Type: CONSTRAINT; Schema: tickets; Owner: postgres
--

ALTER TABLE ONLY tickets.ticket_approval_status
    ADD CONSTRAINT ticket_approval_status_pkey PRIMARY KEY (id);


--
-- TOC entry 5388 (class 2606 OID 18583)
-- Name: ticket_data_adjust ticket_data_adjust_pkey; Type: CONSTRAINT; Schema: tickets; Owner: postgres
--

ALTER TABLE ONLY tickets.ticket_data_adjust
    ADD CONSTRAINT ticket_data_adjust_pkey PRIMARY KEY (id);


--
-- TOC entry 5463 (class 2606 OID 19060)
-- Name: ticket_data_building_repair ticket_data_building_repair_pkey; Type: CONSTRAINT; Schema: tickets; Owner: postgres
--

ALTER TABLE ONLY tickets.ticket_data_building_repair
    ADD CONSTRAINT ticket_data_building_repair_pkey PRIMARY KEY (id);


--
-- TOC entry 5386 (class 2606 OID 18567)
-- Name: ticket_data_erp_app ticket_data_erp_app_pkey; Type: CONSTRAINT; Schema: tickets; Owner: postgres
--

ALTER TABLE ONLY tickets.ticket_data_erp_app
    ADD CONSTRAINT ticket_data_erp_app_pkey PRIMARY KEY (id);


--
-- TOC entry 5390 (class 2606 OID 18599)
-- Name: ticket_data_vpn ticket_data_vpn_pkey; Type: CONSTRAINT; Schema: tickets; Owner: postgres
--

ALTER TABLE ONLY tickets.ticket_data_vpn
    ADD CONSTRAINT ticket_data_vpn_pkey PRIMARY KEY (id);


--
-- TOC entry 5406 (class 2606 OID 18733)
-- Name: ticket_files ticket_files_pkey; Type: CONSTRAINT; Schema: tickets; Owner: postgres
--

ALTER TABLE ONLY tickets.ticket_files
    ADD CONSTRAINT ticket_files_pkey PRIMARY KEY (id);


--
-- TOC entry 5382 (class 2606 OID 18525)
-- Name: ticket_type ticket_type_pkey; Type: CONSTRAINT; Schema: tickets; Owner: postgres
--

ALTER TABLE ONLY tickets.ticket_type
    ADD CONSTRAINT ticket_type_pkey PRIMARY KEY (id);


--
-- TOC entry 5402 (class 2606 OID 18695)
-- Name: tickets_comments tickets_comments_pkey; Type: CONSTRAINT; Schema: tickets; Owner: postgres
--

ALTER TABLE ONLY tickets.tickets_comments
    ADD CONSTRAINT tickets_comments_pkey PRIMARY KEY (id);


--
-- TOC entry 5400 (class 2606 OID 18673)
-- Name: tickets_history tickets_history_pkey; Type: CONSTRAINT; Schema: tickets; Owner: postgres
--

ALTER TABLE ONLY tickets.tickets_history
    ADD CONSTRAINT tickets_history_pkey PRIMARY KEY (id);


--
-- TOC entry 5384 (class 2606 OID 18541)
-- Name: tickets tickets_pkey; Type: CONSTRAINT; Schema: tickets; Owner: postgres
--

ALTER TABLE ONLY tickets.tickets
    ADD CONSTRAINT tickets_pkey PRIMARY KEY (id);


--
-- TOC entry 5485 (class 2606 OID 19324)
-- Name: module_permission unique_role_module; Type: CONSTRAINT; Schema: tickets; Owner: postgres
--

ALTER TABLE ONLY tickets.module_permission
    ADD CONSTRAINT unique_role_module UNIQUE (role_id, module_id);


--
-- TOC entry 5489 (class 2606 OID 19358)
-- Name: page_permission unique_role_url; Type: CONSTRAINT; Schema: tickets; Owner: postgres
--

ALTER TABLE ONLY tickets.page_permission
    ADD CONSTRAINT unique_role_url UNIQUE (role_id, url_name);


--
-- TOC entry 5495 (class 2606 OID 19387)
-- Name: user_permissions unique_user_permission; Type: CONSTRAINT; Schema: tickets; Owner: postgres
--

ALTER TABLE ONLY tickets.user_permissions
    ADD CONSTRAINT unique_user_permission UNIQUE (user_id, permission_id);


--
-- TOC entry 5479 (class 2606 OID 19299)
-- Name: approve_line uq_category_team_flow_level; Type: CONSTRAINT; Schema: tickets; Owner: postgres
--

ALTER TABLE ONLY tickets.approve_line
    ADD CONSTRAINT uq_category_team_flow_level UNIQUE (category_id, team_id, flow_no, level);


--
-- TOC entry 5481 (class 2606 OID 19297)
-- Name: approve_line uq_flow; Type: CONSTRAINT; Schema: tickets; Owner: postgres
--

ALTER TABLE ONLY tickets.approve_line
    ADD CONSTRAINT uq_flow UNIQUE (category_id, team_id, flow_no, level);


--
-- TOC entry 5473 (class 2606 OID 19163)
-- Name: team_members uq_team_user; Type: CONSTRAINT; Schema: tickets; Owner: postgres
--

ALTER TABLE ONLY tickets.team_members
    ADD CONSTRAINT uq_team_user UNIQUE (team_id, user_id);


--
-- TOC entry 5376 (class 2606 OID 18486)
-- Name: user_groups user_groups_pkey; Type: CONSTRAINT; Schema: tickets; Owner: postgres
--

ALTER TABLE ONLY tickets.user_groups
    ADD CONSTRAINT user_groups_pkey PRIMARY KEY (id);


--
-- TOC entry 5372 (class 2606 OID 18466)
-- Name: user_permission user_permission_pkey; Type: CONSTRAINT; Schema: tickets; Owner: postgres
--

ALTER TABLE ONLY tickets.user_permission
    ADD CONSTRAINT user_permission_pkey PRIMARY KEY (id);


--
-- TOC entry 5497 (class 2606 OID 19385)
-- Name: user_permissions user_permissions_pkey; Type: CONSTRAINT; Schema: tickets; Owner: postgres
--

ALTER TABLE ONLY tickets.user_permissions
    ADD CONSTRAINT user_permissions_pkey PRIMARY KEY (id);


--
-- TOC entry 5455 (class 2606 OID 18958)
-- Name: users users_erp_user_id_key; Type: CONSTRAINT; Schema: tickets; Owner: postgres
--

ALTER TABLE ONLY tickets.users
    ADD CONSTRAINT users_erp_user_id_key UNIQUE (erp_user_id);


--
-- TOC entry 5457 (class 2606 OID 18956)
-- Name: users users_pkey; Type: CONSTRAINT; Schema: tickets; Owner: postgres
--

ALTER TABLE ONLY tickets.users
    ADD CONSTRAINT users_pkey PRIMARY KEY (id);


--
-- TOC entry 5459 (class 2606 OID 18960)
-- Name: users users_username_key; Type: CONSTRAINT; Schema: tickets; Owner: postgres
--

ALTER TABLE ONLY tickets.users
    ADD CONSTRAINT users_username_key UNIQUE (username);


--
-- TOC entry 5418 (class 1259 OID 18925)
-- Name: auth_group_name_a6ea08ec_like; Type: INDEX; Schema: tickets; Owner: postgres
--

CREATE INDEX auth_group_name_a6ea08ec_like ON tickets.auth_group USING btree (name varchar_pattern_ops);


--
-- TOC entry 5423 (class 1259 OID 18856)
-- Name: auth_group_permissions_group_id_b120cbf9; Type: INDEX; Schema: tickets; Owner: postgres
--

CREATE INDEX auth_group_permissions_group_id_b120cbf9 ON tickets.auth_group_permissions USING btree (group_id);


--
-- TOC entry 5426 (class 1259 OID 18857)
-- Name: auth_group_permissions_permission_id_84c5c92e; Type: INDEX; Schema: tickets; Owner: postgres
--

CREATE INDEX auth_group_permissions_permission_id_84c5c92e ON tickets.auth_group_permissions USING btree (permission_id);


--
-- TOC entry 5413 (class 1259 OID 18842)
-- Name: auth_permission_content_type_id_2f476e4b; Type: INDEX; Schema: tickets; Owner: postgres
--

CREATE INDEX auth_permission_content_type_id_2f476e4b ON tickets.auth_permission USING btree (content_type_id);


--
-- TOC entry 5434 (class 1259 OID 18872)
-- Name: auth_user_groups_group_id_97559544; Type: INDEX; Schema: tickets; Owner: postgres
--

CREATE INDEX auth_user_groups_group_id_97559544 ON tickets.auth_user_groups USING btree (group_id);


--
-- TOC entry 5437 (class 1259 OID 18871)
-- Name: auth_user_groups_user_id_6a12ed8b; Type: INDEX; Schema: tickets; Owner: postgres
--

CREATE INDEX auth_user_groups_user_id_6a12ed8b ON tickets.auth_user_groups USING btree (user_id);


--
-- TOC entry 5440 (class 1259 OID 18886)
-- Name: auth_user_user_permissions_permission_id_1fbb5f2c; Type: INDEX; Schema: tickets; Owner: postgres
--

CREATE INDEX auth_user_user_permissions_permission_id_1fbb5f2c ON tickets.auth_user_user_permissions USING btree (permission_id);


--
-- TOC entry 5443 (class 1259 OID 18885)
-- Name: auth_user_user_permissions_user_id_a95ead1b; Type: INDEX; Schema: tickets; Owner: postgres
--

CREATE INDEX auth_user_user_permissions_user_id_a95ead1b ON tickets.auth_user_user_permissions USING btree (user_id);


--
-- TOC entry 5431 (class 1259 OID 18918)
-- Name: auth_user_username_6821ab7c_like; Type: INDEX; Schema: tickets; Owner: postgres
--

CREATE INDEX auth_user_username_6821ab7c_like ON tickets.auth_user USING btree (username varchar_pattern_ops);


--
-- TOC entry 5446 (class 1259 OID 18912)
-- Name: django_admin_log_content_type_id_c4bce8eb; Type: INDEX; Schema: tickets; Owner: postgres
--

CREATE INDEX django_admin_log_content_type_id_c4bce8eb ON tickets.django_admin_log USING btree (content_type_id);


--
-- TOC entry 5449 (class 1259 OID 18913)
-- Name: django_admin_log_user_id_c564eba6; Type: INDEX; Schema: tickets; Owner: postgres
--

CREATE INDEX django_admin_log_user_id_c564eba6 ON tickets.django_admin_log USING btree (user_id);


--
-- TOC entry 5450 (class 1259 OID 18939)
-- Name: django_session_expire_date_a5c62663; Type: INDEX; Schema: tickets; Owner: postgres
--

CREATE INDEX django_session_expire_date_a5c62663 ON tickets.django_session USING btree (expire_date);


--
-- TOC entry 5453 (class 1259 OID 18938)
-- Name: django_session_session_key_c0390e0f_like; Type: INDEX; Schema: tickets; Owner: postgres
--

CREATE INDEX django_session_session_key_c0390e0f_like ON tickets.django_session USING btree (session_key varchar_pattern_ops);


--
-- TOC entry 5520 (class 2606 OID 18851)
-- Name: auth_group_permissions auth_group_permissio_permission_id_84c5c92e_fk_auth_perm; Type: FK CONSTRAINT; Schema: tickets; Owner: postgres
--

ALTER TABLE ONLY tickets.auth_group_permissions
    ADD CONSTRAINT auth_group_permissio_permission_id_84c5c92e_fk_auth_perm FOREIGN KEY (permission_id) REFERENCES tickets.auth_permission(id) DEFERRABLE INITIALLY DEFERRED;


--
-- TOC entry 5521 (class 2606 OID 18846)
-- Name: auth_group_permissions auth_group_permissions_group_id_b120cbf9_fk_auth_group_id; Type: FK CONSTRAINT; Schema: tickets; Owner: postgres
--

ALTER TABLE ONLY tickets.auth_group_permissions
    ADD CONSTRAINT auth_group_permissions_group_id_b120cbf9_fk_auth_group_id FOREIGN KEY (group_id) REFERENCES tickets.auth_group(id) DEFERRABLE INITIALLY DEFERRED;


--
-- TOC entry 5519 (class 2606 OID 18837)
-- Name: auth_permission auth_permission_content_type_id_2f476e4b_fk_django_co; Type: FK CONSTRAINT; Schema: tickets; Owner: postgres
--

ALTER TABLE ONLY tickets.auth_permission
    ADD CONSTRAINT auth_permission_content_type_id_2f476e4b_fk_django_co FOREIGN KEY (content_type_id) REFERENCES tickets.django_content_type(id) DEFERRABLE INITIALLY DEFERRED;


--
-- TOC entry 5522 (class 2606 OID 18866)
-- Name: auth_user_groups auth_user_groups_group_id_97559544_fk_auth_group_id; Type: FK CONSTRAINT; Schema: tickets; Owner: postgres
--

ALTER TABLE ONLY tickets.auth_user_groups
    ADD CONSTRAINT auth_user_groups_group_id_97559544_fk_auth_group_id FOREIGN KEY (group_id) REFERENCES tickets.auth_group(id) DEFERRABLE INITIALLY DEFERRED;


--
-- TOC entry 5523 (class 2606 OID 18861)
-- Name: auth_user_groups auth_user_groups_user_id_6a12ed8b_fk_auth_user_id; Type: FK CONSTRAINT; Schema: tickets; Owner: postgres
--

ALTER TABLE ONLY tickets.auth_user_groups
    ADD CONSTRAINT auth_user_groups_user_id_6a12ed8b_fk_auth_user_id FOREIGN KEY (user_id) REFERENCES tickets.auth_user(id) DEFERRABLE INITIALLY DEFERRED;


--
-- TOC entry 5524 (class 2606 OID 18880)
-- Name: auth_user_user_permissions auth_user_user_permi_permission_id_1fbb5f2c_fk_auth_perm; Type: FK CONSTRAINT; Schema: tickets; Owner: postgres
--

ALTER TABLE ONLY tickets.auth_user_user_permissions
    ADD CONSTRAINT auth_user_user_permi_permission_id_1fbb5f2c_fk_auth_perm FOREIGN KEY (permission_id) REFERENCES tickets.auth_permission(id) DEFERRABLE INITIALLY DEFERRED;


--
-- TOC entry 5525 (class 2606 OID 18875)
-- Name: auth_user_user_permissions auth_user_user_permissions_user_id_a95ead1b_fk_auth_user_id; Type: FK CONSTRAINT; Schema: tickets; Owner: postgres
--

ALTER TABLE ONLY tickets.auth_user_user_permissions
    ADD CONSTRAINT auth_user_user_permissions_user_id_a95ead1b_fk_auth_user_id FOREIGN KEY (user_id) REFERENCES tickets.auth_user(id) DEFERRABLE INITIALLY DEFERRED;


--
-- TOC entry 5526 (class 2606 OID 18902)
-- Name: django_admin_log django_admin_log_content_type_id_c4bce8eb_fk_django_co; Type: FK CONSTRAINT; Schema: tickets; Owner: postgres
--

ALTER TABLE ONLY tickets.django_admin_log
    ADD CONSTRAINT django_admin_log_content_type_id_c4bce8eb_fk_django_co FOREIGN KEY (content_type_id) REFERENCES tickets.django_content_type(id) DEFERRABLE INITIALLY DEFERRED;


--
-- TOC entry 5527 (class 2606 OID 18907)
-- Name: django_admin_log django_admin_log_user_id_c564eba6_fk_auth_user_id; Type: FK CONSTRAINT; Schema: tickets; Owner: postgres
--

ALTER TABLE ONLY tickets.django_admin_log
    ADD CONSTRAINT django_admin_log_user_id_c564eba6_fk_auth_user_id FOREIGN KEY (user_id) REFERENCES tickets.auth_user(id) DEFERRABLE INITIALLY DEFERRED;


--
-- TOC entry 5516 (class 2606 OID 18717)
-- Name: file_document file_document_related_to_fkey; Type: FK CONSTRAINT; Schema: tickets; Owner: postgres
--

ALTER TABLE ONLY tickets.file_document
    ADD CONSTRAINT file_document_related_to_fkey FOREIGN KEY (related_to) REFERENCES tickets.ticket_type(id);


--
-- TOC entry 5540 (class 2606 OID 19279)
-- Name: approve_line fk_approve_line_category; Type: FK CONSTRAINT; Schema: tickets; Owner: postgres
--

ALTER TABLE ONLY tickets.approve_line
    ADD CONSTRAINT fk_approve_line_category FOREIGN KEY (category_id) REFERENCES tickets.category(id) ON DELETE CASCADE;


--
-- TOC entry 5541 (class 2606 OID 19284)
-- Name: approve_line fk_approve_line_team; Type: FK CONSTRAINT; Schema: tickets; Owner: postgres
--

ALTER TABLE ONLY tickets.approve_line
    ADD CONSTRAINT fk_approve_line_team FOREIGN KEY (team_id) REFERENCES tickets.team(id) ON DELETE SET NULL;


--
-- TOC entry 5542 (class 2606 OID 19289)
-- Name: approve_line fk_approve_line_user; Type: FK CONSTRAINT; Schema: tickets; Owner: postgres
--

ALTER TABLE ONLY tickets.approve_line
    ADD CONSTRAINT fk_approve_line_user FOREIGN KEY (user_id) REFERENCES tickets.users(id) ON DELETE CASCADE;


--
-- TOC entry 5511 (class 2606 OID 18961)
-- Name: tickets_history fk_history_user; Type: FK CONSTRAINT; Schema: tickets; Owner: postgres
--

ALTER TABLE ONLY tickets.tickets_history
    ADD CONSTRAINT fk_history_user FOREIGN KEY (user_id) REFERENCES tickets.users(id);


--
-- TOC entry 5543 (class 2606 OID 19330)
-- Name: module_permission fk_module_permission_module; Type: FK CONSTRAINT; Schema: tickets; Owner: postgres
--

ALTER TABLE ONLY tickets.module_permission
    ADD CONSTRAINT fk_module_permission_module FOREIGN KEY (module_id) REFERENCES tickets.module(id) ON DELETE CASCADE;


--
-- TOC entry 5544 (class 2606 OID 19325)
-- Name: module_permission fk_module_permission_role; Type: FK CONSTRAINT; Schema: tickets; Owner: postgres
--

ALTER TABLE ONLY tickets.module_permission
    ADD CONSTRAINT fk_module_permission_role FOREIGN KEY (role_id) REFERENCES tickets.roles(id) ON DELETE CASCADE;


--
-- TOC entry 5546 (class 2606 OID 19393)
-- Name: user_permissions fk_permission; Type: FK CONSTRAINT; Schema: tickets; Owner: postgres
--

ALTER TABLE ONLY tickets.user_permissions
    ADD CONSTRAINT fk_permission FOREIGN KEY (permission_id) REFERENCES tickets.permissions(id) ON DELETE CASCADE;


--
-- TOC entry 5545 (class 2606 OID 19352)
-- Name: page_permission fk_role; Type: FK CONSTRAINT; Schema: tickets; Owner: postgres
--

ALTER TABLE ONLY tickets.page_permission
    ADD CONSTRAINT fk_role FOREIGN KEY (role_id) REFERENCES tickets.roles(id) ON DELETE CASCADE;


--
-- TOC entry 5533 (class 2606 OID 19136)
-- Name: team fk_team_department; Type: FK CONSTRAINT; Schema: tickets; Owner: postgres
--

ALTER TABLE ONLY tickets.team
    ADD CONSTRAINT fk_team_department FOREIGN KEY (department_id) REFERENCES tickets.department(id);


--
-- TOC entry 5538 (class 2606 OID 19184)
-- Name: ticket_approval_status fk_ticket_approval_status_status; Type: FK CONSTRAINT; Schema: tickets; Owner: postgres
--

ALTER TABLE ONLY tickets.ticket_approval_status
    ADD CONSTRAINT fk_ticket_approval_status_status FOREIGN KEY (status_id) REFERENCES tickets.status(id);


--
-- TOC entry 5539 (class 2606 OID 19189)
-- Name: ticket_approval_status fk_ticket_approval_status_user; Type: FK CONSTRAINT; Schema: tickets; Owner: postgres
--

ALTER TABLE ONLY tickets.ticket_approval_status
    ADD CONSTRAINT fk_ticket_approval_status_user FOREIGN KEY (user_id) REFERENCES tickets.users(id) ON UPDATE RESTRICT ON DELETE CASCADE;


--
-- TOC entry 5500 (class 2606 OID 19300)
-- Name: ticket_type fk_ticket_type_team; Type: FK CONSTRAINT; Schema: tickets; Owner: postgres
--

ALTER TABLE ONLY tickets.ticket_type
    ADD CONSTRAINT fk_ticket_type_team FOREIGN KEY (team_id) REFERENCES tickets.team(id);


--
-- TOC entry 5536 (class 2606 OID 19152)
-- Name: team_members fk_tm_team; Type: FK CONSTRAINT; Schema: tickets; Owner: postgres
--

ALTER TABLE ONLY tickets.team_members
    ADD CONSTRAINT fk_tm_team FOREIGN KEY (team_id) REFERENCES tickets.team(id) ON DELETE CASCADE;


--
-- TOC entry 5537 (class 2606 OID 19157)
-- Name: team_members fk_tm_user; Type: FK CONSTRAINT; Schema: tickets; Owner: postgres
--

ALTER TABLE ONLY tickets.team_members
    ADD CONSTRAINT fk_tm_user FOREIGN KEY (user_id) REFERENCES tickets.users(id) ON DELETE CASCADE;


--
-- TOC entry 5547 (class 2606 OID 19388)
-- Name: user_permissions fk_user; Type: FK CONSTRAINT; Schema: tickets; Owner: postgres
--

ALTER TABLE ONLY tickets.user_permissions
    ADD CONSTRAINT fk_user FOREIGN KEY (user_id) REFERENCES tickets.users(id) ON DELETE CASCADE;


--
-- TOC entry 5528 (class 2606 OID 19111)
-- Name: users fk_user_role; Type: FK CONSTRAINT; Schema: tickets; Owner: postgres
--

ALTER TABLE ONLY tickets.users
    ADD CONSTRAINT fk_user_role FOREIGN KEY (role_id) REFERENCES tickets.roles(id) ON DELETE SET NULL;


--
-- TOC entry 5529 (class 2606 OID 19116)
-- Name: users fk_users_department; Type: FK CONSTRAINT; Schema: tickets; Owner: postgres
--

ALTER TABLE ONLY tickets.users
    ADD CONSTRAINT fk_users_department FOREIGN KEY (department_id) REFERENCES tickets.department(id);


--
-- TOC entry 5530 (class 2606 OID 19335)
-- Name: users fk_users_role; Type: FK CONSTRAINT; Schema: tickets; Owner: postgres
--

ALTER TABLE ONLY tickets.users
    ADD CONSTRAINT fk_users_role FOREIGN KEY (role_id) REFERENCES tickets.roles(id) ON DELETE RESTRICT;


--
-- TOC entry 5510 (class 2606 OID 18658)
-- Name: log log_user_id_fkey; Type: FK CONSTRAINT; Schema: tickets; Owner: postgres
--

ALTER TABLE ONLY tickets.log
    ADD CONSTRAINT log_user_id_fkey FOREIGN KEY (user_id) REFERENCES tickets.user_permission(id);


--
-- TOC entry 5509 (class 2606 OID 18614)
-- Name: notification notification_ticket_id_fkey; Type: FK CONSTRAINT; Schema: tickets; Owner: postgres
--

ALTER TABLE ONLY tickets.notification
    ADD CONSTRAINT notification_ticket_id_fkey FOREIGN KEY (ticket_id) REFERENCES tickets.tickets(id) ON DELETE CASCADE;


--
-- TOC entry 5534 (class 2606 OID 19200)
-- Name: team team_approver_lv1_fk; Type: FK CONSTRAINT; Schema: tickets; Owner: postgres
--

ALTER TABLE ONLY tickets.team
    ADD CONSTRAINT team_approver_lv1_fk FOREIGN KEY (approver_lv1) REFERENCES tickets.users(id);


--
-- TOC entry 5535 (class 2606 OID 19205)
-- Name: team team_approver_lv2_fk; Type: FK CONSTRAINT; Schema: tickets; Owner: postgres
--

ALTER TABLE ONLY tickets.team
    ADD CONSTRAINT team_approver_lv2_fk FOREIGN KEY (approver_lv2) REFERENCES tickets.users(id);


--
-- TOC entry 5507 (class 2606 OID 18584)
-- Name: ticket_data_adjust ticket_data_adjust_ticket_id_fkey; Type: FK CONSTRAINT; Schema: tickets; Owner: postgres
--

ALTER TABLE ONLY tickets.ticket_data_adjust
    ADD CONSTRAINT ticket_data_adjust_ticket_id_fkey FOREIGN KEY (ticket_id) REFERENCES tickets.tickets(id) ON DELETE CASCADE;


--
-- TOC entry 5531 (class 2606 OID 19061)
-- Name: ticket_data_building_repair ticket_data_building_repair_ticket_id_fkey; Type: FK CONSTRAINT; Schema: tickets; Owner: postgres
--

ALTER TABLE ONLY tickets.ticket_data_building_repair
    ADD CONSTRAINT ticket_data_building_repair_ticket_id_fkey FOREIGN KEY (ticket_id) REFERENCES tickets.tickets(id) ON DELETE CASCADE;


--
-- TOC entry 5532 (class 2606 OID 19066)
-- Name: ticket_data_building_repair ticket_data_building_repair_user_id_fkey; Type: FK CONSTRAINT; Schema: tickets; Owner: postgres
--

ALTER TABLE ONLY tickets.ticket_data_building_repair
    ADD CONSTRAINT ticket_data_building_repair_user_id_fkey FOREIGN KEY (user_id) REFERENCES tickets.users(id) ON DELETE CASCADE;


--
-- TOC entry 5506 (class 2606 OID 18568)
-- Name: ticket_data_erp_app ticket_data_erp_app_ticket_id_fkey; Type: FK CONSTRAINT; Schema: tickets; Owner: postgres
--

ALTER TABLE ONLY tickets.ticket_data_erp_app
    ADD CONSTRAINT ticket_data_erp_app_ticket_id_fkey FOREIGN KEY (ticket_id) REFERENCES tickets.tickets(id) ON DELETE CASCADE;


--
-- TOC entry 5508 (class 2606 OID 18600)
-- Name: ticket_data_vpn ticket_data_vpn_ticket_id_fkey; Type: FK CONSTRAINT; Schema: tickets; Owner: postgres
--

ALTER TABLE ONLY tickets.ticket_data_vpn
    ADD CONSTRAINT ticket_data_vpn_ticket_id_fkey FOREIGN KEY (ticket_id) REFERENCES tickets.tickets(id) ON DELETE CASCADE;


--
-- TOC entry 5517 (class 2606 OID 18734)
-- Name: ticket_files ticket_files_ticket_id_fkey; Type: FK CONSTRAINT; Schema: tickets; Owner: postgres
--

ALTER TABLE ONLY tickets.ticket_files
    ADD CONSTRAINT ticket_files_ticket_id_fkey FOREIGN KEY (ticket_id) REFERENCES tickets.tickets(id) ON DELETE CASCADE;


--
-- TOC entry 5518 (class 2606 OID 19023)
-- Name: ticket_files ticket_files_uploaded_by_fkey; Type: FK CONSTRAINT; Schema: tickets; Owner: postgres
--

ALTER TABLE ONLY tickets.ticket_files
    ADD CONSTRAINT ticket_files_uploaded_by_fkey FOREIGN KEY (uploaded_by) REFERENCES tickets.users(id);


--
-- TOC entry 5501 (class 2606 OID 18526)
-- Name: ticket_type ticket_type_category_fkey; Type: FK CONSTRAINT; Schema: tickets; Owner: postgres
--

ALTER TABLE ONLY tickets.ticket_type
    ADD CONSTRAINT ticket_type_category_fkey FOREIGN KEY (category) REFERENCES tickets.category(id);


--
-- TOC entry 5502 (class 2606 OID 18547)
-- Name: tickets tickets_assign_id_fkey; Type: FK CONSTRAINT; Schema: tickets; Owner: postgres
--

ALTER TABLE ONLY tickets.tickets
    ADD CONSTRAINT tickets_assign_id_fkey FOREIGN KEY (assign_id) REFERENCES tickets.user_permission(id);


--
-- TOC entry 5514 (class 2606 OID 18696)
-- Name: tickets_comments tickets_comments_ticket_id_fkey; Type: FK CONSTRAINT; Schema: tickets; Owner: postgres
--

ALTER TABLE ONLY tickets.tickets_comments
    ADD CONSTRAINT tickets_comments_ticket_id_fkey FOREIGN KEY (ticket_id) REFERENCES tickets.tickets(id) ON DELETE CASCADE;


--
-- TOC entry 5515 (class 2606 OID 18701)
-- Name: tickets_comments tickets_comments_user_id_fkey; Type: FK CONSTRAINT; Schema: tickets; Owner: postgres
--

ALTER TABLE ONLY tickets.tickets_comments
    ADD CONSTRAINT tickets_comments_user_id_fkey FOREIGN KEY (user_id) REFERENCES tickets.user_permission(id);


--
-- TOC entry 5512 (class 2606 OID 18674)
-- Name: tickets_history tickets_history_ticket_id_fkey; Type: FK CONSTRAINT; Schema: tickets; Owner: postgres
--

ALTER TABLE ONLY tickets.tickets_history
    ADD CONSTRAINT tickets_history_ticket_id_fkey FOREIGN KEY (ticket_id) REFERENCES tickets.tickets(id) ON DELETE CASCADE;


--
-- TOC entry 5513 (class 2606 OID 18679)
-- Name: tickets_history tickets_history_user_id_fkey; Type: FK CONSTRAINT; Schema: tickets; Owner: postgres
--

ALTER TABLE ONLY tickets.tickets_history
    ADD CONSTRAINT tickets_history_user_id_fkey FOREIGN KEY (user_id) REFERENCES tickets.user_permission(id);


--
-- TOC entry 5503 (class 2606 OID 19018)
-- Name: tickets tickets_status_id_fkey; Type: FK CONSTRAINT; Schema: tickets; Owner: postgres
--

ALTER TABLE ONLY tickets.tickets
    ADD CONSTRAINT tickets_status_id_fkey FOREIGN KEY (status_id) REFERENCES tickets.status(id);


--
-- TOC entry 5504 (class 2606 OID 18552)
-- Name: tickets tickets_ticket_type_id_fkey; Type: FK CONSTRAINT; Schema: tickets; Owner: postgres
--

ALTER TABLE ONLY tickets.tickets
    ADD CONSTRAINT tickets_ticket_type_id_fkey FOREIGN KEY (ticket_type_id) REFERENCES tickets.ticket_type(id);


--
-- TOC entry 5505 (class 2606 OID 19004)
-- Name: tickets tickets_user_id_fkey; Type: FK CONSTRAINT; Schema: tickets; Owner: postgres
--

ALTER TABLE ONLY tickets.tickets
    ADD CONSTRAINT tickets_user_id_fkey FOREIGN KEY (user_id) REFERENCES tickets.users(id) ON DELETE CASCADE;


--
-- TOC entry 5498 (class 2606 OID 18492)
-- Name: user_groups user_groups_group_id_fkey; Type: FK CONSTRAINT; Schema: tickets; Owner: postgres
--

ALTER TABLE ONLY tickets.user_groups
    ADD CONSTRAINT user_groups_group_id_fkey FOREIGN KEY (group_id) REFERENCES tickets.groups(id) ON DELETE CASCADE;


--
-- TOC entry 5499 (class 2606 OID 18487)
-- Name: user_groups user_groups_user_id_fkey; Type: FK CONSTRAINT; Schema: tickets; Owner: postgres
--

ALTER TABLE ONLY tickets.user_groups
    ADD CONSTRAINT user_groups_user_id_fkey FOREIGN KEY (user_id) REFERENCES tickets.user_permission(id) ON DELETE CASCADE;


-- Completed on 2026-02-12 10:50:36

--
-- PostgreSQL database dump complete
--

\unrestrict XW0WEDLQKyi1QO0eWarn1LPpcqyP6mjXftNAKmau3Zd1VckLYuId8TAAjg9G3OO

