--
-- PostgreSQL database dump
--

\restrict 3yju0IWY7GaGqAgG5hCb2ilGLus4wPComOxKzbDTdDexhGYmcW6fQAydM6a7qQG

-- Dumped from database version 18.0
-- Dumped by pg_dump version 18.0

-- Started on 2026-01-28 10:31:28

SET statement_timeout = 0;
SET lock_timeout = 0;
SET idle_in_transaction_session_timeout = 0;
SET transaction_timeout = 0;
SET client_encoding = 'UTF8';
SET standard_conforming_strings = on;
SELECT pg_catalog.set_config('search_path', '', false);
SET check_function_bodies = false;
SET xmloption = content;
SET client_min_messages = warning;
SET row_security = off;

--
-- TOC entry 9 (class 2615 OID 18448)
-- Name: tickets; Type: SCHEMA; Schema: -; Owner: postgres
--

CREATE SCHEMA tickets;


ALTER SCHEMA tickets OWNER TO postgres;

SET default_tablespace = '';

SET default_table_access_method = heap;

--
-- TOC entry 401 (class 1259 OID 19248)
-- Name: approve_line; Type: TABLE; Schema: tickets; Owner: postgres
--

CREATE TABLE tickets.approve_line (
    id integer NOT NULL,
    category_id integer,
    level integer,
    user_id integer,
    team_id integer,
    flow_no integer DEFAULT 1 NOT NULL
);


ALTER TABLE tickets.approve_line OWNER TO postgres;

--
-- TOC entry 400 (class 1259 OID 19247)
-- Name: approve_line_id_seq; Type: SEQUENCE; Schema: tickets; Owner: postgres
--

CREATE SEQUENCE tickets.approve_line_id_seq
    AS integer
    START WITH 1
    INCREMENT BY 1
    NO MINVALUE
    NO MAXVALUE
    CACHE 1;


ALTER SEQUENCE tickets.approve_line_id_seq OWNER TO postgres;

--
-- TOC entry 5722 (class 0 OID 0)
-- Dependencies: 400
-- Name: approve_line_id_seq; Type: SEQUENCE OWNED BY; Schema: tickets; Owner: postgres
--

ALTER SEQUENCE tickets.approve_line_id_seq OWNED BY tickets.approve_line.id;


--
-- TOC entry 374 (class 1259 OID 18780)
-- Name: auth_group; Type: TABLE; Schema: tickets; Owner: postgres
--

CREATE TABLE tickets.auth_group (
    id integer NOT NULL,
    name character varying(150) NOT NULL
);


ALTER TABLE tickets.auth_group OWNER TO postgres;

--
-- TOC entry 373 (class 1259 OID 18779)
-- Name: auth_group_id_seq; Type: SEQUENCE; Schema: tickets; Owner: postgres
--

ALTER TABLE tickets.auth_group ALTER COLUMN id ADD GENERATED BY DEFAULT AS IDENTITY (
    SEQUENCE NAME tickets.auth_group_id_seq
    START WITH 1
    INCREMENT BY 1
    NO MINVALUE
    NO MAXVALUE
    CACHE 1
);


--
-- TOC entry 376 (class 1259 OID 18790)
-- Name: auth_group_permissions; Type: TABLE; Schema: tickets; Owner: postgres
--

CREATE TABLE tickets.auth_group_permissions (
    id integer NOT NULL,
    group_id integer NOT NULL,
    permission_id integer NOT NULL
);


ALTER TABLE tickets.auth_group_permissions OWNER TO postgres;

--
-- TOC entry 375 (class 1259 OID 18789)
-- Name: auth_group_permissions_id_seq; Type: SEQUENCE; Schema: tickets; Owner: postgres
--

ALTER TABLE tickets.auth_group_permissions ALTER COLUMN id ADD GENERATED BY DEFAULT AS IDENTITY (
    SEQUENCE NAME tickets.auth_group_permissions_id_seq
    START WITH 1
    INCREMENT BY 1
    NO MINVALUE
    NO MAXVALUE
    CACHE 1
);


--
-- TOC entry 372 (class 1259 OID 18770)
-- Name: auth_permission; Type: TABLE; Schema: tickets; Owner: postgres
--

CREATE TABLE tickets.auth_permission (
    id integer NOT NULL,
    name character varying(255) NOT NULL,
    content_type_id integer NOT NULL,
    codename character varying(100) NOT NULL
);


ALTER TABLE tickets.auth_permission OWNER TO postgres;

--
-- TOC entry 371 (class 1259 OID 18769)
-- Name: auth_permission_id_seq; Type: SEQUENCE; Schema: tickets; Owner: postgres
--

ALTER TABLE tickets.auth_permission ALTER COLUMN id ADD GENERATED BY DEFAULT AS IDENTITY (
    SEQUENCE NAME tickets.auth_permission_id_seq
    START WITH 1
    INCREMENT BY 1
    NO MINVALUE
    NO MAXVALUE
    CACHE 1
);


--
-- TOC entry 378 (class 1259 OID 18799)
-- Name: auth_user; Type: TABLE; Schema: tickets; Owner: postgres
--

CREATE TABLE tickets.auth_user (
    id integer NOT NULL,
    password character varying(128) NOT NULL,
    last_login timestamp with time zone,
    is_superuser boolean NOT NULL,
    username character varying(150) NOT NULL,
    first_name character varying(150) NOT NULL,
    last_name character varying(150) NOT NULL,
    email character varying(254) NOT NULL,
    is_staff boolean NOT NULL,
    is_active boolean NOT NULL,
    date_joined timestamp with time zone NOT NULL
);


ALTER TABLE tickets.auth_user OWNER TO postgres;

--
-- TOC entry 380 (class 1259 OID 18818)
-- Name: auth_user_groups; Type: TABLE; Schema: tickets; Owner: postgres
--

CREATE TABLE tickets.auth_user_groups (
    id integer NOT NULL,
    user_id integer NOT NULL,
    group_id integer NOT NULL
);


ALTER TABLE tickets.auth_user_groups OWNER TO postgres;

--
-- TOC entry 379 (class 1259 OID 18817)
-- Name: auth_user_groups_id_seq; Type: SEQUENCE; Schema: tickets; Owner: postgres
--

ALTER TABLE tickets.auth_user_groups ALTER COLUMN id ADD GENERATED BY DEFAULT AS IDENTITY (
    SEQUENCE NAME tickets.auth_user_groups_id_seq
    START WITH 1
    INCREMENT BY 1
    NO MINVALUE
    NO MAXVALUE
    CACHE 1
);


--
-- TOC entry 377 (class 1259 OID 18798)
-- Name: auth_user_id_seq; Type: SEQUENCE; Schema: tickets; Owner: postgres
--

ALTER TABLE tickets.auth_user ALTER COLUMN id ADD GENERATED BY DEFAULT AS IDENTITY (
    SEQUENCE NAME tickets.auth_user_id_seq
    START WITH 1
    INCREMENT BY 1
    NO MINVALUE
    NO MAXVALUE
    CACHE 1
);


--
-- TOC entry 382 (class 1259 OID 18827)
-- Name: auth_user_user_permissions; Type: TABLE; Schema: tickets; Owner: postgres
--

CREATE TABLE tickets.auth_user_user_permissions (
    id integer NOT NULL,
    user_id integer NOT NULL,
    permission_id integer NOT NULL
);


ALTER TABLE tickets.auth_user_user_permissions OWNER TO postgres;

--
-- TOC entry 381 (class 1259 OID 18826)
-- Name: auth_user_user_permissions_id_seq; Type: SEQUENCE; Schema: tickets; Owner: postgres
--

ALTER TABLE tickets.auth_user_user_permissions ALTER COLUMN id ADD GENERATED BY DEFAULT AS IDENTITY (
    SEQUENCE NAME tickets.auth_user_user_permissions_id_seq
    START WITH 1
    INCREMENT BY 1
    NO MINVALUE
    NO MAXVALUE
    CACHE 1
);


--
-- TOC entry 340 (class 1259 OID 18511)
-- Name: category; Type: TABLE; Schema: tickets; Owner: postgres
--

CREATE TABLE tickets.category (
    id integer NOT NULL,
    name character varying(100),
    use_accounting boolean DEFAULT true
);


ALTER TABLE tickets.category OWNER TO postgres;

--
-- TOC entry 339 (class 1259 OID 18510)
-- Name: category_id_seq; Type: SEQUENCE; Schema: tickets; Owner: postgres
--

CREATE SEQUENCE tickets.category_id_seq
    AS integer
    START WITH 1
    INCREMENT BY 1
    NO MINVALUE
    NO MAXVALUE
    CACHE 1;


ALTER SEQUENCE tickets.category_id_seq OWNER TO postgres;

--
-- TOC entry 5723 (class 0 OID 0)
-- Dependencies: 339
-- Name: category_id_seq; Type: SEQUENCE OWNED BY; Schema: tickets; Owner: postgres
--

ALTER SEQUENCE tickets.category_id_seq OWNED BY tickets.category.id;


--
-- TOC entry 338 (class 1259 OID 18498)
-- Name: department; Type: TABLE; Schema: tickets; Owner: postgres
--

CREATE TABLE tickets.department (
    id integer NOT NULL,
    dept_name character varying(100)
);


ALTER TABLE tickets.department OWNER TO postgres;

--
-- TOC entry 337 (class 1259 OID 18497)
-- Name: department_id_seq; Type: SEQUENCE; Schema: tickets; Owner: postgres
--

CREATE SEQUENCE tickets.department_id_seq
    AS integer
    START WITH 1
    INCREMENT BY 1
    NO MINVALUE
    NO MAXVALUE
    CACHE 1;


ALTER SEQUENCE tickets.department_id_seq OWNER TO postgres;

--
-- TOC entry 5724 (class 0 OID 0)
-- Dependencies: 337
-- Name: department_id_seq; Type: SEQUENCE OWNED BY; Schema: tickets; Owner: postgres
--

ALTER SEQUENCE tickets.department_id_seq OWNED BY tickets.department.id;


--
-- TOC entry 384 (class 1259 OID 18888)
-- Name: django_admin_log; Type: TABLE; Schema: tickets; Owner: postgres
--

CREATE TABLE tickets.django_admin_log (
    id integer NOT NULL,
    action_time timestamp with time zone NOT NULL,
    object_id text,
    object_repr character varying(200) NOT NULL,
    action_flag smallint NOT NULL,
    change_message text NOT NULL,
    content_type_id integer,
    user_id integer NOT NULL,
    CONSTRAINT django_admin_log_action_flag_check CHECK ((action_flag >= 0))
);


ALTER TABLE tickets.django_admin_log OWNER TO postgres;

--
-- TOC entry 383 (class 1259 OID 18887)
-- Name: django_admin_log_id_seq; Type: SEQUENCE; Schema: tickets; Owner: postgres
--

ALTER TABLE tickets.django_admin_log ALTER COLUMN id ADD GENERATED BY DEFAULT AS IDENTITY (
    SEQUENCE NAME tickets.django_admin_log_id_seq
    START WITH 1
    INCREMENT BY 1
    NO MINVALUE
    NO MAXVALUE
    CACHE 1
);


--
-- TOC entry 370 (class 1259 OID 18758)
-- Name: django_content_type; Type: TABLE; Schema: tickets; Owner: postgres
--

CREATE TABLE tickets.django_content_type (
    id integer NOT NULL,
    app_label character varying(100) NOT NULL,
    model character varying(100) NOT NULL
);


ALTER TABLE tickets.django_content_type OWNER TO postgres;

--
-- TOC entry 369 (class 1259 OID 18757)
-- Name: django_content_type_id_seq; Type: SEQUENCE; Schema: tickets; Owner: postgres
--

ALTER TABLE tickets.django_content_type ALTER COLUMN id ADD GENERATED BY DEFAULT AS IDENTITY (
    SEQUENCE NAME tickets.django_content_type_id_seq
    START WITH 1
    INCREMENT BY 1
    NO MINVALUE
    NO MAXVALUE
    CACHE 1
);


--
-- TOC entry 368 (class 1259 OID 18746)
-- Name: django_migrations; Type: TABLE; Schema: tickets; Owner: postgres
--

CREATE TABLE tickets.django_migrations (
    id integer NOT NULL,
    app character varying(255) NOT NULL,
    name character varying(255) NOT NULL,
    applied timestamp with time zone NOT NULL
);


ALTER TABLE tickets.django_migrations OWNER TO postgres;

--
-- TOC entry 367 (class 1259 OID 18745)
-- Name: django_migrations_id_seq; Type: SEQUENCE; Schema: tickets; Owner: postgres
--

ALTER TABLE tickets.django_migrations ALTER COLUMN id ADD GENERATED BY DEFAULT AS IDENTITY (
    SEQUENCE NAME tickets.django_migrations_id_seq
    START WITH 1
    INCREMENT BY 1
    NO MINVALUE
    NO MAXVALUE
    CACHE 1
);


--
-- TOC entry 385 (class 1259 OID 18928)
-- Name: django_session; Type: TABLE; Schema: tickets; Owner: postgres
--

CREATE TABLE tickets.django_session (
    session_key character varying(40) NOT NULL,
    session_data text NOT NULL,
    expire_date timestamp with time zone NOT NULL
);


ALTER TABLE tickets.django_session OWNER TO postgres;

--
-- TOC entry 364 (class 1259 OID 18707)
-- Name: file_document; Type: TABLE; Schema: tickets; Owner: postgres
--

CREATE TABLE tickets.file_document (
    id integer NOT NULL,
    document_name character varying(255),
    document_type character varying(100),
    related_to integer,
    file_path text,
    create_at timestamp without time zone DEFAULT CURRENT_TIMESTAMP,
    update_at timestamp without time zone
);


ALTER TABLE tickets.file_document OWNER TO postgres;

--
-- TOC entry 363 (class 1259 OID 18706)
-- Name: file_document_id_seq; Type: SEQUENCE; Schema: tickets; Owner: postgres
--

CREATE SEQUENCE tickets.file_document_id_seq
    AS integer
    START WITH 1
    INCREMENT BY 1
    NO MINVALUE
    NO MAXVALUE
    CACHE 1;


ALTER SEQUENCE tickets.file_document_id_seq OWNER TO postgres;

--
-- TOC entry 5725 (class 0 OID 0)
-- Dependencies: 363
-- Name: file_document_id_seq; Type: SEQUENCE OWNED BY; Schema: tickets; Owner: postgres
--

ALTER SEQUENCE tickets.file_document_id_seq OWNED BY tickets.file_document.id;


--
-- TOC entry 334 (class 1259 OID 18468)
-- Name: groups; Type: TABLE; Schema: tickets; Owner: postgres
--

CREATE TABLE tickets.groups (
    id integer NOT NULL,
    group_name character varying(100),
    view_scope character varying(20),
    description text
);


ALTER TABLE tickets.groups OWNER TO postgres;

--
-- TOC entry 333 (class 1259 OID 18467)
-- Name: groups_id_seq; Type: SEQUENCE; Schema: tickets; Owner: postgres
--

CREATE SEQUENCE tickets.groups_id_seq
    AS integer
    START WITH 1
    INCREMENT BY 1
    NO MINVALUE
    NO MAXVALUE
    CACHE 1;


ALTER SEQUENCE tickets.groups_id_seq OWNER TO postgres;

--
-- TOC entry 5726 (class 0 OID 0)
-- Dependencies: 333
-- Name: groups_id_seq; Type: SEQUENCE OWNED BY; Schema: tickets; Owner: postgres
--

ALTER SEQUENCE tickets.groups_id_seq OWNED BY tickets.groups.id;


--
-- TOC entry 358 (class 1259 OID 18650)
-- Name: log; Type: TABLE; Schema: tickets; Owner: postgres
--

CREATE TABLE tickets.log (
    id integer NOT NULL,
    user_id integer,
    action character varying(255),
    target_table character varying(100),
    create_at timestamp without time zone DEFAULT CURRENT_TIMESTAMP
);


ALTER TABLE tickets.log OWNER TO postgres;

--
-- TOC entry 357 (class 1259 OID 18649)
-- Name: log_id_seq; Type: SEQUENCE; Schema: tickets; Owner: postgres
--

CREATE SEQUENCE tickets.log_id_seq
    AS integer
    START WITH 1
    INCREMENT BY 1
    NO MINVALUE
    NO MAXVALUE
    CACHE 1;


ALTER SEQUENCE tickets.log_id_seq OWNER TO postgres;

--
-- TOC entry 5727 (class 0 OID 0)
-- Dependencies: 357
-- Name: log_id_seq; Type: SEQUENCE OWNED BY; Schema: tickets; Owner: postgres
--

ALTER SEQUENCE tickets.log_id_seq OWNED BY tickets.log.id;


--
-- TOC entry 354 (class 1259 OID 18620)
-- Name: module; Type: TABLE; Schema: tickets; Owner: postgres
--

CREATE TABLE tickets.module (
    id integer NOT NULL,
    module_name character varying(100),
    display_url character varying(255),
    description text,
    create_at timestamp without time zone DEFAULT CURRENT_TIMESTAMP
);


ALTER TABLE tickets.module OWNER TO postgres;

--
-- TOC entry 353 (class 1259 OID 18619)
-- Name: module_id_seq; Type: SEQUENCE; Schema: tickets; Owner: postgres
--

CREATE SEQUENCE tickets.module_id_seq
    AS integer
    START WITH 1
    INCREMENT BY 1
    NO MINVALUE
    NO MAXVALUE
    CACHE 1;


ALTER SEQUENCE tickets.module_id_seq OWNER TO postgres;

--
-- TOC entry 5728 (class 0 OID 0)
-- Dependencies: 353
-- Name: module_id_seq; Type: SEQUENCE OWNED BY; Schema: tickets; Owner: postgres
--

ALTER SEQUENCE tickets.module_id_seq OWNED BY tickets.module.id;


--
-- TOC entry 356 (class 1259 OID 18631)
-- Name: module_permission; Type: TABLE; Schema: tickets; Owner: postgres
--

CREATE TABLE tickets.module_permission (
    id integer NOT NULL,
    role_id integer,
    module_id integer,
    can_view boolean,
    can_edit boolean,
    can_approve boolean,
    create_at timestamp without time zone DEFAULT CURRENT_TIMESTAMP,
    update_at timestamp without time zone
);


ALTER TABLE tickets.module_permission OWNER TO postgres;

--
-- TOC entry 355 (class 1259 OID 18630)
-- Name: module_permission_id_seq; Type: SEQUENCE; Schema: tickets; Owner: postgres
--

CREATE SEQUENCE tickets.module_permission_id_seq
    AS integer
    START WITH 1
    INCREMENT BY 1
    NO MINVALUE
    NO MAXVALUE
    CACHE 1;


ALTER SEQUENCE tickets.module_permission_id_seq OWNER TO postgres;

--
-- TOC entry 5729 (class 0 OID 0)
-- Dependencies: 355
-- Name: module_permission_id_seq; Type: SEQUENCE OWNED BY; Schema: tickets; Owner: postgres
--

ALTER SEQUENCE tickets.module_permission_id_seq OWNED BY tickets.module_permission.id;


--
-- TOC entry 352 (class 1259 OID 18606)
-- Name: notification; Type: TABLE; Schema: tickets; Owner: postgres
--

CREATE TABLE tickets.notification (
    id integer NOT NULL,
    ticket_id integer,
    message character varying(255),
    create_at timestamp without time zone DEFAULT CURRENT_TIMESTAMP
);


ALTER TABLE tickets.notification OWNER TO postgres;

--
-- TOC entry 351 (class 1259 OID 18605)
-- Name: notification_id_seq; Type: SEQUENCE; Schema: tickets; Owner: postgres
--

CREATE SEQUENCE tickets.notification_id_seq
    AS integer
    START WITH 1
    INCREMENT BY 1
    NO MINVALUE
    NO MAXVALUE
    CACHE 1;


ALTER SEQUENCE tickets.notification_id_seq OWNER TO postgres;

--
-- TOC entry 5730 (class 0 OID 0)
-- Dependencies: 351
-- Name: notification_id_seq; Type: SEQUENCE OWNED BY; Schema: tickets; Owner: postgres
--

ALTER SEQUENCE tickets.notification_id_seq OWNED BY tickets.notification.id;


--
-- TOC entry 393 (class 1259 OID 19073)
-- Name: roles; Type: TABLE; Schema: tickets; Owner: postgres
--

CREATE TABLE tickets.roles (
    id integer NOT NULL,
    role_name character varying(50) NOT NULL,
    create_at timestamp without time zone DEFAULT CURRENT_TIMESTAMP
);


ALTER TABLE tickets.roles OWNER TO postgres;

--
-- TOC entry 392 (class 1259 OID 19072)
-- Name: roles_id_seq; Type: SEQUENCE; Schema: tickets; Owner: postgres
--

CREATE SEQUENCE tickets.roles_id_seq
    AS integer
    START WITH 1
    INCREMENT BY 1
    NO MINVALUE
    NO MAXVALUE
    CACHE 1;


ALTER SEQUENCE tickets.roles_id_seq OWNER TO postgres;

--
-- TOC entry 5731 (class 0 OID 0)
-- Dependencies: 392
-- Name: roles_id_seq; Type: SEQUENCE OWNED BY; Schema: tickets; Owner: postgres
--

ALTER SEQUENCE tickets.roles_id_seq OWNED BY tickets.roles.id;


--
-- TOC entry 389 (class 1259 OID 19010)
-- Name: status; Type: TABLE; Schema: tickets; Owner: postgres
--

CREATE TABLE tickets.status (
    id integer NOT NULL,
    name character varying(50) NOT NULL,
    status_group character varying(30) DEFAULT 'general'::character varying NOT NULL
);


ALTER TABLE tickets.status OWNER TO postgres;

--
-- TOC entry 388 (class 1259 OID 19009)
-- Name: status_id_seq; Type: SEQUENCE; Schema: tickets; Owner: postgres
--

CREATE SEQUENCE tickets.status_id_seq
    AS integer
    START WITH 1
    INCREMENT BY 1
    NO MINVALUE
    NO MAXVALUE
    CACHE 1;


ALTER SEQUENCE tickets.status_id_seq OWNER TO postgres;

--
-- TOC entry 5732 (class 0 OID 0)
-- Dependencies: 388
-- Name: status_id_seq; Type: SEQUENCE OWNED BY; Schema: tickets; Owner: postgres
--

ALTER SEQUENCE tickets.status_id_seq OWNED BY tickets.status.id;


--
-- TOC entry 395 (class 1259 OID 19095)
-- Name: team; Type: TABLE; Schema: tickets; Owner: postgres
--

CREATE TABLE tickets.team (
    id integer NOT NULL,
    name character varying(255) NOT NULL,
    department_id integer,
    approver_lv1 integer,
    approver_lv2 integer
);


ALTER TABLE tickets.team OWNER TO postgres;

--
-- TOC entry 394 (class 1259 OID 19094)
-- Name: team_id_seq; Type: SEQUENCE; Schema: tickets; Owner: postgres
--

CREATE SEQUENCE tickets.team_id_seq
    AS integer
    START WITH 1
    INCREMENT BY 1
    NO MINVALUE
    NO MAXVALUE
    CACHE 1;


ALTER SEQUENCE tickets.team_id_seq OWNER TO postgres;

--
-- TOC entry 5733 (class 0 OID 0)
-- Dependencies: 394
-- Name: team_id_seq; Type: SEQUENCE OWNED BY; Schema: tickets; Owner: postgres
--

ALTER SEQUENCE tickets.team_id_seq OWNED BY tickets.team.id;


--
-- TOC entry 397 (class 1259 OID 19142)
-- Name: team_members; Type: TABLE; Schema: tickets; Owner: postgres
--

CREATE TABLE tickets.team_members (
    id integer NOT NULL,
    team_id integer NOT NULL,
    user_id integer NOT NULL,
    added_at timestamp without time zone DEFAULT CURRENT_TIMESTAMP,
    approve_level integer,
    is_approver boolean DEFAULT false
);


ALTER TABLE tickets.team_members OWNER TO postgres;

--
-- TOC entry 396 (class 1259 OID 19141)
-- Name: team_members_id_seq; Type: SEQUENCE; Schema: tickets; Owner: postgres
--

CREATE SEQUENCE tickets.team_members_id_seq
    AS integer
    START WITH 1
    INCREMENT BY 1
    NO MINVALUE
    NO MAXVALUE
    CACHE 1;


ALTER SEQUENCE tickets.team_members_id_seq OWNER TO postgres;

--
-- TOC entry 5734 (class 0 OID 0)
-- Dependencies: 396
-- Name: team_members_id_seq; Type: SEQUENCE OWNED BY; Schema: tickets; Owner: postgres
--

ALTER SEQUENCE tickets.team_members_id_seq OWNED BY tickets.team_members.id;


--
-- TOC entry 399 (class 1259 OID 19170)
-- Name: ticket_approval_status; Type: TABLE; Schema: tickets; Owner: postgres
--

CREATE TABLE tickets.ticket_approval_status (
    id integer NOT NULL,
    ticket_id integer NOT NULL,
    approve_line_id integer NOT NULL,
    level integer NOT NULL,
    user_id integer NOT NULL,
    status_id integer DEFAULT 6,
    action_time timestamp without time zone,
    remark text
);


ALTER TABLE tickets.ticket_approval_status OWNER TO postgres;

--
-- TOC entry 398 (class 1259 OID 19169)
-- Name: ticket_approval_status_id_seq; Type: SEQUENCE; Schema: tickets; Owner: postgres
--

CREATE SEQUENCE tickets.ticket_approval_status_id_seq
    AS integer
    START WITH 1
    INCREMENT BY 1
    NO MINVALUE
    NO MAXVALUE
    CACHE 1;


ALTER SEQUENCE tickets.ticket_approval_status_id_seq OWNER TO postgres;

--
-- TOC entry 5735 (class 0 OID 0)
-- Dependencies: 398
-- Name: ticket_approval_status_id_seq; Type: SEQUENCE OWNED BY; Schema: tickets; Owner: postgres
--

ALTER SEQUENCE tickets.ticket_approval_status_id_seq OWNED BY tickets.ticket_approval_status.id;


--
-- TOC entry 348 (class 1259 OID 18574)
-- Name: ticket_data_adjust; Type: TABLE; Schema: tickets; Owner: postgres
--

CREATE TABLE tickets.ticket_data_adjust (
    id integer NOT NULL,
    ticket_id integer NOT NULL,
    adj_category character varying(100),
    source_cust character varying(255),
    target_cust character varying(255),
    promo_info character varying(255),
    earn_master character varying(255),
    amount numeric(12,2),
    target_customer_name character varying(255),
    target_promo_code character varying(100),
    target_promo_name character varying(255),
    target_earn_master character varying(255),
    target_amount numeric(12,2)
);


ALTER TABLE tickets.ticket_data_adjust OWNER TO postgres;

--
-- TOC entry 347 (class 1259 OID 18573)
-- Name: ticket_data_adjust_id_seq; Type: SEQUENCE; Schema: tickets; Owner: postgres
--

CREATE SEQUENCE tickets.ticket_data_adjust_id_seq
    AS integer
    START WITH 1
    INCREMENT BY 1
    NO MINVALUE
    NO MAXVALUE
    CACHE 1;


ALTER SEQUENCE tickets.ticket_data_adjust_id_seq OWNER TO postgres;

--
-- TOC entry 5736 (class 0 OID 0)
-- Dependencies: 347
-- Name: ticket_data_adjust_id_seq; Type: SEQUENCE OWNED BY; Schema: tickets; Owner: postgres
--

ALTER SEQUENCE tickets.ticket_data_adjust_id_seq OWNED BY tickets.ticket_data_adjust.id;


--
-- TOC entry 391 (class 1259 OID 19046)
-- Name: ticket_data_building_repair; Type: TABLE; Schema: tickets; Owner: postgres
--

CREATE TABLE tickets.ticket_data_building_repair (
    id integer NOT NULL,
    ticket_id integer NOT NULL,
    user_id integer NOT NULL,
    problem_detail text NOT NULL,
    department character varying(100) NOT NULL,
    building character varying(100) NOT NULL,
    created_at timestamp without time zone DEFAULT CURRENT_TIMESTAMP
);


ALTER TABLE tickets.ticket_data_building_repair OWNER TO postgres;

--
-- TOC entry 390 (class 1259 OID 19045)
-- Name: ticket_data_building_repair_id_seq; Type: SEQUENCE; Schema: tickets; Owner: postgres
--

CREATE SEQUENCE tickets.ticket_data_building_repair_id_seq
    AS integer
    START WITH 1
    INCREMENT BY 1
    NO MINVALUE
    NO MAXVALUE
    CACHE 1;


ALTER SEQUENCE tickets.ticket_data_building_repair_id_seq OWNER TO postgres;

--
-- TOC entry 5737 (class 0 OID 0)
-- Dependencies: 390
-- Name: ticket_data_building_repair_id_seq; Type: SEQUENCE OWNED BY; Schema: tickets; Owner: postgres
--

ALTER SEQUENCE tickets.ticket_data_building_repair_id_seq OWNED BY tickets.ticket_data_building_repair.id;


--
-- TOC entry 346 (class 1259 OID 18558)
-- Name: ticket_data_erp_app; Type: TABLE; Schema: tickets; Owner: postgres
--

CREATE TABLE tickets.ticket_data_erp_app (
    id integer NOT NULL,
    ticket_id integer NOT NULL,
    module_access boolean,
    perm_change boolean,
    report_access boolean,
    app_new boolean,
    app_edit boolean,
    module_name character varying(255),
    doc_no character varying(100),
    old_value text,
    new_value text,
    promo_name character varying(255),
    target_date date,
    requester_names text,
    start_date date,
    end_date date
);


ALTER TABLE tickets.ticket_data_erp_app OWNER TO postgres;

--
-- TOC entry 345 (class 1259 OID 18557)
-- Name: ticket_data_erp_app_id_seq; Type: SEQUENCE; Schema: tickets; Owner: postgres
--

CREATE SEQUENCE tickets.ticket_data_erp_app_id_seq
    AS integer
    START WITH 1
    INCREMENT BY 1
    NO MINVALUE
    NO MAXVALUE
    CACHE 1;


ALTER SEQUENCE tickets.ticket_data_erp_app_id_seq OWNER TO postgres;

--
-- TOC entry 5738 (class 0 OID 0)
-- Dependencies: 345
-- Name: ticket_data_erp_app_id_seq; Type: SEQUENCE OWNED BY; Schema: tickets; Owner: postgres
--

ALTER SEQUENCE tickets.ticket_data_erp_app_id_seq OWNED BY tickets.ticket_data_erp_app.id;


--
-- TOC entry 350 (class 1259 OID 18590)
-- Name: ticket_data_vpn; Type: TABLE; Schema: tickets; Owner: postgres
--

CREATE TABLE tickets.ticket_data_vpn (
    id integer NOT NULL,
    ticket_id integer NOT NULL,
    start_date date,
    end_date date,
    vpn_reason text,
    uservpn character varying
);


ALTER TABLE tickets.ticket_data_vpn OWNER TO postgres;

--
-- TOC entry 349 (class 1259 OID 18589)
-- Name: ticket_data_vpn_id_seq; Type: SEQUENCE; Schema: tickets; Owner: postgres
--

CREATE SEQUENCE tickets.ticket_data_vpn_id_seq
    AS integer
    START WITH 1
    INCREMENT BY 1
    NO MINVALUE
    NO MAXVALUE
    CACHE 1;


ALTER SEQUENCE tickets.ticket_data_vpn_id_seq OWNER TO postgres;

--
-- TOC entry 5739 (class 0 OID 0)
-- Dependencies: 349
-- Name: ticket_data_vpn_id_seq; Type: SEQUENCE OWNED BY; Schema: tickets; Owner: postgres
--

ALTER SEQUENCE tickets.ticket_data_vpn_id_seq OWNED BY tickets.ticket_data_vpn.id;


--
-- TOC entry 366 (class 1259 OID 18723)
-- Name: ticket_files; Type: TABLE; Schema: tickets; Owner: postgres
--

CREATE TABLE tickets.ticket_files (
    id integer NOT NULL,
    ticket_id integer NOT NULL,
    ref_type character varying(20),
    ref_id integer,
    file_name character varying(255),
    file_path text,
    file_type character varying(100),
    file_size integer,
    uploaded_by integer,
    create_at timestamp without time zone DEFAULT CURRENT_TIMESTAMP
);


ALTER TABLE tickets.ticket_files OWNER TO postgres;

--
-- TOC entry 365 (class 1259 OID 18722)
-- Name: ticket_files_id_seq; Type: SEQUENCE; Schema: tickets; Owner: postgres
--

CREATE SEQUENCE tickets.ticket_files_id_seq
    AS integer
    START WITH 1
    INCREMENT BY 1
    NO MINVALUE
    NO MAXVALUE
    CACHE 1;


ALTER SEQUENCE tickets.ticket_files_id_seq OWNER TO postgres;

--
-- TOC entry 5740 (class 0 OID 0)
-- Dependencies: 365
-- Name: ticket_files_id_seq; Type: SEQUENCE OWNED BY; Schema: tickets; Owner: postgres
--

ALTER SEQUENCE tickets.ticket_files_id_seq OWNED BY tickets.ticket_files.id;


--
-- TOC entry 342 (class 1259 OID 18519)
-- Name: ticket_type; Type: TABLE; Schema: tickets; Owner: postgres
--

CREATE TABLE tickets.ticket_type (
    id integer NOT NULL,
    name character varying(100),
    category integer
);


ALTER TABLE tickets.ticket_type OWNER TO postgres;

--
-- TOC entry 341 (class 1259 OID 18518)
-- Name: ticket_type_id_seq; Type: SEQUENCE; Schema: tickets; Owner: postgres
--

CREATE SEQUENCE tickets.ticket_type_id_seq
    AS integer
    START WITH 1
    INCREMENT BY 1
    NO MINVALUE
    NO MAXVALUE
    CACHE 1;


ALTER SEQUENCE tickets.ticket_type_id_seq OWNER TO postgres;

--
-- TOC entry 5741 (class 0 OID 0)
-- Dependencies: 341
-- Name: ticket_type_id_seq; Type: SEQUENCE OWNED BY; Schema: tickets; Owner: postgres
--

ALTER SEQUENCE tickets.ticket_type_id_seq OWNED BY tickets.ticket_type.id;


--
-- TOC entry 344 (class 1259 OID 18532)
-- Name: tickets; Type: TABLE; Schema: tickets; Owner: postgres
--

CREATE TABLE tickets.tickets (
    id integer NOT NULL,
    title character varying(255),
    description text,
    user_id integer,
    assign_id integer,
    status_id integer,
    ticket_type_id integer,
    create_at timestamp without time zone DEFAULT CURRENT_TIMESTAMP,
    due_date timestamp without time zone,
    department character varying(100)
);


ALTER TABLE tickets.tickets OWNER TO postgres;

--
-- TOC entry 362 (class 1259 OID 18685)
-- Name: tickets_comments; Type: TABLE; Schema: tickets; Owner: postgres
--

CREATE TABLE tickets.tickets_comments (
    id integer NOT NULL,
    ticket_id integer,
    user_id integer,
    comment text,
    create_at timestamp without time zone DEFAULT CURRENT_TIMESTAMP,
    is_read boolean DEFAULT false
);


ALTER TABLE tickets.tickets_comments OWNER TO postgres;

--
-- TOC entry 361 (class 1259 OID 18684)
-- Name: tickets_comments_id_seq; Type: SEQUENCE; Schema: tickets; Owner: postgres
--

CREATE SEQUENCE tickets.tickets_comments_id_seq
    AS integer
    START WITH 1
    INCREMENT BY 1
    NO MINVALUE
    NO MAXVALUE
    CACHE 1;


ALTER SEQUENCE tickets.tickets_comments_id_seq OWNER TO postgres;

--
-- TOC entry 5742 (class 0 OID 0)
-- Dependencies: 361
-- Name: tickets_comments_id_seq; Type: SEQUENCE OWNED BY; Schema: tickets; Owner: postgres
--

ALTER SEQUENCE tickets.tickets_comments_id_seq OWNED BY tickets.tickets_comments.id;


--
-- TOC entry 360 (class 1259 OID 18664)
-- Name: tickets_history; Type: TABLE; Schema: tickets; Owner: postgres
--

CREATE TABLE tickets.tickets_history (
    id integer NOT NULL,
    ticket_id integer,
    user_id integer,
    action character varying(255),
    details text,
    create_at timestamp without time zone DEFAULT CURRENT_TIMESTAMP
);


ALTER TABLE tickets.tickets_history OWNER TO postgres;

--
-- TOC entry 359 (class 1259 OID 18663)
-- Name: tickets_history_id_seq; Type: SEQUENCE; Schema: tickets; Owner: postgres
--

CREATE SEQUENCE tickets.tickets_history_id_seq
    AS integer
    START WITH 1
    INCREMENT BY 1
    NO MINVALUE
    NO MAXVALUE
    CACHE 1;


ALTER SEQUENCE tickets.tickets_history_id_seq OWNER TO postgres;

--
-- TOC entry 5743 (class 0 OID 0)
-- Dependencies: 359
-- Name: tickets_history_id_seq; Type: SEQUENCE OWNED BY; Schema: tickets; Owner: postgres
--

ALTER SEQUENCE tickets.tickets_history_id_seq OWNED BY tickets.tickets_history.id;


--
-- TOC entry 343 (class 1259 OID 18531)
-- Name: tickets_id_seq; Type: SEQUENCE; Schema: tickets; Owner: postgres
--

CREATE SEQUENCE tickets.tickets_id_seq
    AS integer
    START WITH 1
    INCREMENT BY 1
    NO MINVALUE
    NO MAXVALUE
    CACHE 1;


ALTER SEQUENCE tickets.tickets_id_seq OWNER TO postgres;

--
-- TOC entry 5744 (class 0 OID 0)
-- Dependencies: 343
-- Name: tickets_id_seq; Type: SEQUENCE OWNED BY; Schema: tickets; Owner: postgres
--

ALTER SEQUENCE tickets.tickets_id_seq OWNED BY tickets.tickets.id;


--
-- TOC entry 336 (class 1259 OID 18478)
-- Name: user_groups; Type: TABLE; Schema: tickets; Owner: postgres
--

CREATE TABLE tickets.user_groups (
    id integer NOT NULL,
    user_id integer NOT NULL,
    group_id integer NOT NULL
);


ALTER TABLE tickets.user_groups OWNER TO postgres;

--
-- TOC entry 335 (class 1259 OID 18477)
-- Name: user_groups_id_seq; Type: SEQUENCE; Schema: tickets; Owner: postgres
--

CREATE SEQUENCE tickets.user_groups_id_seq
    AS integer
    START WITH 1
    INCREMENT BY 1
    NO MINVALUE
    NO MAXVALUE
    CACHE 1;


ALTER SEQUENCE tickets.user_groups_id_seq OWNER TO postgres;

--
-- TOC entry 5745 (class 0 OID 0)
-- Dependencies: 335
-- Name: user_groups_id_seq; Type: SEQUENCE OWNED BY; Schema: tickets; Owner: postgres
--

ALTER SEQUENCE tickets.user_groups_id_seq OWNED BY tickets.user_groups.id;


--
-- TOC entry 332 (class 1259 OID 18458)
-- Name: user_permission; Type: TABLE; Schema: tickets; Owner: postgres
--

CREATE TABLE tickets.user_permission (
    id integer NOT NULL,
    erp_user_id integer,
    role character varying(20),
    active boolean DEFAULT true,
    create_at timestamp without time zone DEFAULT CURRENT_TIMESTAMP,
    update_at timestamp without time zone
);


ALTER TABLE tickets.user_permission OWNER TO postgres;

--
-- TOC entry 331 (class 1259 OID 18457)
-- Name: user_permission_id_seq; Type: SEQUENCE; Schema: tickets; Owner: postgres
--

CREATE SEQUENCE tickets.user_permission_id_seq
    AS integer
    START WITH 1
    INCREMENT BY 1
    NO MINVALUE
    NO MAXVALUE
    CACHE 1;


ALTER SEQUENCE tickets.user_permission_id_seq OWNER TO postgres;

--
-- TOC entry 5746 (class 0 OID 0)
-- Dependencies: 331
-- Name: user_permission_id_seq; Type: SEQUENCE OWNED BY; Schema: tickets; Owner: postgres
--

ALTER SEQUENCE tickets.user_permission_id_seq OWNED BY tickets.user_permission.id;


--
-- TOC entry 387 (class 1259 OID 18943)
-- Name: users; Type: TABLE; Schema: tickets; Owner: postgres
--

CREATE TABLE tickets.users (
    id integer NOT NULL,
    erp_user_id integer,
    username character varying(100) NOT NULL,
    full_name character varying(255),
    email character varying(255),
    is_active boolean DEFAULT true,
    created_at timestamp without time zone DEFAULT CURRENT_TIMESTAMP,
    updated_at timestamp without time zone,
    password text,
    role_id integer,
    department_id integer
);


ALTER TABLE tickets.users OWNER TO postgres;

--
-- TOC entry 386 (class 1259 OID 18942)
-- Name: users_id_seq; Type: SEQUENCE; Schema: tickets; Owner: postgres
--

CREATE SEQUENCE tickets.users_id_seq
    AS integer
    START WITH 1
    INCREMENT BY 1
    NO MINVALUE
    NO MAXVALUE
    CACHE 1;


ALTER SEQUENCE tickets.users_id_seq OWNER TO postgres;

--
-- TOC entry 5747 (class 0 OID 0)
-- Dependencies: 386
-- Name: users_id_seq; Type: SEQUENCE OWNED BY; Schema: tickets; Owner: postgres
--

ALTER SEQUENCE tickets.users_id_seq OWNED BY tickets.users.id;


--
-- TOC entry 5340 (class 2604 OID 19251)
-- Name: approve_line id; Type: DEFAULT; Schema: tickets; Owner: postgres
--

ALTER TABLE ONLY tickets.approve_line ALTER COLUMN id SET DEFAULT nextval('tickets.approve_line_id_seq'::regclass);


--
-- TOC entry 5300 (class 2604 OID 18514)
-- Name: category id; Type: DEFAULT; Schema: tickets; Owner: postgres
--

ALTER TABLE ONLY tickets.category ALTER COLUMN id SET DEFAULT nextval('tickets.category_id_seq'::regclass);


--
-- TOC entry 5299 (class 2604 OID 18501)
-- Name: department id; Type: DEFAULT; Schema: tickets; Owner: postgres
--

ALTER TABLE ONLY tickets.department ALTER COLUMN id SET DEFAULT nextval('tickets.department_id_seq'::regclass);


--
-- TOC entry 5321 (class 2604 OID 18710)
-- Name: file_document id; Type: DEFAULT; Schema: tickets; Owner: postgres
--

ALTER TABLE ONLY tickets.file_document ALTER COLUMN id SET DEFAULT nextval('tickets.file_document_id_seq'::regclass);


--
-- TOC entry 5297 (class 2604 OID 18471)
-- Name: groups id; Type: DEFAULT; Schema: tickets; Owner: postgres
--

ALTER TABLE ONLY tickets.groups ALTER COLUMN id SET DEFAULT nextval('tickets.groups_id_seq'::regclass);


--
-- TOC entry 5314 (class 2604 OID 18653)
-- Name: log id; Type: DEFAULT; Schema: tickets; Owner: postgres
--

ALTER TABLE ONLY tickets.log ALTER COLUMN id SET DEFAULT nextval('tickets.log_id_seq'::regclass);


--
-- TOC entry 5310 (class 2604 OID 18623)
-- Name: module id; Type: DEFAULT; Schema: tickets; Owner: postgres
--

ALTER TABLE ONLY tickets.module ALTER COLUMN id SET DEFAULT nextval('tickets.module_id_seq'::regclass);


--
-- TOC entry 5312 (class 2604 OID 18634)
-- Name: module_permission id; Type: DEFAULT; Schema: tickets; Owner: postgres
--

ALTER TABLE ONLY tickets.module_permission ALTER COLUMN id SET DEFAULT nextval('tickets.module_permission_id_seq'::regclass);


--
-- TOC entry 5308 (class 2604 OID 18609)
-- Name: notification id; Type: DEFAULT; Schema: tickets; Owner: postgres
--

ALTER TABLE ONLY tickets.notification ALTER COLUMN id SET DEFAULT nextval('tickets.notification_id_seq'::regclass);


--
-- TOC entry 5332 (class 2604 OID 19076)
-- Name: roles id; Type: DEFAULT; Schema: tickets; Owner: postgres
--

ALTER TABLE ONLY tickets.roles ALTER COLUMN id SET DEFAULT nextval('tickets.roles_id_seq'::regclass);


--
-- TOC entry 5328 (class 2604 OID 19013)
-- Name: status id; Type: DEFAULT; Schema: tickets; Owner: postgres
--

ALTER TABLE ONLY tickets.status ALTER COLUMN id SET DEFAULT nextval('tickets.status_id_seq'::regclass);


--
-- TOC entry 5334 (class 2604 OID 19098)
-- Name: team id; Type: DEFAULT; Schema: tickets; Owner: postgres
--

ALTER TABLE ONLY tickets.team ALTER COLUMN id SET DEFAULT nextval('tickets.team_id_seq'::regclass);


--
-- TOC entry 5335 (class 2604 OID 19145)
-- Name: team_members id; Type: DEFAULT; Schema: tickets; Owner: postgres
--

ALTER TABLE ONLY tickets.team_members ALTER COLUMN id SET DEFAULT nextval('tickets.team_members_id_seq'::regclass);


--
-- TOC entry 5338 (class 2604 OID 19173)
-- Name: ticket_approval_status id; Type: DEFAULT; Schema: tickets; Owner: postgres
--

ALTER TABLE ONLY tickets.ticket_approval_status ALTER COLUMN id SET DEFAULT nextval('tickets.ticket_approval_status_id_seq'::regclass);


--
-- TOC entry 5306 (class 2604 OID 18577)
-- Name: ticket_data_adjust id; Type: DEFAULT; Schema: tickets; Owner: postgres
--

ALTER TABLE ONLY tickets.ticket_data_adjust ALTER COLUMN id SET DEFAULT nextval('tickets.ticket_data_adjust_id_seq'::regclass);


--
-- TOC entry 5330 (class 2604 OID 19049)
-- Name: ticket_data_building_repair id; Type: DEFAULT; Schema: tickets; Owner: postgres
--

ALTER TABLE ONLY tickets.ticket_data_building_repair ALTER COLUMN id SET DEFAULT nextval('tickets.ticket_data_building_repair_id_seq'::regclass);


--
-- TOC entry 5305 (class 2604 OID 18561)
-- Name: ticket_data_erp_app id; Type: DEFAULT; Schema: tickets; Owner: postgres
--

ALTER TABLE ONLY tickets.ticket_data_erp_app ALTER COLUMN id SET DEFAULT nextval('tickets.ticket_data_erp_app_id_seq'::regclass);


--
-- TOC entry 5307 (class 2604 OID 18593)
-- Name: ticket_data_vpn id; Type: DEFAULT; Schema: tickets; Owner: postgres
--

ALTER TABLE ONLY tickets.ticket_data_vpn ALTER COLUMN id SET DEFAULT nextval('tickets.ticket_data_vpn_id_seq'::regclass);


--
-- TOC entry 5323 (class 2604 OID 18726)
-- Name: ticket_files id; Type: DEFAULT; Schema: tickets; Owner: postgres
--

ALTER TABLE ONLY tickets.ticket_files ALTER COLUMN id SET DEFAULT nextval('tickets.ticket_files_id_seq'::regclass);


--
-- TOC entry 5302 (class 2604 OID 18522)
-- Name: ticket_type id; Type: DEFAULT; Schema: tickets; Owner: postgres
--

ALTER TABLE ONLY tickets.ticket_type ALTER COLUMN id SET DEFAULT nextval('tickets.ticket_type_id_seq'::regclass);


--
-- TOC entry 5303 (class 2604 OID 18535)
-- Name: tickets id; Type: DEFAULT; Schema: tickets; Owner: postgres
--

ALTER TABLE ONLY tickets.tickets ALTER COLUMN id SET DEFAULT nextval('tickets.tickets_id_seq'::regclass);


--
-- TOC entry 5318 (class 2604 OID 18688)
-- Name: tickets_comments id; Type: DEFAULT; Schema: tickets; Owner: postgres
--

ALTER TABLE ONLY tickets.tickets_comments ALTER COLUMN id SET DEFAULT nextval('tickets.tickets_comments_id_seq'::regclass);


--
-- TOC entry 5316 (class 2604 OID 18667)
-- Name: tickets_history id; Type: DEFAULT; Schema: tickets; Owner: postgres
--

ALTER TABLE ONLY tickets.tickets_history ALTER COLUMN id SET DEFAULT nextval('tickets.tickets_history_id_seq'::regclass);


--
-- TOC entry 5298 (class 2604 OID 18481)
-- Name: user_groups id; Type: DEFAULT; Schema: tickets; Owner: postgres
--

ALTER TABLE ONLY tickets.user_groups ALTER COLUMN id SET DEFAULT nextval('tickets.user_groups_id_seq'::regclass);


--
-- TOC entry 5294 (class 2604 OID 18461)
-- Name: user_permission id; Type: DEFAULT; Schema: tickets; Owner: postgres
--

ALTER TABLE ONLY tickets.user_permission ALTER COLUMN id SET DEFAULT nextval('tickets.user_permission_id_seq'::regclass);


--
-- TOC entry 5325 (class 2604 OID 18946)
-- Name: users id; Type: DEFAULT; Schema: tickets; Owner: postgres
--

ALTER TABLE ONLY tickets.users ALTER COLUMN id SET DEFAULT nextval('tickets.users_id_seq'::regclass);


--
-- TOC entry 5716 (class 0 OID 19248)
-- Dependencies: 401
-- Data for Name: approve_line; Type: TABLE DATA; Schema: tickets; Owner: postgres
--

INSERT INTO tickets.approve_line VALUES (1, 6, 1, 9, 18, 1);
INSERT INTO tickets.approve_line VALUES (2, 6, 2, 29, 18, 1);
INSERT INTO tickets.approve_line VALUES (4, 6, 1, 14, 18, 2);
INSERT INTO tickets.approve_line VALUES (5, 6, 2, 30, 18, 2);
INSERT INTO tickets.approve_line VALUES (10, 5, 1, 17, 18, 1);
INSERT INTO tickets.approve_line VALUES (11, 5, 2, 10, 18, 1);
INSERT INTO tickets.approve_line VALUES (12, 5, 3, 30, 18, 1);
INSERT INTO tickets.approve_line VALUES (13, 5, 4, 1, 18, 1);
INSERT INTO tickets.approve_line VALUES (14, 6, 1, 2, 18, 3);
INSERT INTO tickets.approve_line VALUES (15, 6, 2, 29, 18, 3);
INSERT INTO tickets.approve_line VALUES (16, 6, 3, 11, 18, 3);
INSERT INTO tickets.approve_line VALUES (17, 4, 1, 15, 18, 2);
INSERT INTO tickets.approve_line VALUES (18, 4, 2, 16, 18, 2);
INSERT INTO tickets.approve_line VALUES (19, 4, 3, 29, 18, 2);
INSERT INTO tickets.approve_line VALUES (20, 4, 4, 13, 18, 2);
INSERT INTO tickets.approve_line VALUES (21, 4, 1, 25, 18, 3);
INSERT INTO tickets.approve_line VALUES (22, 4, 2, 16, 18, 3);
INSERT INTO tickets.approve_line VALUES (23, 4, 3, 30, 18, 3);
INSERT INTO tickets.approve_line VALUES (24, 4, 4, 12, 18, 3);


--
-- TOC entry 5689 (class 0 OID 18780)
-- Dependencies: 374
-- Data for Name: auth_group; Type: TABLE DATA; Schema: tickets; Owner: postgres
--



--
-- TOC entry 5691 (class 0 OID 18790)
-- Dependencies: 376
-- Data for Name: auth_group_permissions; Type: TABLE DATA; Schema: tickets; Owner: postgres
--



--
-- TOC entry 5687 (class 0 OID 18770)
-- Dependencies: 372
-- Data for Name: auth_permission; Type: TABLE DATA; Schema: tickets; Owner: postgres
--

INSERT INTO tickets.auth_permission VALUES (1, 'Can add log entry', 1, 'add_logentry');
INSERT INTO tickets.auth_permission VALUES (2, 'Can change log entry', 1, 'change_logentry');
INSERT INTO tickets.auth_permission VALUES (3, 'Can delete log entry', 1, 'delete_logentry');
INSERT INTO tickets.auth_permission VALUES (4, 'Can view log entry', 1, 'view_logentry');
INSERT INTO tickets.auth_permission VALUES (5, 'Can add permission', 2, 'add_permission');
INSERT INTO tickets.auth_permission VALUES (6, 'Can change permission', 2, 'change_permission');
INSERT INTO tickets.auth_permission VALUES (7, 'Can delete permission', 2, 'delete_permission');
INSERT INTO tickets.auth_permission VALUES (8, 'Can view permission', 2, 'view_permission');
INSERT INTO tickets.auth_permission VALUES (9, 'Can add group', 3, 'add_group');
INSERT INTO tickets.auth_permission VALUES (10, 'Can change group', 3, 'change_group');
INSERT INTO tickets.auth_permission VALUES (11, 'Can delete group', 3, 'delete_group');
INSERT INTO tickets.auth_permission VALUES (12, 'Can view group', 3, 'view_group');
INSERT INTO tickets.auth_permission VALUES (13, 'Can add user', 4, 'add_user');
INSERT INTO tickets.auth_permission VALUES (14, 'Can change user', 4, 'change_user');
INSERT INTO tickets.auth_permission VALUES (15, 'Can delete user', 4, 'delete_user');
INSERT INTO tickets.auth_permission VALUES (16, 'Can view user', 4, 'view_user');
INSERT INTO tickets.auth_permission VALUES (17, 'Can add content type', 5, 'add_contenttype');
INSERT INTO tickets.auth_permission VALUES (18, 'Can change content type', 5, 'change_contenttype');
INSERT INTO tickets.auth_permission VALUES (19, 'Can delete content type', 5, 'delete_contenttype');
INSERT INTO tickets.auth_permission VALUES (20, 'Can view content type', 5, 'view_contenttype');
INSERT INTO tickets.auth_permission VALUES (21, 'Can add session', 6, 'add_session');
INSERT INTO tickets.auth_permission VALUES (22, 'Can change session', 6, 'change_session');
INSERT INTO tickets.auth_permission VALUES (23, 'Can delete session', 6, 'delete_session');
INSERT INTO tickets.auth_permission VALUES (24, 'Can view session', 6, 'view_session');


--
-- TOC entry 5693 (class 0 OID 18799)
-- Dependencies: 378
-- Data for Name: auth_user; Type: TABLE DATA; Schema: tickets; Owner: postgres
--



--
-- TOC entry 5695 (class 0 OID 18818)
-- Dependencies: 380
-- Data for Name: auth_user_groups; Type: TABLE DATA; Schema: tickets; Owner: postgres
--



--
-- TOC entry 5697 (class 0 OID 18827)
-- Dependencies: 382
-- Data for Name: auth_user_user_permissions; Type: TABLE DATA; Schema: tickets; Owner: postgres
--



--
-- TOC entry 5655 (class 0 OID 18511)
-- Dependencies: 340
-- Data for Name: category; Type: TABLE DATA; Schema: tickets; Owner: postgres
--

INSERT INTO tickets.category VALUES (4, 'Adjust', true);
INSERT INTO tickets.category VALUES (5, 'Application', true);
INSERT INTO tickets.category VALUES (3, 'Building ', true);
INSERT INTO tickets.category VALUES (1, 'ERP', true);
INSERT INTO tickets.category VALUES (2, 'VPN', true);
INSERT INTO tickets.category VALUES (6, 'Active Promotion ', true);


--
-- TOC entry 5653 (class 0 OID 18498)
-- Dependencies: 338
-- Data for Name: department; Type: TABLE DATA; Schema: tickets; Owner: postgres
--

INSERT INTO tickets.department VALUES (1, 'IT');
INSERT INTO tickets.department VALUES (2, 'HR');
INSERT INTO tickets.department VALUES (3, 'Finance');
INSERT INTO tickets.department VALUES (4, 'Accounting');
INSERT INTO tickets.department VALUES (5, 'Procurement');
INSERT INTO tickets.department VALUES (6, 'Sales');
INSERT INTO tickets.department VALUES (7, 'Marketing');
INSERT INTO tickets.department VALUES (8, 'Operations');
INSERT INTO tickets.department VALUES (9, 'Admin');
INSERT INTO tickets.department VALUES (10, 'Management');


--
-- TOC entry 5699 (class 0 OID 18888)
-- Dependencies: 384
-- Data for Name: django_admin_log; Type: TABLE DATA; Schema: tickets; Owner: postgres
--



--
-- TOC entry 5685 (class 0 OID 18758)
-- Dependencies: 370
-- Data for Name: django_content_type; Type: TABLE DATA; Schema: tickets; Owner: postgres
--

INSERT INTO tickets.django_content_type VALUES (1, 'admin', 'logentry');
INSERT INTO tickets.django_content_type VALUES (2, 'auth', 'permission');
INSERT INTO tickets.django_content_type VALUES (3, 'auth', 'group');
INSERT INTO tickets.django_content_type VALUES (4, 'auth', 'user');
INSERT INTO tickets.django_content_type VALUES (5, 'contenttypes', 'contenttype');
INSERT INTO tickets.django_content_type VALUES (6, 'sessions', 'session');


--
-- TOC entry 5683 (class 0 OID 18746)
-- Dependencies: 368
-- Data for Name: django_migrations; Type: TABLE DATA; Schema: tickets; Owner: postgres
--

INSERT INTO tickets.django_migrations VALUES (1, 'contenttypes', '0001_initial', '2026-01-13 10:23:57.377397+07');
INSERT INTO tickets.django_migrations VALUES (2, 'auth', '0001_initial', '2026-01-13 10:23:57.457205+07');
INSERT INTO tickets.django_migrations VALUES (3, 'admin', '0001_initial', '2026-01-13 10:23:57.47676+07');
INSERT INTO tickets.django_migrations VALUES (4, 'admin', '0002_logentry_remove_auto_add', '2026-01-13 10:23:57.484922+07');
INSERT INTO tickets.django_migrations VALUES (5, 'admin', '0003_logentry_add_action_flag_choices', '2026-01-13 10:23:57.491176+07');
INSERT INTO tickets.django_migrations VALUES (6, 'contenttypes', '0002_remove_content_type_name', '2026-01-13 10:23:57.508513+07');
INSERT INTO tickets.django_migrations VALUES (7, 'auth', '0002_alter_permission_name_max_length', '2026-01-13 10:23:57.517915+07');
INSERT INTO tickets.django_migrations VALUES (8, 'auth', '0003_alter_user_email_max_length', '2026-01-13 10:23:57.524672+07');
INSERT INTO tickets.django_migrations VALUES (9, 'auth', '0004_alter_user_username_opts', '2026-01-13 10:23:57.531426+07');
INSERT INTO tickets.django_migrations VALUES (10, 'auth', '0005_alter_user_last_login_null', '2026-01-13 10:23:57.53899+07');
INSERT INTO tickets.django_migrations VALUES (11, 'auth', '0006_require_contenttypes_0002', '2026-01-13 10:23:57.53899+07');
INSERT INTO tickets.django_migrations VALUES (12, 'auth', '0007_alter_validators_add_error_messages', '2026-01-13 10:23:57.547509+07');
INSERT INTO tickets.django_migrations VALUES (13, 'auth', '0008_alter_user_username_max_length', '2026-01-13 10:23:57.559148+07');
INSERT INTO tickets.django_migrations VALUES (14, 'auth', '0009_alter_user_last_name_max_length', '2026-01-13 10:23:57.566137+07');
INSERT INTO tickets.django_migrations VALUES (15, 'auth', '0010_alter_group_name_max_length', '2026-01-13 10:23:57.572382+07');
INSERT INTO tickets.django_migrations VALUES (16, 'auth', '0011_update_proxy_permissions', '2026-01-13 10:23:57.58005+07');
INSERT INTO tickets.django_migrations VALUES (17, 'auth', '0012_alter_user_first_name_max_length', '2026-01-13 10:23:57.586581+07');
INSERT INTO tickets.django_migrations VALUES (18, 'sessions', '0001_initial', '2026-01-13 10:23:57.596884+07');


--
-- TOC entry 5700 (class 0 OID 18928)
-- Dependencies: 385
-- Data for Name: django_session; Type: TABLE DATA; Schema: tickets; Owner: postgres
--

INSERT INTO tickets.django_session VALUES ('pm72xr5kjv9eex7gffrqaq7fn88ans67', '.eJyrViotTi1SsqpWykxRsjLWAXPzEnNTlazATANDJR2ltNKcnHioYHB-bnJGYqaCV2JmSmoqULIoPwemWKm2FgAbBRpA:1vfa6Q:pdaxibE1xt2omYHGl9ev9tEbPn0f7He3ScJQ3gfcjdU', '2026-01-27 15:50:14.466228+07');
INSERT INTO tickets.django_session VALUES ('1a0k1ys4z0d4z5931sthbtvz8hlk4ygg', '.eJyrViotTi1SsqpWykxRsjLUAXPzEnNTlayUElNyM_MMDJV0lNJKc3LioaLBlcUlqbkKjiBJoFRRfg5crVJtLQAZjRo6:1vfvoD:CXlM-vi4QUi580dZSTNvO19E87aEwgw1tN8kXE5djh8', '2026-01-28 15:00:53.338152+07');
INSERT INTO tickets.django_session VALUES ('h356xfnvxnseffqm3fzbrg5zxuuzz3g5', '.eJyrViotTi1SsqpWykxRsjLUAXPzEnNTlayUElNyM_MMDJV0lNJKc3LioaLBlcUlqbkKjiBJoFRRfg5crVJtLQAZjRo6:1vgJMU:M22koib5KxN8xRFeAhGqBYY1V64yJEMwS7RxC9nNOT8', '2026-01-29 16:09:50.951217+07');
INSERT INTO tickets.django_session VALUES ('jptjy67pwp7n0hjt763ok4wfpg4wxqez', '.eJyrViotTi1SsqpWykxRsjLUAXPzEnNTlayUElNyM_MMDJV0lNJKc3LioaLBlcUlqbkKjiBJoFRRfg5crVJtLQAZjRo6:1vgK5D:ycEgbO9Y7Yv67A1VD2wexlN_V6mKekicTV84dMIvKbg', '2026-01-29 16:56:03.103471+07');


--
-- TOC entry 5679 (class 0 OID 18707)
-- Dependencies: 364
-- Data for Name: file_document; Type: TABLE DATA; Schema: tickets; Owner: postgres
--



--
-- TOC entry 5649 (class 0 OID 18468)
-- Dependencies: 334
-- Data for Name: groups; Type: TABLE DATA; Schema: tickets; Owner: postgres
--



--
-- TOC entry 5673 (class 0 OID 18650)
-- Dependencies: 358
-- Data for Name: log; Type: TABLE DATA; Schema: tickets; Owner: postgres
--



--
-- TOC entry 5669 (class 0 OID 18620)
-- Dependencies: 354
-- Data for Name: module; Type: TABLE DATA; Schema: tickets; Owner: postgres
--

INSERT INTO tickets.module VALUES (2, 'tickets', '/tickets', '', '2026-01-16 14:39:19.10176');
INSERT INTO tickets.module VALUES (3, 'ticket_detail', '/tickets/detail', '', '2026-01-16 14:39:19.10176');
INSERT INTO tickets.module VALUES (4, 'create', '/create', '', '2026-01-16 14:39:19.10176');
INSERT INTO tickets.module VALUES (5, 'erp', '/create/erp-perm', 'formerp', '2026-01-16 14:39:19.10176');
INSERT INTO tickets.module VALUES (6, 'repairs', '/create/repairs', 'form', '2026-01-16 14:39:19.10176');
INSERT INTO tickets.module VALUES (7, 'adjust', '/create/adjust', 'form', '2026-01-16 14:39:19.10176');
INSERT INTO tickets.module VALUES (8, 'app', '/create/app', 'formapp', '2026-01-16 14:39:19.10176');
INSERT INTO tickets.module VALUES (9, 'report', '/create/report', 'form', '2026-01-16 14:39:19.10176');
INSERT INTO tickets.module VALUES (10, 'active promotion', '/create/active_promotion', 'form', '2026-01-16 14:39:19.10176');
INSERT INTO tickets.module VALUES (11, 'vpn', '/create/vpn', 'formvpn', '2026-01-16 14:39:19.10176');
INSERT INTO tickets.module VALUES (12, 'borrows', '/create/borrows', 'form', '2026-01-16 14:39:19.10176');
INSERT INTO tickets.module VALUES (1, 'Dashboard', '/', ' ', '2026-01-16 14:39:19.10176');


--
-- TOC entry 5671 (class 0 OID 18631)
-- Dependencies: 356
-- Data for Name: module_permission; Type: TABLE DATA; Schema: tickets; Owner: postgres
--

INSERT INTO tickets.module_permission VALUES (5, 1, 1, true, true, true, '2026-01-16 14:49:18.678508', NULL);
INSERT INTO tickets.module_permission VALUES (6, 1, 2, true, true, true, '2026-01-16 14:49:18.678508', NULL);
INSERT INTO tickets.module_permission VALUES (7, 2, 1, false, false, false, '2026-01-16 14:49:23.894677', NULL);
INSERT INTO tickets.module_permission VALUES (8, 2, 2, true, false, true, '2026-01-16 14:49:23.894677', NULL);
INSERT INTO tickets.module_permission VALUES (9, 3, 1, false, false, false, '2026-01-16 14:49:30.513289', NULL);
INSERT INTO tickets.module_permission VALUES (10, 3, 2, false, false, false, '2026-01-16 14:49:30.513289', NULL);


--
-- TOC entry 5667 (class 0 OID 18606)
-- Dependencies: 352
-- Data for Name: notification; Type: TABLE DATA; Schema: tickets; Owner: postgres
--



--
-- TOC entry 5708 (class 0 OID 19073)
-- Dependencies: 393
-- Data for Name: roles; Type: TABLE DATA; Schema: tickets; Owner: postgres
--

INSERT INTO tickets.roles VALUES (1, 'admin', '2026-01-16 14:10:05.718989');
INSERT INTO tickets.roles VALUES (2, 'manager', '2026-01-16 14:10:05.718989');
INSERT INTO tickets.roles VALUES (3, 'user', '2026-01-16 14:10:05.718989');


--
-- TOC entry 5704 (class 0 OID 19010)
-- Dependencies: 389
-- Data for Name: status; Type: TABLE DATA; Schema: tickets; Owner: postgres
--

INSERT INTO tickets.status VALUES (1, 'Waiting for Approve', 'document');
INSERT INTO tickets.status VALUES (4, 'In Progress', 'document');
INSERT INTO tickets.status VALUES (5, 'Completed', 'document');
INSERT INTO tickets.status VALUES (2, 'Approved', 'approve_level');
INSERT INTO tickets.status VALUES (3, 'Rejected', 'approve_level');
INSERT INTO tickets.status VALUES (6, 'Waiting', 'approve_level');
INSERT INTO tickets.status VALUES (7, 'Pending', 'approve_level');


--
-- TOC entry 5710 (class 0 OID 19095)
-- Dependencies: 395
-- Data for Name: team; Type: TABLE DATA; Schema: tickets; Owner: postgres
--

INSERT INTO tickets.team VALUES (18, 'Sales', 7, 4, 26);
INSERT INTO tickets.team VALUES (15, 'CEO', 10, 29, 30);
INSERT INTO tickets.team VALUES (17, 'Admin', 9, 11, 12);
INSERT INTO tickets.team VALUES (16, '', 4, 16, 15);


--
-- TOC entry 5712 (class 0 OID 19142)
-- Dependencies: 397
-- Data for Name: team_members; Type: TABLE DATA; Schema: tickets; Owner: postgres
--

INSERT INTO tickets.team_members VALUES (14, 16, 22, '2026-01-26 03:36:24.883842', NULL, false);
INSERT INTO tickets.team_members VALUES (15, 16, 23, '2026-01-26 03:36:28.136109', NULL, false);
INSERT INTO tickets.team_members VALUES (16, 16, 24, '2026-01-26 03:36:33.274947', NULL, false);
INSERT INTO tickets.team_members VALUES (17, 15, 13, '2026-01-26 03:37:01.582921', NULL, false);
INSERT INTO tickets.team_members VALUES (18, 15, 2, '2026-01-26 03:37:05.956191', NULL, false);
INSERT INTO tickets.team_members VALUES (19, 18, 27, '2026-01-26 03:37:42.673074', NULL, false);
INSERT INTO tickets.team_members VALUES (20, 18, 25, '2026-01-26 03:37:46.23982', NULL, false);
INSERT INTO tickets.team_members VALUES (21, 18, 24, '2026-01-26 03:37:49.382321', NULL, false);
INSERT INTO tickets.team_members VALUES (22, 17, 11, '2026-01-26 08:46:38.762306', NULL, false);
INSERT INTO tickets.team_members VALUES (23, 17, 12, '2026-01-26 08:46:40.814329', NULL, false);
INSERT INTO tickets.team_members VALUES (24, 17, 13, '2026-01-26 08:46:42.519101', NULL, false);
INSERT INTO tickets.team_members VALUES (25, 17, 1, '2026-01-26 08:46:46.412387', NULL, false);


--
-- TOC entry 5714 (class 0 OID 19170)
-- Dependencies: 399
-- Data for Name: ticket_approval_status; Type: TABLE DATA; Schema: tickets; Owner: postgres
--



--
-- TOC entry 5663 (class 0 OID 18574)
-- Dependencies: 348
-- Data for Name: ticket_data_adjust; Type: TABLE DATA; Schema: tickets; Owner: postgres
--

INSERT INTO tickets.ticket_data_adjust VALUES (1, 28, '', 'LADKA0261', 'GHABDN7219', ' 1  100', '', 500.00, NULL, NULL, NULL, NULL, NULL);
INSERT INTO tickets.ticket_data_adjust VALUES (2, 29, '', 'LADKA0261', 'GHABDN7219', ' 1  100', '', 500.00, NULL, NULL, NULL, NULL, NULL);
INSERT INTO tickets.ticket_data_adjust VALUES (3, 30, '', 'LADKA0261', 'GHABDN7219', ' 1  100', '', 500.00, '', NULL, ' 1  100', '', 500.00);
INSERT INTO tickets.ticket_data_adjust VALUES (4, 31, '', 'LADKA0261', 'GHABDN7219', ' 1  100', '', 500.00, '', '428194751289', ' 1  100', '', 500.00);


--
-- TOC entry 5706 (class 0 OID 19046)
-- Dependencies: 391
-- Data for Name: ticket_data_building_repair; Type: TABLE DATA; Schema: tickets; Owner: postgres
--

INSERT INTO tickets.ticket_data_building_repair VALUES (3, 25, 1, '', 'IT', '', '2026-01-15 06:31:32.005143');
INSERT INTO tickets.ticket_data_building_repair VALUES (4, 47, 1, '', '', '2', '2026-01-19 09:10:16.653858');
INSERT INTO tickets.ticket_data_building_repair VALUES (5, 49, 1, '', '', '2', '2026-01-20 07:09:49.556405');
INSERT INTO tickets.ticket_data_building_repair VALUES (6, 53, 1, '', 'it', '2', '2026-01-20 08:14:34.590866');


--
-- TOC entry 5661 (class 0 OID 18558)
-- Dependencies: 346
-- Data for Name: ticket_data_erp_app; Type: TABLE DATA; Schema: tickets; Owner: postgres
--

INSERT INTO tickets.ticket_data_erp_app VALUES (1, 8, true, true, NULL, NULL, NULL, '', NULL, NULL, NULL, NULL, NULL, NULL, NULL, NULL);
INSERT INTO tickets.ticket_data_erp_app VALUES (2, 9, true, true, NULL, NULL, NULL, '', NULL, NULL, NULL, NULL, NULL, NULL, NULL, NULL);
INSERT INTO tickets.ticket_data_erp_app VALUES (3, 10, true, true, NULL, NULL, NULL, '', NULL, NULL, NULL, NULL, NULL, NULL, NULL, NULL);
INSERT INTO tickets.ticket_data_erp_app VALUES (4, 11, true, true, NULL, NULL, NULL, '', NULL, NULL, NULL, NULL, NULL, NULL, NULL, NULL);
INSERT INTO tickets.ticket_data_erp_app VALUES (5, 12, true, false, NULL, NULL, NULL, '', NULL, NULL, NULL, NULL, NULL, NULL, NULL, NULL);
INSERT INTO tickets.ticket_data_erp_app VALUES (6, 13, true, false, NULL, NULL, NULL, ' ', NULL, NULL, NULL, NULL, NULL, NULL, NULL, NULL);
INSERT INTO tickets.ticket_data_erp_app VALUES (7, 14, true, true, NULL, NULL, NULL, ' ', NULL, NULL, NULL, NULL, NULL, NULL, NULL, NULL);
INSERT INTO tickets.ticket_data_erp_app VALUES (8, 16, true, true, NULL, NULL, NULL, '', NULL, NULL, NULL, NULL, NULL, ' ', NULL, NULL);
INSERT INTO tickets.ticket_data_erp_app VALUES (9, 17, true, true, NULL, NULL, NULL, ' ', NULL, NULL, NULL, NULL, NULL, '', NULL, NULL);
INSERT INTO tickets.ticket_data_erp_app VALUES (10, 18, true, true, NULL, NULL, NULL, '
 
 ', NULL, NULL, NULL, NULL, NULL, '
 
', NULL, NULL);
INSERT INTO tickets.ticket_data_erp_app VALUES (11, 20, true, true, NULL, NULL, NULL, '', NULL, NULL, NULL, NULL, NULL, '', NULL, NULL);
INSERT INTO tickets.ticket_data_erp_app VALUES (12, 21, true, false, NULL, NULL, NULL, '', NULL, NULL, NULL, NULL, NULL, '', NULL, NULL);
INSERT INTO tickets.ticket_data_erp_app VALUES (13, 32, true, true, NULL, NULL, NULL, '', NULL, NULL, NULL, NULL, NULL, '', NULL, NULL);
INSERT INTO tickets.ticket_data_erp_app VALUES (14, 33, NULL, NULL, true, NULL, NULL, '', NULL, '', '', NULL, '2026-01-19', 'System Admin', NULL, NULL);
INSERT INTO tickets.ticket_data_erp_app VALUES (15, 34, NULL, NULL, true, NULL, NULL, NULL, NULL, 'PPP', 'KIS', NULL, '2026-01-19', 'System Admin', NULL, NULL);
INSERT INTO tickets.ticket_data_erp_app VALUES (16, 35, NULL, NULL, NULL, false, true, NULL, NULL, '', '', NULL, '2026-01-19', 'System Admin', NULL, NULL);
INSERT INTO tickets.ticket_data_erp_app VALUES (17, 36, NULL, NULL, NULL, false, true, NULL, NULL, NULL, 'ddd', NULL, '2026-01-19', 'System Admin', NULL, NULL);
INSERT INTO tickets.ticket_data_erp_app VALUES (18, 39, NULL, NULL, NULL, NULL, NULL, NULL, NULL, NULL, NULL, 'pg888', NULL, NULL, '2026-01-09', '2026-01-29');
INSERT INTO tickets.ticket_data_erp_app VALUES (19, 40, NULL, NULL, true, NULL, NULL, NULL, NULL, '', '', NULL, '2026-01-19', 'System Admin', NULL, NULL);
INSERT INTO tickets.ticket_data_erp_app VALUES (20, 42, NULL, NULL, NULL, false, true, NULL, NULL, NULL, 'ftgh', NULL, '2026-01-19', NULL, NULL, NULL);
INSERT INTO tickets.ticket_data_erp_app VALUES (21, 43, NULL, NULL, true, NULL, NULL, NULL, NULL, '', '', NULL, '2026-01-19', NULL, NULL, NULL);
INSERT INTO tickets.ticket_data_erp_app VALUES (22, 44, NULL, NULL, NULL, true, false, NULL, NULL, NULL, '', NULL, '2026-01-19', NULL, NULL, NULL);
INSERT INTO tickets.ticket_data_erp_app VALUES (23, 45, true, false, NULL, NULL, NULL, '
 ', NULL, NULL, NULL, NULL, NULL, 'aaaa
wwww', NULL, NULL);
INSERT INTO tickets.ticket_data_erp_app VALUES (24, 51, NULL, NULL, NULL, true, false, NULL, NULL, NULL, '', NULL, '2026-01-20', NULL, NULL, NULL);
INSERT INTO tickets.ticket_data_erp_app VALUES (25, 52, NULL, NULL, NULL, true, false, NULL, NULL, NULL, 'OFOF', NULL, NULL, NULL, NULL, '2026-01-20');
INSERT INTO tickets.ticket_data_erp_app VALUES (26, 54, true, false, NULL, NULL, NULL, '
 
 ', NULL, NULL, NULL, NULL, NULL, ' 
 
', NULL, NULL);
INSERT INTO tickets.ticket_data_erp_app VALUES (27, 55, NULL, NULL, true, NULL, NULL, NULL, NULL, '', '', NULL, '2026-01-21', NULL, NULL, NULL);
INSERT INTO tickets.ticket_data_erp_app VALUES (28, 56, NULL, NULL, true, NULL, NULL, NULL, NULL, '', '', NULL, '2026-01-21', NULL, NULL, NULL);
INSERT INTO tickets.ticket_data_erp_app VALUES (29, 57, NULL, NULL, true, NULL, NULL, NULL, NULL, '', '', NULL, '2026-01-21', NULL, NULL, NULL);
INSERT INTO tickets.ticket_data_erp_app VALUES (30, 58, NULL, NULL, true, NULL, NULL, NULL, NULL, '?????', '"""', NULL, '2026-01-21', NULL, NULL, NULL);
INSERT INTO tickets.ticket_data_erp_app VALUES (31, 59, true, true, NULL, NULL, NULL, '
 
 ', NULL, NULL, NULL, NULL, NULL, ' 
 
', NULL, NULL);


--
-- TOC entry 5665 (class 0 OID 18590)
-- Dependencies: 350
-- Data for Name: ticket_data_vpn; Type: TABLE DATA; Schema: tickets; Owner: postgres
--

INSERT INTO tickets.ticket_data_vpn VALUES (1, 22, '2026-01-15', '2026-01-17', '', ' 
');
INSERT INTO tickets.ticket_data_vpn VALUES (2, 46, '2026-01-15', '2026-01-23', '', 'A
B
C
D');
INSERT INTO tickets.ticket_data_vpn VALUES (3, 60, '2026-01-22', '2026-01-28', 'GGWP', 'A
B
O');


--
-- TOC entry 5681 (class 0 OID 18723)
-- Dependencies: 366
-- Data for Name: ticket_files; Type: TABLE DATA; Schema: tickets; Owner: postgres
--

INSERT INTO tickets.ticket_files VALUES (2, 10, 'ERP_APP', 3, 'AUCC_research_goat (1).pdf', 'Z:\ticket-system\uploads/erp/10\AUCC_research_goat (1).pdf', 'application/pdf', 585193, 1, '2026-01-13 07:13:21.650782');
INSERT INTO tickets.ticket_files VALUES (3, 11, 'ERP_APP', 4, 'AUCC_research_goat (1).pdf', 'Z:\ticket-system\uploads/erp/11\AUCC_research_goat (1).pdf', 'application/pdf', 585193, 1, '2026-01-13 07:18:32.557975');
INSERT INTO tickets.ticket_files VALUES (4, 12, 'ERP_APP', 5, 'AUCC_research_goat (1).pdf', 'Z:\ticket-system\uploads/erp/12\AUCC_research_goat (1).pdf', 'application/pdf', 585193, 1, '2026-01-13 07:19:23.199716');
INSERT INTO tickets.ticket_files VALUES (5, 13, 'ERP_APP', 6, 'paper-O-CI-0033-1764773867 (1).pdf', 'uploads/erp/13/paper-O-CI-0033-1764773867 (1).pdf', 'application/pdf', 881715, 1, '2026-01-13 08:01:57.775598');
INSERT INTO tickets.ticket_files VALUES (6, 13, 'ERP_APP', 6, 'paper-O-CI-0033-1764773867.pdf', 'uploads/erp/13/paper-O-CI-0033-1764773867.pdf', 'application/pdf', 881715, 1, '2026-01-13 08:01:57.777609');
INSERT INTO tickets.ticket_files VALUES (7, 13, 'ERP_APP', 6, 'template_oral_thai.docx', 'uploads/erp/13/template_oral_thai.docx', 'application/vnd.openxmlformats-officedocument.wordprocessingml.document', 60612, 1, '2026-01-13 08:01:57.779623');
INSERT INTO tickets.ticket_files VALUES (8, 13, 'ERP_APP', 6, 'template_poster_thai.docx', 'uploads/erp/13/template_poster_thai.docx', 'application/vnd.openxmlformats-officedocument.wordprocessingml.document', 59738, 1, '2026-01-13 08:01:57.781758');
INSERT INTO tickets.ticket_files VALUES (9, 13, 'ERP_APP', 6, 'AUCC_research_goat.pdf', 'uploads/erp/13/AUCC_research_goat.pdf', 'application/pdf', 585193, 1, '2026-01-13 08:01:57.782795');
INSERT INTO tickets.ticket_files VALUES (10, 14, 'ERP_APP', 7, 'AUCC Research Topic Categorization Based on Support Vector Machine.pdf', 'uploads/erp/14/AUCC Research Topic Categorization Based on Support Vector Machine.pdf', 'application/pdf', 378151, 3, '2026-01-13 08:51:29.841737');
INSERT INTO tickets.ticket_files VALUES (11, 14, 'ERP_APP', 7, 'AUCC Research Topic Categorization Based on Support Vector Machine.docx', 'uploads/erp/14/AUCC Research Topic Categorization Based on Support Vector Machine.docx', 'application/vnd.openxmlformats-officedocument.wordprocessingml.document', 281028, 3, '2026-01-13 08:51:29.844919');
INSERT INTO tickets.ticket_files VALUES (12, 14, 'ERP_APP', 7, 'AUCC_research_goat (1).pdf', 'uploads/erp/14/AUCC_research_goat (1).pdf', 'application/pdf', 585193, 3, '2026-01-13 08:51:29.846256');
INSERT INTO tickets.ticket_files VALUES (13, 14, 'ERP_APP', 7, 'paper-O-CI-0033-1764773867 (1).pdf', 'uploads/erp/14/paper-O-CI-0033-1764773867 (1).pdf', 'application/pdf', 881715, 3, '2026-01-13 08:51:29.847789');
INSERT INTO tickets.ticket_files VALUES (14, 14, 'ERP_APP', 7, 'paper-O-CI-0033-1764773867.pdf', 'uploads/erp/14/paper-O-CI-0033-1764773867.pdf', 'application/pdf', 881715, 3, '2026-01-13 08:51:29.849181');
INSERT INTO tickets.ticket_files VALUES (15, 14, 'ERP_APP', 7, 'template_oral_thai.docx', 'uploads/erp/14/template_oral_thai.docx', 'application/vnd.openxmlformats-officedocument.wordprocessingml.document', 60612, 3, '2026-01-13 08:51:29.850506');
INSERT INTO tickets.ticket_files VALUES (16, 14, 'ERP_APP', 7, 'template_poster_thai.docx', 'uploads/erp/14/template_poster_thai.docx', 'application/vnd.openxmlformats-officedocument.wordprocessingml.document', 59738, 3, '2026-01-13 08:51:29.852647');
INSERT INTO tickets.ticket_files VALUES (17, 14, 'ERP_APP', 7, 'AUCC_research_goat.pdf', 'uploads/erp/14/AUCC_research_goat.pdf', 'application/pdf', 585193, 3, '2026-01-13 08:51:29.854124');
INSERT INTO tickets.ticket_files VALUES (18, 14, 'ERP_APP', 7, '74_73_1.doc', 'uploads/erp/14/74_73_1.doc', 'application/msword', 48640, 3, '2026-01-13 08:51:29.85507');
INSERT INTO tickets.ticket_files VALUES (19, 14, 'ERP_APP', 7, 'AUCC-Accept-Letter.pdf', 'uploads/erp/14/AUCC-Accept-Letter.pdf', 'application/pdf', 134800, 3, '2026-01-13 08:51:29.856139');
INSERT INTO tickets.ticket_files VALUES (20, 14, 'ERP_APP', 7, 'Statement_24DEC2025_86230aec-72ee-41d3-8fdb-2ed246f01b76.pdf', 'uploads/erp/14/Statement_24DEC2025_86230aec-72ee-41d3-8fdb-2ed246f01b76.pdf', 'application/pdf', 186533, 3, '2026-01-13 08:51:29.856994');
INSERT INTO tickets.ticket_files VALUES (21, 14, 'ERP_APP', 7, ' Active Promotion Package V1.1.pdf', 'uploads/erp/14/ Active Promotion Package V1.1.pdf', 'application/pdf', 230525, 3, '2026-01-13 08:51:29.857926');
INSERT INTO tickets.ticket_files VALUES (22, 16, 'ERP_APP', 8, '74_73_1.doc', 'uploads/erp/16/74_73_1.doc', 'application/msword', 48640, 3, '2026-01-14 07:51:56.253288');
INSERT INTO tickets.ticket_files VALUES (23, 47, 'BUILDING_REPAIR', NULL, 'Screenshot 2025-05-24 173541.png', 'media/uploads/repairs/47/Screenshot 2025-05-24 173541.png', 'image/png', 189670, 1, '2026-01-19 09:10:16.657419');


--
-- TOC entry 5657 (class 0 OID 18519)
-- Dependencies: 342
-- Data for Name: ticket_type; Type: TABLE DATA; Schema: tickets; Owner: postgres
--

INSERT INTO tickets.ticket_type VALUES (2, ' User ', 1);
INSERT INTO tickets.ticket_type VALUES (1, '', 1);
INSERT INTO tickets.ticket_type VALUES (3, ' VPN', 2);
INSERT INTO tickets.ticket_type VALUES (4, '', 3);
INSERT INTO tickets.ticket_type VALUES (5, '', 4);
INSERT INTO tickets.ticket_type VALUES (6, '', 4);
INSERT INTO tickets.ticket_type VALUES (7, '', 4);
INSERT INTO tickets.ticket_type VALUES (8, '', 4);
INSERT INTO tickets.ticket_type VALUES (9, 'Application', 5);
INSERT INTO tickets.ticket_type VALUES (10, 'Application', 5);
INSERT INTO tickets.ticket_type VALUES (11, '', 5);
INSERT INTO tickets.ticket_type VALUES (12, 'Active Promotion Package', 6);


--
-- TOC entry 5659 (class 0 OID 18532)
-- Dependencies: 344
-- Data for Name: tickets; Type: TABLE DATA; Schema: tickets; Owner: postgres
--

INSERT INTO tickets.tickets VALUES (7, ' User /  ERP', '', 1, NULL, 1, 1, '2026-01-13 06:20:43.601886', NULL, NULL);
INSERT INTO tickets.tickets VALUES (8, ' User /  ERP', '', 1, NULL, 1, 1, '2026-01-13 06:22:27.811497', NULL, NULL);
INSERT INTO tickets.tickets VALUES (9, ' User /  ERP', '', 1, NULL, 1, 1, '2026-01-13 06:27:53.343726', NULL, NULL);
INSERT INTO tickets.tickets VALUES (10, ' User /  ERP', '', 1, NULL, 1, 1, '2026-01-13 07:13:21.647046', NULL, NULL);
INSERT INTO tickets.tickets VALUES (11, ' User /  ERP', '', 1, NULL, 1, 1, '2026-01-13 07:18:32.552158', NULL, NULL);
INSERT INTO tickets.tickets VALUES (12, ' User /  ERP', '', 1, NULL, 1, 1, '2026-01-13 07:19:23.196205', NULL, NULL);
INSERT INTO tickets.tickets VALUES (13, ' User ', '', 1, NULL, 1, 1, '2026-01-13 08:01:57.771681', NULL, NULL);
INSERT INTO tickets.tickets VALUES (14, '', ' ', 3, NULL, 1, 1, '2026-01-13 08:51:29.828498', NULL, NULL);
INSERT INTO tickets.tickets VALUES (15, '', '', 3, NULL, 1, 1, '2026-01-13 09:23:19.077498', NULL, NULL);
INSERT INTO tickets.tickets VALUES (16, '', '', 3, NULL, 1, 1, '2026-01-14 07:51:56.241761', NULL, NULL);
INSERT INTO tickets.tickets VALUES (17, '', '', 3, NULL, 1, 1, '2026-01-14 07:56:40.611945', NULL, '{}');
INSERT INTO tickets.tickets VALUES (18, '', '', 3, NULL, 1, 1, '2026-01-14 07:58:15.230036', NULL, '{it,,}');
INSERT INTO tickets.tickets VALUES (20, '', '', 1, NULL, 1, 1, '2026-01-14 08:32:59.536061', NULL, NULL);
INSERT INTO tickets.tickets VALUES (21, ' User ', 'Test', 1, NULL, 1, 2, '2026-01-14 08:36:23.829197', NULL, '{}');
INSERT INTO tickets.tickets VALUES (22, ' Virtual Private Network (VPN)', '', 1, NULL, 1, 3, '2026-01-14 08:45:00.053308', NULL, 'it, ');
INSERT INTO tickets.tickets VALUES (23, '', '', 1, NULL, 1, 3, '2026-01-14 10:18:42.73549', NULL, NULL);
INSERT INTO tickets.tickets VALUES (24, '', '', 1, NULL, 1, 4, '2026-01-15 05:08:02.632454', NULL, NULL);
INSERT INTO tickets.tickets VALUES (25, '', '', 1, NULL, 1, 4, '2026-01-15 06:31:32.002889', NULL, NULL);
INSERT INTO tickets.tickets VALUES (28, '', '', 1, NULL, 1, 5, '2026-01-15 08:13:45.805746', NULL, NULL);
INSERT INTO tickets.tickets VALUES (29, '', '', 1, NULL, 1, 5, '2026-01-15 08:17:03.088196', NULL, NULL);
INSERT INTO tickets.tickets VALUES (30, '', '', 1, NULL, 1, 5, '2026-01-15 08:25:38.257602', NULL, NULL);
INSERT INTO tickets.tickets VALUES (31, '', '', 1, NULL, 1, 5, '2026-01-15 10:00:38.528964', NULL, NULL);
INSERT INTO tickets.tickets VALUES (32, '', '', 1, NULL, 1, 1, '2026-01-16 05:09:15.088995', NULL, '{}');
INSERT INTO tickets.tickets VALUES (33, 'Request Report / ERP Data', ':


:


:
', 1, NULL, 1, 11, '2026-01-19 02:24:16.650341', NULL, ' (IT)');
INSERT INTO tickets.tickets VALUES (34, 'Request Report / ERP Data', 'KIS', 1, NULL, 1, 11, '2026-01-19 02:34:33.35144', NULL, ' (IT)');
INSERT INTO tickets.tickets VALUES (35, 'Request Application (Update)', '', 1, NULL, 1, 10, '2026-01-19 02:41:33.367126', '2026-01-23 02:41:00', '');
INSERT INTO tickets.tickets VALUES (36, 'Request Application (Update)', 'sss', 1, NULL, 1, 10, '2026-01-19 02:47:34.411156', '2026-01-19 02:47:00', '');
INSERT INTO tickets.tickets VALUES (37, 'Active Promotion Package', 'Promotion: 
: 17/01/2026 - 23/01/2026

:
', 1, NULL, 1, 12, '2026-01-19 03:23:02.354804', NULL, NULL);
INSERT INTO tickets.tickets VALUES (38, 'Active Promotion Package', 'Promotion: pg888
: 21/01/2026 - 31/01/2026

:
POPOP', 1, NULL, 1, 12, '2026-01-19 03:43:38.372746', NULL, NULL);
INSERT INTO tickets.tickets VALUES (39, 'Active Promotion Package', 'Promotion: pg888
:  (IT)
: 09/01/2026 - 29/01/2026

:
kasd', 1, NULL, 1, 12, '2026-01-19 03:45:02.198982', NULL, NULL);
INSERT INTO tickets.tickets VALUES (40, 'Request Report / ERP Data', '', 1, NULL, 1, 11, '2026-01-19 07:46:29.576834', NULL, ' (IT)');
INSERT INTO tickets.tickets VALUES (41, 'Request Application (Update)', 'asd', 1, NULL, 1, 10, '2026-01-19 08:17:31.351126', '2026-01-23 08:17:00', ' (IT)');
INSERT INTO tickets.tickets VALUES (42, 'Request Application (Update)', 'iukj', 1, NULL, 1, 10, '2026-01-19 08:18:15.738899', '2026-01-15 12:18:00', 'qwe');
INSERT INTO tickets.tickets VALUES (43, 'Request Report / ERP Data', '', 1, NULL, 1, 11, '2026-01-19 08:41:54.65922', NULL, '');
INSERT INTO tickets.tickets VALUES (44, 'Request Application (New)', '', 1, NULL, 1, 9, '2026-01-19 08:49:09.937923', '2026-01-10 08:48:00', '');
INSERT INTO tickets.tickets VALUES (45, ' User ', 'GGWP', 1, NULL, 1, 2, '2026-01-19 08:54:29.34859', NULL, '{sss,ddd}');
INSERT INTO tickets.tickets VALUES (46, ' Virtual Private Network (VPN)', '', 1, NULL, 1, 3, '2026-01-19 09:00:57.913983', NULL, 'A, B, C, D');
INSERT INTO tickets.tickets VALUES (47, '', '', 1, NULL, 1, 4, '2026-01-19 09:10:16.651116', NULL, NULL);
INSERT INTO tickets.tickets VALUES (48, '', '', 1, NULL, 1, 4, '2026-01-20 07:07:05.754399', NULL, NULL);
INSERT INTO tickets.tickets VALUES (49, '', '', 1, NULL, 1, 4, '2026-01-20 07:09:49.553684', NULL, NULL);
INSERT INTO tickets.tickets VALUES (50, '', '', 1, NULL, 1, 7, '2026-01-20 07:39:32.213106', NULL, NULL);
INSERT INTO tickets.tickets VALUES (51, 'Request Application (New)', '', 1, NULL, 1, 9, '2026-01-20 08:00:50.299948', '2026-01-16 08:00:00', '');
INSERT INTO tickets.tickets VALUES (52, 'Request Application (New)', 'FOFO', 1, NULL, 1, 9, '2026-01-20 08:03:29.073818', '2026-01-23 08:03:00', ' (IT)');
INSERT INTO tickets.tickets VALUES (53, '', '', 1, NULL, 1, 4, '2026-01-20 08:14:34.588335', NULL, NULL);
INSERT INTO tickets.tickets VALUES (54, ' User ', '', 3, NULL, 1, 2, '2026-01-21 08:38:12.378818', NULL, '{}');
INSERT INTO tickets.tickets VALUES (55, 'Request Report / ERP Data', '', 3, NULL, 1, 11, '2026-01-21 08:41:18.992406', NULL, '');
INSERT INTO tickets.tickets VALUES (56, 'Request Report / ERP Data', '', 1, NULL, 1, 11, '2026-01-21 08:56:17.167912', NULL, '');
INSERT INTO tickets.tickets VALUES (57, 'Request Report / ERP Data', '', 3, NULL, 1, 11, '2026-01-21 09:03:31.56597', NULL, '');
INSERT INTO tickets.tickets VALUES (58, 'Request Report / ERP Data', '"""', 9, NULL, 1, 11, '2026-01-21 09:26:17.406045', NULL, '');
INSERT INTO tickets.tickets VALUES (59, '', '', 9, NULL, 1, 1, '2026-01-22 07:41:31.233912', NULL, '{}');
INSERT INTO tickets.tickets VALUES (60, ' Virtual Private Network (VPN)', 'GGWP', 9, NULL, 1, 3, '2026-01-22 09:44:38.108213', NULL, 'A, B, O');


--
-- TOC entry 5677 (class 0 OID 18685)
-- Dependencies: 362
-- Data for Name: tickets_comments; Type: TABLE DATA; Schema: tickets; Owner: postgres
--



--
-- TOC entry 5675 (class 0 OID 18664)
-- Dependencies: 360
-- Data for Name: tickets_history; Type: TABLE DATA; Schema: tickets; Owner: postgres
--



--
-- TOC entry 5651 (class 0 OID 18478)
-- Dependencies: 336
-- Data for Name: user_groups; Type: TABLE DATA; Schema: tickets; Owner: postgres
--



--
-- TOC entry 5647 (class 0 OID 18458)
-- Dependencies: 332
-- Data for Name: user_permission; Type: TABLE DATA; Schema: tickets; Owner: postgres
--



--
-- TOC entry 5702 (class 0 OID 18943)
-- Dependencies: 387
-- Data for Name: users; Type: TABLE DATA; Schema: tickets; Owner: postgres
--

INSERT INTO tickets.users VALUES (1, 1001, 'admin01', 'System Admin', 'admin@company.com', true, '2026-01-13 10:45:07.828071', NULL, '$2a$06$M30dgqkwL5qTCRV.oyEVQ.3r6JOwa9puTQknH5X0w9voPrynHgiT2', 1, NULL);
INSERT INTO tickets.users VALUES (2, 2001, 'manager01', 'IT Manager', 'manager@company.com', true, '2026-01-13 10:45:07.828071', NULL, NULL, 2, NULL);
INSERT INTO tickets.users VALUES (3, 3101, 'user01', 'Somchai Jaidee', 'somchai@company.com', true, '2026-01-13 10:45:07.828071', NULL, '$2a$06$fKedjEvSbXU827njGP4/7eQQnvCjRogttqs77Hu0CPwN2EfNKiZ1i', 3, NULL);
INSERT INTO tickets.users VALUES (4, 3205, 'user02', 'Somsri Deeja', 'somsri@company.com', true, '2026-01-13 10:45:07.828071', NULL, '$2a$06$rDJaFw3z.AGlN8algPs.f.pZYRtQ0pZD1aqj52ldmyREmZNn1ETJu', 3, NULL);
INSERT INTO tickets.users VALUES (9, 1, 'ranchida', 'Manager Ranchida', 'ranchida@example.com', true, '2026-01-16 15:01:51.697163', NULL, '$2a$06$8J6BYZhrbSXuZI0XJ94a3uMfJGyPdBd/57XnrreRBPilKGi0A2FES', 2, NULL);
INSERT INTO tickets.users VALUES (10, 2, 'super', 'Manager Super', 'Super@example.com', true, '2026-01-16 16:45:51.184264', NULL, '$2a$06$yxrhI8IP9uKhmSBT3axn7urG9DY0e8b.zHkWVg131Z670OJhd3QXe', 3, NULL);
INSERT INTO tickets.users VALUES (11, 6001, 'itadmin03', 'IT Admin 3', 'itadmin03@company.com', true, '2026-01-26 09:09:55.218808', NULL, '$2a$06$p4ro6NZf2MW8z0g6z2v0yuWCmubrkL3/KuF0C0zIcXqW/P7uvksKC', 1, NULL);
INSERT INTO tickets.users VALUES (12, 6002, 'itadmin04', 'IT Admin 4', 'itadmin04@company.com', true, '2026-01-26 09:09:55.218808', NULL, '$2a$06$oLpeqB70dr9j9cJ07W4sG.e8rt/zfIdTEP3un6pBlwzk.2hCmgAI2', 1, NULL);
INSERT INTO tickets.users VALUES (13, 6003, 'itadmin05', 'IT Admin 5', 'itadmin05@company.com', true, '2026-01-26 09:09:55.218808', NULL, '$2a$06$svbK9PwCYoTZbVrmAv6.vOQaOOy.pRS5WOAHpXE2A8rXgULoZRr7u', 1, NULL);
INSERT INTO tickets.users VALUES (14, 6101, 'manager03', 'Manager Three', 'manager03@company.com', true, '2026-01-26 09:12:26.975399', NULL, '$2a$06$ZoQHXbts6FiHElFzqq7ek.LOp.g4H/99HJt9qtNGYpAw9Yn6nXnpO', 2, NULL);
INSERT INTO tickets.users VALUES (15, 6102, 'manager04', 'Manager Four', 'manager04@company.com', true, '2026-01-26 09:12:26.975399', NULL, '$2a$06$P8rUvi09QtmB.m9Ah.41W.LSs.to9VugfhYzgD5tTk1fR6lD/h6aC', 2, NULL);
INSERT INTO tickets.users VALUES (16, 6103, 'manager05', 'Manager Five', 'manager05@company.com', true, '2026-01-26 09:12:26.975399', NULL, '$2a$06$xaFfRWIJCAhZh.hNe0jBmeVUFEK9SqbEvEXCBPy0/pA3EF5omd0PS', 2, NULL);
INSERT INTO tickets.users VALUES (17, 6104, 'manager06', 'Manager Six', 'manager06@company.com', true, '2026-01-26 09:12:26.975399', NULL, '$2a$06$.MU7qhcE0HqwW.CWDTL.yu0rZwTd/C6NAQRM.uHHYKhNmJnMHi52y', 2, NULL);
INSERT INTO tickets.users VALUES (18, 6201, 'user04', 'User Four', 'user04@company.com', true, '2026-01-26 09:14:54.895176', NULL, '$2a$06$oKFevqyWk2BCsoWk2V2xw.PecQaPQKW4pq2M/8N58nl1GqcPna0FO', 3, NULL);
INSERT INTO tickets.users VALUES (19, 6202, 'user05', 'User Five', 'user05@company.com', true, '2026-01-26 09:14:54.895176', NULL, '$2a$06$8SJHznosTeDMscfoFAGr0O.tdoeYkmuFR0e7aE7QC9owTfqHQEf8S', 3, NULL);
INSERT INTO tickets.users VALUES (20, 6203, 'user06', 'User Six', 'user06@company.com', true, '2026-01-26 09:14:54.895176', NULL, '$2a$06$8A6YW6JEsW.Tfdet7.Rk0u9GMeF7dZTTdzqrhCnku1sO./45GynQS', 3, NULL);
INSERT INTO tickets.users VALUES (21, 6204, 'user07', 'User Seven', 'user07@company.com', true, '2026-01-26 09:14:54.895176', NULL, '$2a$06$r2Gw4R.MP2lpAOgvZQQuKeMuLApZck0CM1PUkMuKnmpH/nheWJKci', 3, NULL);
INSERT INTO tickets.users VALUES (22, 6205, 'user08', 'User Eight', 'user08@company.com', true, '2026-01-26 09:14:54.895176', NULL, '$2a$06$VvFSECHUZXMQcyHJvPgxweio/40bNKaTYFijEne2reXxOr5XM8pcO', 3, NULL);
INSERT INTO tickets.users VALUES (23, 6206, 'user09', 'User Nine', 'user09@company.com', true, '2026-01-26 09:14:54.895176', NULL, '$2a$06$ScF.OYzaA4a.bYm5YyMxHunwwvEVCCEQGF/nGj13TMivphDiPjV5O', 3, NULL);
INSERT INTO tickets.users VALUES (24, 6207, 'user10', 'User Ten', 'user10@company.com', true, '2026-01-26 09:14:54.895176', NULL, '$2a$06$lEY4PfEoEAqul.yGDgrTQ.0Z9mwfFyHJMdtxYKoT6.pyUhHP2EJKO', 3, NULL);
INSERT INTO tickets.users VALUES (25, 6208, 'user11', 'User Eleven', 'user11@company.com', true, '2026-01-26 09:14:54.895176', NULL, '$2a$06$jqkFb7HJm6GCyK.3ku3rmeR54sfsL5EuFZdh0EZRg0d4fXoGzH2f2', 3, NULL);
INSERT INTO tickets.users VALUES (26, 6209, 'user12', 'User Twelve', 'user12@company.com', true, '2026-01-26 09:14:54.895176', NULL, '$2a$06$HMv/oU5XXMbix8OY47DCF.qBEacAEBZl7Lrh6KGjXo9S2jWWR21Hi', 3, NULL);
INSERT INTO tickets.users VALUES (27, 6210, 'user13', 'User Thirteen', 'user13@company.com', true, '2026-01-26 09:14:54.895176', NULL, '$2a$06$gDwN86xXPP2xHnkJA3Idku.Ji9wEDSkswevnfxS9pd0KAmrtGwz3S', 3, NULL);
INSERT INTO tickets.users VALUES (29, 6211, 'ceo', 'CEO J', 'CEO@company.com', true, '2026-01-26 10:32:50.549901', NULL, '$2a$06$1aI8KXYvbsNEN6IrvscCjeXy9VtL5IVjXvBLmUuLhn0pmmkT/Boha', 2, NULL);
INSERT INTO tickets.users VALUES (30, 6212, 'cfo', 'CFO P', 'CFO@company.com', true, '2026-01-26 10:32:50.549901', NULL, '$2a$06$PQECCwbynmw.5lfEoZmTpe7U04Q0bWrORGCo417VNokXOznF0YkhS', 2, NULL);
INSERT INTO tickets.users VALUES (38, 527, 'adminsp', 'test_01 admin [test_admin_it]', NULL, true, '2026-01-27 10:23:25.71292', NULL, NULL, 1, NULL);


--
-- TOC entry 5748 (class 0 OID 0)
-- Dependencies: 400
-- Name: approve_line_id_seq; Type: SEQUENCE SET; Schema: tickets; Owner: postgres
--

SELECT pg_catalog.setval('tickets.approve_line_id_seq', 24, true);


--
-- TOC entry 5749 (class 0 OID 0)
-- Dependencies: 373
-- Name: auth_group_id_seq; Type: SEQUENCE SET; Schema: tickets; Owner: postgres
--

SELECT pg_catalog.setval('tickets.auth_group_id_seq', 1, false);


--
-- TOC entry 5750 (class 0 OID 0)
-- Dependencies: 375
-- Name: auth_group_permissions_id_seq; Type: SEQUENCE SET; Schema: tickets; Owner: postgres
--

SELECT pg_catalog.setval('tickets.auth_group_permissions_id_seq', 1, false);


--
-- TOC entry 5751 (class 0 OID 0)
-- Dependencies: 371
-- Name: auth_permission_id_seq; Type: SEQUENCE SET; Schema: tickets; Owner: postgres
--

SELECT pg_catalog.setval('tickets.auth_permission_id_seq', 24, true);


--
-- TOC entry 5752 (class 0 OID 0)
-- Dependencies: 379
-- Name: auth_user_groups_id_seq; Type: SEQUENCE SET; Schema: tickets; Owner: postgres
--

SELECT pg_catalog.setval('tickets.auth_user_groups_id_seq', 1, false);


--
-- TOC entry 5753 (class 0 OID 0)
-- Dependencies: 377
-- Name: auth_user_id_seq; Type: SEQUENCE SET; Schema: tickets; Owner: postgres
--

SELECT pg_catalog.setval('tickets.auth_user_id_seq', 1, false);


--
-- TOC entry 5754 (class 0 OID 0)
-- Dependencies: 381
-- Name: auth_user_user_permissions_id_seq; Type: SEQUENCE SET; Schema: tickets; Owner: postgres
--

SELECT pg_catalog.setval('tickets.auth_user_user_permissions_id_seq', 1, false);


--
-- TOC entry 5755 (class 0 OID 0)
-- Dependencies: 339
-- Name: category_id_seq; Type: SEQUENCE SET; Schema: tickets; Owner: postgres
--

SELECT pg_catalog.setval('tickets.category_id_seq', 2, true);


--
-- TOC entry 5756 (class 0 OID 0)
-- Dependencies: 337
-- Name: department_id_seq; Type: SEQUENCE SET; Schema: tickets; Owner: postgres
--

SELECT pg_catalog.setval('tickets.department_id_seq', 10, true);


--
-- TOC entry 5757 (class 0 OID 0)
-- Dependencies: 383
-- Name: django_admin_log_id_seq; Type: SEQUENCE SET; Schema: tickets; Owner: postgres
--

SELECT pg_catalog.setval('tickets.django_admin_log_id_seq', 1, false);


--
-- TOC entry 5758 (class 0 OID 0)
-- Dependencies: 369
-- Name: django_content_type_id_seq; Type: SEQUENCE SET; Schema: tickets; Owner: postgres
--

SELECT pg_catalog.setval('tickets.django_content_type_id_seq', 6, true);


--
-- TOC entry 5759 (class 0 OID 0)
-- Dependencies: 367
-- Name: django_migrations_id_seq; Type: SEQUENCE SET; Schema: tickets; Owner: postgres
--

SELECT pg_catalog.setval('tickets.django_migrations_id_seq', 18, true);


--
-- TOC entry 5760 (class 0 OID 0)
-- Dependencies: 363
-- Name: file_document_id_seq; Type: SEQUENCE SET; Schema: tickets; Owner: postgres
--

SELECT pg_catalog.setval('tickets.file_document_id_seq', 1, false);


--
-- TOC entry 5761 (class 0 OID 0)
-- Dependencies: 333
-- Name: groups_id_seq; Type: SEQUENCE SET; Schema: tickets; Owner: postgres
--

SELECT pg_catalog.setval('tickets.groups_id_seq', 1, false);


--
-- TOC entry 5762 (class 0 OID 0)
-- Dependencies: 357
-- Name: log_id_seq; Type: SEQUENCE SET; Schema: tickets; Owner: postgres
--

SELECT pg_catalog.setval('tickets.log_id_seq', 1, false);


--
-- TOC entry 5763 (class 0 OID 0)
-- Dependencies: 353
-- Name: module_id_seq; Type: SEQUENCE SET; Schema: tickets; Owner: postgres
--

SELECT pg_catalog.setval('tickets.module_id_seq', 12, true);


--
-- TOC entry 5764 (class 0 OID 0)
-- Dependencies: 355
-- Name: module_permission_id_seq; Type: SEQUENCE SET; Schema: tickets; Owner: postgres
--

SELECT pg_catalog.setval('tickets.module_permission_id_seq', 10, true);


--
-- TOC entry 5765 (class 0 OID 0)
-- Dependencies: 351
-- Name: notification_id_seq; Type: SEQUENCE SET; Schema: tickets; Owner: postgres
--

SELECT pg_catalog.setval('tickets.notification_id_seq', 1, false);


--
-- TOC entry 5766 (class 0 OID 0)
-- Dependencies: 392
-- Name: roles_id_seq; Type: SEQUENCE SET; Schema: tickets; Owner: postgres
--

SELECT pg_catalog.setval('tickets.roles_id_seq', 3, true);


--
-- TOC entry 5767 (class 0 OID 0)
-- Dependencies: 388
-- Name: status_id_seq; Type: SEQUENCE SET; Schema: tickets; Owner: postgres
--

SELECT pg_catalog.setval('tickets.status_id_seq', 7, true);


--
-- TOC entry 5768 (class 0 OID 0)
-- Dependencies: 394
-- Name: team_id_seq; Type: SEQUENCE SET; Schema: tickets; Owner: postgres
--

SELECT pg_catalog.setval('tickets.team_id_seq', 18, true);


--
-- TOC entry 5769 (class 0 OID 0)
-- Dependencies: 396
-- Name: team_members_id_seq; Type: SEQUENCE SET; Schema: tickets; Owner: postgres
--

SELECT pg_catalog.setval('tickets.team_members_id_seq', 25, true);


--
-- TOC entry 5770 (class 0 OID 0)
-- Dependencies: 398
-- Name: ticket_approval_status_id_seq; Type: SEQUENCE SET; Schema: tickets; Owner: postgres
--

SELECT pg_catalog.setval('tickets.ticket_approval_status_id_seq', 1, false);


--
-- TOC entry 5771 (class 0 OID 0)
-- Dependencies: 347
-- Name: ticket_data_adjust_id_seq; Type: SEQUENCE SET; Schema: tickets; Owner: postgres
--

SELECT pg_catalog.setval('tickets.ticket_data_adjust_id_seq', 4, true);


--
-- TOC entry 5772 (class 0 OID 0)
-- Dependencies: 390
-- Name: ticket_data_building_repair_id_seq; Type: SEQUENCE SET; Schema: tickets; Owner: postgres
--

SELECT pg_catalog.setval('tickets.ticket_data_building_repair_id_seq', 6, true);


--
-- TOC entry 5773 (class 0 OID 0)
-- Dependencies: 345
-- Name: ticket_data_erp_app_id_seq; Type: SEQUENCE SET; Schema: tickets; Owner: postgres
--

SELECT pg_catalog.setval('tickets.ticket_data_erp_app_id_seq', 32, true);


--
-- TOC entry 5774 (class 0 OID 0)
-- Dependencies: 349
-- Name: ticket_data_vpn_id_seq; Type: SEQUENCE SET; Schema: tickets; Owner: postgres
--

SELECT pg_catalog.setval('tickets.ticket_data_vpn_id_seq', 3, true);


--
-- TOC entry 5775 (class 0 OID 0)
-- Dependencies: 365
-- Name: ticket_files_id_seq; Type: SEQUENCE SET; Schema: tickets; Owner: postgres
--

SELECT pg_catalog.setval('tickets.ticket_files_id_seq', 23, true);


--
-- TOC entry 5776 (class 0 OID 0)
-- Dependencies: 341
-- Name: ticket_type_id_seq; Type: SEQUENCE SET; Schema: tickets; Owner: postgres
--

SELECT pg_catalog.setval('tickets.ticket_type_id_seq', 2, true);


--
-- TOC entry 5777 (class 0 OID 0)
-- Dependencies: 361
-- Name: tickets_comments_id_seq; Type: SEQUENCE SET; Schema: tickets; Owner: postgres
--

SELECT pg_catalog.setval('tickets.tickets_comments_id_seq', 1, false);


--
-- TOC entry 5778 (class 0 OID 0)
-- Dependencies: 359
-- Name: tickets_history_id_seq; Type: SEQUENCE SET; Schema: tickets; Owner: postgres
--

SELECT pg_catalog.setval('tickets.tickets_history_id_seq', 1, false);


--
-- TOC entry 5779 (class 0 OID 0)
-- Dependencies: 343
-- Name: tickets_id_seq; Type: SEQUENCE SET; Schema: tickets; Owner: postgres
--

SELECT pg_catalog.setval('tickets.tickets_id_seq', 61, true);


--
-- TOC entry 5780 (class 0 OID 0)
-- Dependencies: 335
-- Name: user_groups_id_seq; Type: SEQUENCE SET; Schema: tickets; Owner: postgres
--

SELECT pg_catalog.setval('tickets.user_groups_id_seq', 1, false);


--
-- TOC entry 5781 (class 0 OID 0)
-- Dependencies: 331
-- Name: user_permission_id_seq; Type: SEQUENCE SET; Schema: tickets; Owner: postgres
--

SELECT pg_catalog.setval('tickets.user_permission_id_seq', 1, false);


--
-- TOC entry 5782 (class 0 OID 0)
-- Dependencies: 386
-- Name: users_id_seq; Type: SEQUENCE SET; Schema: tickets; Owner: postgres
--

SELECT pg_catalog.setval('tickets.users_id_seq', 38, true);


--
-- TOC entry 5449 (class 2606 OID 19254)
-- Name: approve_line approve_line_pkey; Type: CONSTRAINT; Schema: tickets; Owner: postgres
--

ALTER TABLE ONLY tickets.approve_line
    ADD CONSTRAINT approve_line_pkey PRIMARY KEY (id);


--
-- TOC entry 5392 (class 2606 OID 18924)
-- Name: auth_group auth_group_name_key; Type: CONSTRAINT; Schema: tickets; Owner: postgres
--

ALTER TABLE ONLY tickets.auth_group
    ADD CONSTRAINT auth_group_name_key UNIQUE (name);


--
-- TOC entry 5397 (class 2606 OID 18845)
-- Name: auth_group_permissions auth_group_permissions_group_id_permission_id_0cd325b0_uniq; Type: CONSTRAINT; Schema: tickets; Owner: postgres
--

ALTER TABLE ONLY tickets.auth_group_permissions
    ADD CONSTRAINT auth_group_permissions_group_id_permission_id_0cd325b0_uniq UNIQUE (group_id, permission_id);


--
-- TOC entry 5400 (class 2606 OID 18797)
-- Name: auth_group_permissions auth_group_permissions_pkey; Type: CONSTRAINT; Schema: tickets; Owner: postgres
--

ALTER TABLE ONLY tickets.auth_group_permissions
    ADD CONSTRAINT auth_group_permissions_pkey PRIMARY KEY (id);


--
-- TOC entry 5394 (class 2606 OID 18786)
-- Name: auth_group auth_group_pkey; Type: CONSTRAINT; Schema: tickets; Owner: postgres
--

ALTER TABLE ONLY tickets.auth_group
    ADD CONSTRAINT auth_group_pkey PRIMARY KEY (id);


--
-- TOC entry 5387 (class 2606 OID 18836)
-- Name: auth_permission auth_permission_content_type_id_codename_01ab375a_uniq; Type: CONSTRAINT; Schema: tickets; Owner: postgres
--

ALTER TABLE ONLY tickets.auth_permission
    ADD CONSTRAINT auth_permission_content_type_id_codename_01ab375a_uniq UNIQUE (content_type_id, codename);


--
-- TOC entry 5389 (class 2606 OID 18778)
-- Name: auth_permission auth_permission_pkey; Type: CONSTRAINT; Schema: tickets; Owner: postgres
--

ALTER TABLE ONLY tickets.auth_permission
    ADD CONSTRAINT auth_permission_pkey PRIMARY KEY (id);


--
-- TOC entry 5408 (class 2606 OID 18825)
-- Name: auth_user_groups auth_user_groups_pkey; Type: CONSTRAINT; Schema: tickets; Owner: postgres
--

ALTER TABLE ONLY tickets.auth_user_groups
    ADD CONSTRAINT auth_user_groups_pkey PRIMARY KEY (id);


--
-- TOC entry 5411 (class 2606 OID 18860)
-- Name: auth_user_groups auth_user_groups_user_id_group_id_94350c0c_uniq; Type: CONSTRAINT; Schema: tickets; Owner: postgres
--

ALTER TABLE ONLY tickets.auth_user_groups
    ADD CONSTRAINT auth_user_groups_user_id_group_id_94350c0c_uniq UNIQUE (user_id, group_id);


--
-- TOC entry 5402 (class 2606 OID 18814)
-- Name: auth_user auth_user_pkey; Type: CONSTRAINT; Schema: tickets; Owner: postgres
--

ALTER TABLE ONLY tickets.auth_user
    ADD CONSTRAINT auth_user_pkey PRIMARY KEY (id);


--
-- TOC entry 5414 (class 2606 OID 18834)
-- Name: auth_user_user_permissions auth_user_user_permissions_pkey; Type: CONSTRAINT; Schema: tickets; Owner: postgres
--

ALTER TABLE ONLY tickets.auth_user_user_permissions
    ADD CONSTRAINT auth_user_user_permissions_pkey PRIMARY KEY (id);


--
-- TOC entry 5417 (class 2606 OID 18874)
-- Name: auth_user_user_permissions auth_user_user_permissions_user_id_permission_id_14a6b632_uniq; Type: CONSTRAINT; Schema: tickets; Owner: postgres
--

ALTER TABLE ONLY tickets.auth_user_user_permissions
    ADD CONSTRAINT auth_user_user_permissions_user_id_permission_id_14a6b632_uniq UNIQUE (user_id, permission_id);


--
-- TOC entry 5405 (class 2606 OID 18917)
-- Name: auth_user auth_user_username_key; Type: CONSTRAINT; Schema: tickets; Owner: postgres
--

ALTER TABLE ONLY tickets.auth_user
    ADD CONSTRAINT auth_user_username_key UNIQUE (username);


--
-- TOC entry 5352 (class 2606 OID 18517)
-- Name: category category_pkey; Type: CONSTRAINT; Schema: tickets; Owner: postgres
--

ALTER TABLE ONLY tickets.category
    ADD CONSTRAINT category_pkey PRIMARY KEY (id);


--
-- TOC entry 5350 (class 2606 OID 18504)
-- Name: department department_pkey; Type: CONSTRAINT; Schema: tickets; Owner: postgres
--

ALTER TABLE ONLY tickets.department
    ADD CONSTRAINT department_pkey PRIMARY KEY (id);


--
-- TOC entry 5420 (class 2606 OID 18901)
-- Name: django_admin_log django_admin_log_pkey; Type: CONSTRAINT; Schema: tickets; Owner: postgres
--

ALTER TABLE ONLY tickets.django_admin_log
    ADD CONSTRAINT django_admin_log_pkey PRIMARY KEY (id);


--
-- TOC entry 5382 (class 2606 OID 18768)
-- Name: django_content_type django_content_type_app_label_model_76bd3d3b_uniq; Type: CONSTRAINT; Schema: tickets; Owner: postgres
--

ALTER TABLE ONLY tickets.django_content_type
    ADD CONSTRAINT django_content_type_app_label_model_76bd3d3b_uniq UNIQUE (app_label, model);


--
-- TOC entry 5384 (class 2606 OID 18766)
-- Name: django_content_type django_content_type_pkey; Type: CONSTRAINT; Schema: tickets; Owner: postgres
--

ALTER TABLE ONLY tickets.django_content_type
    ADD CONSTRAINT django_content_type_pkey PRIMARY KEY (id);


--
-- TOC entry 5380 (class 2606 OID 18756)
-- Name: django_migrations django_migrations_pkey; Type: CONSTRAINT; Schema: tickets; Owner: postgres
--

ALTER TABLE ONLY tickets.django_migrations
    ADD CONSTRAINT django_migrations_pkey PRIMARY KEY (id);


--
-- TOC entry 5424 (class 2606 OID 18937)
-- Name: django_session django_session_pkey; Type: CONSTRAINT; Schema: tickets; Owner: postgres
--

ALTER TABLE ONLY tickets.django_session
    ADD CONSTRAINT django_session_pkey PRIMARY KEY (session_key);


--
-- TOC entry 5376 (class 2606 OID 18716)
-- Name: file_document file_document_pkey; Type: CONSTRAINT; Schema: tickets; Owner: postgres
--

ALTER TABLE ONLY tickets.file_document
    ADD CONSTRAINT file_document_pkey PRIMARY KEY (id);


--
-- TOC entry 5346 (class 2606 OID 18476)
-- Name: groups groups_pkey; Type: CONSTRAINT; Schema: tickets; Owner: postgres
--

ALTER TABLE ONLY tickets.groups
    ADD CONSTRAINT groups_pkey PRIMARY KEY (id);


--
-- TOC entry 5370 (class 2606 OID 18657)
-- Name: log log_pkey; Type: CONSTRAINT; Schema: tickets; Owner: postgres
--

ALTER TABLE ONLY tickets.log
    ADD CONSTRAINT log_pkey PRIMARY KEY (id);


--
-- TOC entry 5368 (class 2606 OID 18638)
-- Name: module_permission module_permission_pkey; Type: CONSTRAINT; Schema: tickets; Owner: postgres
--

ALTER TABLE ONLY tickets.module_permission
    ADD CONSTRAINT module_permission_pkey PRIMARY KEY (id);


--
-- TOC entry 5366 (class 2606 OID 18629)
-- Name: module module_pkey; Type: CONSTRAINT; Schema: tickets; Owner: postgres
--

ALTER TABLE ONLY tickets.module
    ADD CONSTRAINT module_pkey PRIMARY KEY (id);


--
-- TOC entry 5364 (class 2606 OID 18613)
-- Name: notification notification_pkey; Type: CONSTRAINT; Schema: tickets; Owner: postgres
--

ALTER TABLE ONLY tickets.notification
    ADD CONSTRAINT notification_pkey PRIMARY KEY (id);


--
-- TOC entry 5437 (class 2606 OID 19081)
-- Name: roles roles_pkey; Type: CONSTRAINT; Schema: tickets; Owner: postgres
--

ALTER TABLE ONLY tickets.roles
    ADD CONSTRAINT roles_pkey PRIMARY KEY (id);


--
-- TOC entry 5439 (class 2606 OID 19083)
-- Name: roles roles_role_name_key; Type: CONSTRAINT; Schema: tickets; Owner: postgres
--

ALTER TABLE ONLY tickets.roles
    ADD CONSTRAINT roles_role_name_key UNIQUE (role_name);


--
-- TOC entry 5433 (class 2606 OID 19017)
-- Name: status status_pkey; Type: CONSTRAINT; Schema: tickets; Owner: postgres
--

ALTER TABLE ONLY tickets.status
    ADD CONSTRAINT status_pkey PRIMARY KEY (id);


--
-- TOC entry 5443 (class 2606 OID 19151)
-- Name: team_members team_members_pkey; Type: CONSTRAINT; Schema: tickets; Owner: postgres
--

ALTER TABLE ONLY tickets.team_members
    ADD CONSTRAINT team_members_pkey PRIMARY KEY (id);


--
-- TOC entry 5441 (class 2606 OID 19102)
-- Name: team team_pkey; Type: CONSTRAINT; Schema: tickets; Owner: postgres
--

ALTER TABLE ONLY tickets.team
    ADD CONSTRAINT team_pkey PRIMARY KEY (id);


--
-- TOC entry 5447 (class 2606 OID 19183)
-- Name: ticket_approval_status ticket_approval_status_pkey; Type: CONSTRAINT; Schema: tickets; Owner: postgres
--

ALTER TABLE ONLY tickets.ticket_approval_status
    ADD CONSTRAINT ticket_approval_status_pkey PRIMARY KEY (id);


--
-- TOC entry 5360 (class 2606 OID 18583)
-- Name: ticket_data_adjust ticket_data_adjust_pkey; Type: CONSTRAINT; Schema: tickets; Owner: postgres
--

ALTER TABLE ONLY tickets.ticket_data_adjust
    ADD CONSTRAINT ticket_data_adjust_pkey PRIMARY KEY (id);


--
-- TOC entry 5435 (class 2606 OID 19060)
-- Name: ticket_data_building_repair ticket_data_building_repair_pkey; Type: CONSTRAINT; Schema: tickets; Owner: postgres
--

ALTER TABLE ONLY tickets.ticket_data_building_repair
    ADD CONSTRAINT ticket_data_building_repair_pkey PRIMARY KEY (id);


--
-- TOC entry 5358 (class 2606 OID 18567)
-- Name: ticket_data_erp_app ticket_data_erp_app_pkey; Type: CONSTRAINT; Schema: tickets; Owner: postgres
--

ALTER TABLE ONLY tickets.ticket_data_erp_app
    ADD CONSTRAINT ticket_data_erp_app_pkey PRIMARY KEY (id);


--
-- TOC entry 5362 (class 2606 OID 18599)
-- Name: ticket_data_vpn ticket_data_vpn_pkey; Type: CONSTRAINT; Schema: tickets; Owner: postgres
--

ALTER TABLE ONLY tickets.ticket_data_vpn
    ADD CONSTRAINT ticket_data_vpn_pkey PRIMARY KEY (id);


--
-- TOC entry 5378 (class 2606 OID 18733)
-- Name: ticket_files ticket_files_pkey; Type: CONSTRAINT; Schema: tickets; Owner: postgres
--

ALTER TABLE ONLY tickets.ticket_files
    ADD CONSTRAINT ticket_files_pkey PRIMARY KEY (id);


--
-- TOC entry 5354 (class 2606 OID 18525)
-- Name: ticket_type ticket_type_pkey; Type: CONSTRAINT; Schema: tickets; Owner: postgres
--

ALTER TABLE ONLY tickets.ticket_type
    ADD CONSTRAINT ticket_type_pkey PRIMARY KEY (id);


--
-- TOC entry 5374 (class 2606 OID 18695)
-- Name: tickets_comments tickets_comments_pkey; Type: CONSTRAINT; Schema: tickets; Owner: postgres
--

ALTER TABLE ONLY tickets.tickets_comments
    ADD CONSTRAINT tickets_comments_pkey PRIMARY KEY (id);


--
-- TOC entry 5372 (class 2606 OID 18673)
-- Name: tickets_history tickets_history_pkey; Type: CONSTRAINT; Schema: tickets; Owner: postgres
--

ALTER TABLE ONLY tickets.tickets_history
    ADD CONSTRAINT tickets_history_pkey PRIMARY KEY (id);


--
-- TOC entry 5356 (class 2606 OID 18541)
-- Name: tickets tickets_pkey; Type: CONSTRAINT; Schema: tickets; Owner: postgres
--

ALTER TABLE ONLY tickets.tickets
    ADD CONSTRAINT tickets_pkey PRIMARY KEY (id);


--
-- TOC entry 5451 (class 2606 OID 19299)
-- Name: approve_line uq_category_team_flow_level; Type: CONSTRAINT; Schema: tickets; Owner: postgres
--

ALTER TABLE ONLY tickets.approve_line
    ADD CONSTRAINT uq_category_team_flow_level UNIQUE (category_id, team_id, flow_no, level);


--
-- TOC entry 5453 (class 2606 OID 19297)
-- Name: approve_line uq_flow; Type: CONSTRAINT; Schema: tickets; Owner: postgres
--

ALTER TABLE ONLY tickets.approve_line
    ADD CONSTRAINT uq_flow UNIQUE (category_id, team_id, flow_no, level);


--
-- TOC entry 5445 (class 2606 OID 19163)
-- Name: team_members uq_team_user; Type: CONSTRAINT; Schema: tickets; Owner: postgres
--

ALTER TABLE ONLY tickets.team_members
    ADD CONSTRAINT uq_team_user UNIQUE (team_id, user_id);


--
-- TOC entry 5348 (class 2606 OID 18486)
-- Name: user_groups user_groups_pkey; Type: CONSTRAINT; Schema: tickets; Owner: postgres
--

ALTER TABLE ONLY tickets.user_groups
    ADD CONSTRAINT user_groups_pkey PRIMARY KEY (id);


--
-- TOC entry 5344 (class 2606 OID 18466)
-- Name: user_permission user_permission_pkey; Type: CONSTRAINT; Schema: tickets; Owner: postgres
--

ALTER TABLE ONLY tickets.user_permission
    ADD CONSTRAINT user_permission_pkey PRIMARY KEY (id);


--
-- TOC entry 5427 (class 2606 OID 18958)
-- Name: users users_erp_user_id_key; Type: CONSTRAINT; Schema: tickets; Owner: postgres
--

ALTER TABLE ONLY tickets.users
    ADD CONSTRAINT users_erp_user_id_key UNIQUE (erp_user_id);


--
-- TOC entry 5429 (class 2606 OID 18956)
-- Name: users users_pkey; Type: CONSTRAINT; Schema: tickets; Owner: postgres
--

ALTER TABLE ONLY tickets.users
    ADD CONSTRAINT users_pkey PRIMARY KEY (id);


--
-- TOC entry 5431 (class 2606 OID 18960)
-- Name: users users_username_key; Type: CONSTRAINT; Schema: tickets; Owner: postgres
--

ALTER TABLE ONLY tickets.users
    ADD CONSTRAINT users_username_key UNIQUE (username);


--
-- TOC entry 5390 (class 1259 OID 18925)
-- Name: auth_group_name_a6ea08ec_like; Type: INDEX; Schema: tickets; Owner: postgres
--

CREATE INDEX auth_group_name_a6ea08ec_like ON tickets.auth_group USING btree (name varchar_pattern_ops);


--
-- TOC entry 5395 (class 1259 OID 18856)
-- Name: auth_group_permissions_group_id_b120cbf9; Type: INDEX; Schema: tickets; Owner: postgres
--

CREATE INDEX auth_group_permissions_group_id_b120cbf9 ON tickets.auth_group_permissions USING btree (group_id);


--
-- TOC entry 5398 (class 1259 OID 18857)
-- Name: auth_group_permissions_permission_id_84c5c92e; Type: INDEX; Schema: tickets; Owner: postgres
--

CREATE INDEX auth_group_permissions_permission_id_84c5c92e ON tickets.auth_group_permissions USING btree (permission_id);


--
-- TOC entry 5385 (class 1259 OID 18842)
-- Name: auth_permission_content_type_id_2f476e4b; Type: INDEX; Schema: tickets; Owner: postgres
--

CREATE INDEX auth_permission_content_type_id_2f476e4b ON tickets.auth_permission USING btree (content_type_id);


--
-- TOC entry 5406 (class 1259 OID 18872)
-- Name: auth_user_groups_group_id_97559544; Type: INDEX; Schema: tickets; Owner: postgres
--

CREATE INDEX auth_user_groups_group_id_97559544 ON tickets.auth_user_groups USING btree (group_id);


--
-- TOC entry 5409 (class 1259 OID 18871)
-- Name: auth_user_groups_user_id_6a12ed8b; Type: INDEX; Schema: tickets; Owner: postgres
--

CREATE INDEX auth_user_groups_user_id_6a12ed8b ON tickets.auth_user_groups USING btree (user_id);


--
-- TOC entry 5412 (class 1259 OID 18886)
-- Name: auth_user_user_permissions_permission_id_1fbb5f2c; Type: INDEX; Schema: tickets; Owner: postgres
--

CREATE INDEX auth_user_user_permissions_permission_id_1fbb5f2c ON tickets.auth_user_user_permissions USING btree (permission_id);


--
-- TOC entry 5415 (class 1259 OID 18885)
-- Name: auth_user_user_permissions_user_id_a95ead1b; Type: INDEX; Schema: tickets; Owner: postgres
--

CREATE INDEX auth_user_user_permissions_user_id_a95ead1b ON tickets.auth_user_user_permissions USING btree (user_id);


--
-- TOC entry 5403 (class 1259 OID 18918)
-- Name: auth_user_username_6821ab7c_like; Type: INDEX; Schema: tickets; Owner: postgres
--

CREATE INDEX auth_user_username_6821ab7c_like ON tickets.auth_user USING btree (username varchar_pattern_ops);


--
-- TOC entry 5418 (class 1259 OID 18912)
-- Name: django_admin_log_content_type_id_c4bce8eb; Type: INDEX; Schema: tickets; Owner: postgres
--

CREATE INDEX django_admin_log_content_type_id_c4bce8eb ON tickets.django_admin_log USING btree (content_type_id);


--
-- TOC entry 5421 (class 1259 OID 18913)
-- Name: django_admin_log_user_id_c564eba6; Type: INDEX; Schema: tickets; Owner: postgres
--

CREATE INDEX django_admin_log_user_id_c564eba6 ON tickets.django_admin_log USING btree (user_id);


--
-- TOC entry 5422 (class 1259 OID 18939)
-- Name: django_session_expire_date_a5c62663; Type: INDEX; Schema: tickets; Owner: postgres
--

CREATE INDEX django_session_expire_date_a5c62663 ON tickets.django_session USING btree (expire_date);


--
-- TOC entry 5425 (class 1259 OID 18938)
-- Name: django_session_session_key_c0390e0f_like; Type: INDEX; Schema: tickets; Owner: postgres
--

CREATE INDEX django_session_session_key_c0390e0f_like ON tickets.django_session USING btree (session_key varchar_pattern_ops);


--
-- TOC entry 5477 (class 2606 OID 18851)
-- Name: auth_group_permissions auth_group_permissio_permission_id_84c5c92e_fk_auth_perm; Type: FK CONSTRAINT; Schema: tickets; Owner: postgres
--

ALTER TABLE ONLY tickets.auth_group_permissions
    ADD CONSTRAINT auth_group_permissio_permission_id_84c5c92e_fk_auth_perm FOREIGN KEY (permission_id) REFERENCES tickets.auth_permission(id) DEFERRABLE INITIALLY DEFERRED;


--
-- TOC entry 5478 (class 2606 OID 18846)
-- Name: auth_group_permissions auth_group_permissions_group_id_b120cbf9_fk_auth_group_id; Type: FK CONSTRAINT; Schema: tickets; Owner: postgres
--

ALTER TABLE ONLY tickets.auth_group_permissions
    ADD CONSTRAINT auth_group_permissions_group_id_b120cbf9_fk_auth_group_id FOREIGN KEY (group_id) REFERENCES tickets.auth_group(id) DEFERRABLE INITIALLY DEFERRED;


--
-- TOC entry 5476 (class 2606 OID 18837)
-- Name: auth_permission auth_permission_content_type_id_2f476e4b_fk_django_co; Type: FK CONSTRAINT; Schema: tickets; Owner: postgres
--

ALTER TABLE ONLY tickets.auth_permission
    ADD CONSTRAINT auth_permission_content_type_id_2f476e4b_fk_django_co FOREIGN KEY (content_type_id) REFERENCES tickets.django_content_type(id) DEFERRABLE INITIALLY DEFERRED;


--
-- TOC entry 5479 (class 2606 OID 18866)
-- Name: auth_user_groups auth_user_groups_group_id_97559544_fk_auth_group_id; Type: FK CONSTRAINT; Schema: tickets; Owner: postgres
--

ALTER TABLE ONLY tickets.auth_user_groups
    ADD CONSTRAINT auth_user_groups_group_id_97559544_fk_auth_group_id FOREIGN KEY (group_id) REFERENCES tickets.auth_group(id) DEFERRABLE INITIALLY DEFERRED;


--
-- TOC entry 5480 (class 2606 OID 18861)
-- Name: auth_user_groups auth_user_groups_user_id_6a12ed8b_fk_auth_user_id; Type: FK CONSTRAINT; Schema: tickets; Owner: postgres
--

ALTER TABLE ONLY tickets.auth_user_groups
    ADD CONSTRAINT auth_user_groups_user_id_6a12ed8b_fk_auth_user_id FOREIGN KEY (user_id) REFERENCES tickets.auth_user(id) DEFERRABLE INITIALLY DEFERRED;


--
-- TOC entry 5481 (class 2606 OID 18880)
-- Name: auth_user_user_permissions auth_user_user_permi_permission_id_1fbb5f2c_fk_auth_perm; Type: FK CONSTRAINT; Schema: tickets; Owner: postgres
--

ALTER TABLE ONLY tickets.auth_user_user_permissions
    ADD CONSTRAINT auth_user_user_permi_permission_id_1fbb5f2c_fk_auth_perm FOREIGN KEY (permission_id) REFERENCES tickets.auth_permission(id) DEFERRABLE INITIALLY DEFERRED;


--
-- TOC entry 5482 (class 2606 OID 18875)
-- Name: auth_user_user_permissions auth_user_user_permissions_user_id_a95ead1b_fk_auth_user_id; Type: FK CONSTRAINT; Schema: tickets; Owner: postgres
--

ALTER TABLE ONLY tickets.auth_user_user_permissions
    ADD CONSTRAINT auth_user_user_permissions_user_id_a95ead1b_fk_auth_user_id FOREIGN KEY (user_id) REFERENCES tickets.auth_user(id) DEFERRABLE INITIALLY DEFERRED;


--
-- TOC entry 5483 (class 2606 OID 18902)
-- Name: django_admin_log django_admin_log_content_type_id_c4bce8eb_fk_django_co; Type: FK CONSTRAINT; Schema: tickets; Owner: postgres
--

ALTER TABLE ONLY tickets.django_admin_log
    ADD CONSTRAINT django_admin_log_content_type_id_c4bce8eb_fk_django_co FOREIGN KEY (content_type_id) REFERENCES tickets.django_content_type(id) DEFERRABLE INITIALLY DEFERRED;


--
-- TOC entry 5484 (class 2606 OID 18907)
-- Name: django_admin_log django_admin_log_user_id_c564eba6_fk_auth_user_id; Type: FK CONSTRAINT; Schema: tickets; Owner: postgres
--

ALTER TABLE ONLY tickets.django_admin_log
    ADD CONSTRAINT django_admin_log_user_id_c564eba6_fk_auth_user_id FOREIGN KEY (user_id) REFERENCES tickets.auth_user(id) DEFERRABLE INITIALLY DEFERRED;


--
-- TOC entry 5473 (class 2606 OID 18717)
-- Name: file_document file_document_related_to_fkey; Type: FK CONSTRAINT; Schema: tickets; Owner: postgres
--

ALTER TABLE ONLY tickets.file_document
    ADD CONSTRAINT file_document_related_to_fkey FOREIGN KEY (related_to) REFERENCES tickets.ticket_type(id);


--
-- TOC entry 5496 (class 2606 OID 19279)
-- Name: approve_line fk_approve_line_category; Type: FK CONSTRAINT; Schema: tickets; Owner: postgres
--

ALTER TABLE ONLY tickets.approve_line
    ADD CONSTRAINT fk_approve_line_category FOREIGN KEY (category_id) REFERENCES tickets.category(id) ON DELETE CASCADE;


--
-- TOC entry 5497 (class 2606 OID 19284)
-- Name: approve_line fk_approve_line_team; Type: FK CONSTRAINT; Schema: tickets; Owner: postgres
--

ALTER TABLE ONLY tickets.approve_line
    ADD CONSTRAINT fk_approve_line_team FOREIGN KEY (team_id) REFERENCES tickets.team(id) ON DELETE SET NULL;


--
-- TOC entry 5498 (class 2606 OID 19289)
-- Name: approve_line fk_approve_line_user; Type: FK CONSTRAINT; Schema: tickets; Owner: postgres
--

ALTER TABLE ONLY tickets.approve_line
    ADD CONSTRAINT fk_approve_line_user FOREIGN KEY (user_id) REFERENCES tickets.users(id) ON DELETE CASCADE;


--
-- TOC entry 5468 (class 2606 OID 18961)
-- Name: tickets_history fk_history_user; Type: FK CONSTRAINT; Schema: tickets; Owner: postgres
--

ALTER TABLE ONLY tickets.tickets_history
    ADD CONSTRAINT fk_history_user FOREIGN KEY (user_id) REFERENCES tickets.users(id);


--
-- TOC entry 5489 (class 2606 OID 19136)
-- Name: team fk_team_department; Type: FK CONSTRAINT; Schema: tickets; Owner: postgres
--

ALTER TABLE ONLY tickets.team
    ADD CONSTRAINT fk_team_department FOREIGN KEY (department_id) REFERENCES tickets.department(id);


--
-- TOC entry 5494 (class 2606 OID 19184)
-- Name: ticket_approval_status fk_ticket_approval_status_status; Type: FK CONSTRAINT; Schema: tickets; Owner: postgres
--

ALTER TABLE ONLY tickets.ticket_approval_status
    ADD CONSTRAINT fk_ticket_approval_status_status FOREIGN KEY (status_id) REFERENCES tickets.status(id);


--
-- TOC entry 5495 (class 2606 OID 19189)
-- Name: ticket_approval_status fk_ticket_approval_status_user; Type: FK CONSTRAINT; Schema: tickets; Owner: postgres
--

ALTER TABLE ONLY tickets.ticket_approval_status
    ADD CONSTRAINT fk_ticket_approval_status_user FOREIGN KEY (user_id) REFERENCES tickets.users(id) ON UPDATE RESTRICT ON DELETE CASCADE;


--
-- TOC entry 5492 (class 2606 OID 19152)
-- Name: team_members fk_tm_team; Type: FK CONSTRAINT; Schema: tickets; Owner: postgres
--

ALTER TABLE ONLY tickets.team_members
    ADD CONSTRAINT fk_tm_team FOREIGN KEY (team_id) REFERENCES tickets.team(id) ON DELETE CASCADE;


--
-- TOC entry 5493 (class 2606 OID 19157)
-- Name: team_members fk_tm_user; Type: FK CONSTRAINT; Schema: tickets; Owner: postgres
--

ALTER TABLE ONLY tickets.team_members
    ADD CONSTRAINT fk_tm_user FOREIGN KEY (user_id) REFERENCES tickets.users(id) ON DELETE CASCADE;


--
-- TOC entry 5485 (class 2606 OID 19111)
-- Name: users fk_user_role; Type: FK CONSTRAINT; Schema: tickets; Owner: postgres
--

ALTER TABLE ONLY tickets.users
    ADD CONSTRAINT fk_user_role FOREIGN KEY (role_id) REFERENCES tickets.roles(id) ON DELETE SET NULL;


--
-- TOC entry 5486 (class 2606 OID 19116)
-- Name: users fk_users_department; Type: FK CONSTRAINT; Schema: tickets; Owner: postgres
--

ALTER TABLE ONLY tickets.users
    ADD CONSTRAINT fk_users_department FOREIGN KEY (department_id) REFERENCES tickets.department(id);


--
-- TOC entry 5467 (class 2606 OID 18658)
-- Name: log log_user_id_fkey; Type: FK CONSTRAINT; Schema: tickets; Owner: postgres
--

ALTER TABLE ONLY tickets.log
    ADD CONSTRAINT log_user_id_fkey FOREIGN KEY (user_id) REFERENCES tickets.user_permission(id);


--
-- TOC entry 5465 (class 2606 OID 18644)
-- Name: module_permission module_permission_module_id_fkey; Type: FK CONSTRAINT; Schema: tickets; Owner: postgres
--

ALTER TABLE ONLY tickets.module_permission
    ADD CONSTRAINT module_permission_module_id_fkey FOREIGN KEY (module_id) REFERENCES tickets.module(id) ON DELETE CASCADE;


--
-- TOC entry 5466 (class 2606 OID 19089)
-- Name: module_permission module_permission_role_id_fkey; Type: FK CONSTRAINT; Schema: tickets; Owner: postgres
--

ALTER TABLE ONLY tickets.module_permission
    ADD CONSTRAINT module_permission_role_id_fkey FOREIGN KEY (role_id) REFERENCES tickets.roles(id) ON DELETE CASCADE;


--
-- TOC entry 5464 (class 2606 OID 18614)
-- Name: notification notification_ticket_id_fkey; Type: FK CONSTRAINT; Schema: tickets; Owner: postgres
--

ALTER TABLE ONLY tickets.notification
    ADD CONSTRAINT notification_ticket_id_fkey FOREIGN KEY (ticket_id) REFERENCES tickets.tickets(id) ON DELETE CASCADE;


--
-- TOC entry 5490 (class 2606 OID 19200)
-- Name: team team_approver_lv1_fk; Type: FK CONSTRAINT; Schema: tickets; Owner: postgres
--

ALTER TABLE ONLY tickets.team
    ADD CONSTRAINT team_approver_lv1_fk FOREIGN KEY (approver_lv1) REFERENCES tickets.users(id);


--
-- TOC entry 5491 (class 2606 OID 19205)
-- Name: team team_approver_lv2_fk; Type: FK CONSTRAINT; Schema: tickets; Owner: postgres
--

ALTER TABLE ONLY tickets.team
    ADD CONSTRAINT team_approver_lv2_fk FOREIGN KEY (approver_lv2) REFERENCES tickets.users(id);


--
-- TOC entry 5462 (class 2606 OID 18584)
-- Name: ticket_data_adjust ticket_data_adjust_ticket_id_fkey; Type: FK CONSTRAINT; Schema: tickets; Owner: postgres
--

ALTER TABLE ONLY tickets.ticket_data_adjust
    ADD CONSTRAINT ticket_data_adjust_ticket_id_fkey FOREIGN KEY (ticket_id) REFERENCES tickets.tickets(id) ON DELETE CASCADE;


--
-- TOC entry 5487 (class 2606 OID 19061)
-- Name: ticket_data_building_repair ticket_data_building_repair_ticket_id_fkey; Type: FK CONSTRAINT; Schema: tickets; Owner: postgres
--

ALTER TABLE ONLY tickets.ticket_data_building_repair
    ADD CONSTRAINT ticket_data_building_repair_ticket_id_fkey FOREIGN KEY (ticket_id) REFERENCES tickets.tickets(id) ON DELETE CASCADE;


--
-- TOC entry 5488 (class 2606 OID 19066)
-- Name: ticket_data_building_repair ticket_data_building_repair_user_id_fkey; Type: FK CONSTRAINT; Schema: tickets; Owner: postgres
--

ALTER TABLE ONLY tickets.ticket_data_building_repair
    ADD CONSTRAINT ticket_data_building_repair_user_id_fkey FOREIGN KEY (user_id) REFERENCES tickets.users(id) ON DELETE CASCADE;


--
-- TOC entry 5461 (class 2606 OID 18568)
-- Name: ticket_data_erp_app ticket_data_erp_app_ticket_id_fkey; Type: FK CONSTRAINT; Schema: tickets; Owner: postgres
--

ALTER TABLE ONLY tickets.ticket_data_erp_app
    ADD CONSTRAINT ticket_data_erp_app_ticket_id_fkey FOREIGN KEY (ticket_id) REFERENCES tickets.tickets(id) ON DELETE CASCADE;


--
-- TOC entry 5463 (class 2606 OID 18600)
-- Name: ticket_data_vpn ticket_data_vpn_ticket_id_fkey; Type: FK CONSTRAINT; Schema: tickets; Owner: postgres
--

ALTER TABLE ONLY tickets.ticket_data_vpn
    ADD CONSTRAINT ticket_data_vpn_ticket_id_fkey FOREIGN KEY (ticket_id) REFERENCES tickets.tickets(id) ON DELETE CASCADE;


--
-- TOC entry 5474 (class 2606 OID 18734)
-- Name: ticket_files ticket_files_ticket_id_fkey; Type: FK CONSTRAINT; Schema: tickets; Owner: postgres
--

ALTER TABLE ONLY tickets.ticket_files
    ADD CONSTRAINT ticket_files_ticket_id_fkey FOREIGN KEY (ticket_id) REFERENCES tickets.tickets(id) ON DELETE CASCADE;


--
-- TOC entry 5475 (class 2606 OID 19023)
-- Name: ticket_files ticket_files_uploaded_by_fkey; Type: FK CONSTRAINT; Schema: tickets; Owner: postgres
--

ALTER TABLE ONLY tickets.ticket_files
    ADD CONSTRAINT ticket_files_uploaded_by_fkey FOREIGN KEY (uploaded_by) REFERENCES tickets.users(id);


--
-- TOC entry 5456 (class 2606 OID 18526)
-- Name: ticket_type ticket_type_category_fkey; Type: FK CONSTRAINT; Schema: tickets; Owner: postgres
--

ALTER TABLE ONLY tickets.ticket_type
    ADD CONSTRAINT ticket_type_category_fkey FOREIGN KEY (category) REFERENCES tickets.category(id);


--
-- TOC entry 5457 (class 2606 OID 18547)
-- Name: tickets tickets_assign_id_fkey; Type: FK CONSTRAINT; Schema: tickets; Owner: postgres
--

ALTER TABLE ONLY tickets.tickets
    ADD CONSTRAINT tickets_assign_id_fkey FOREIGN KEY (assign_id) REFERENCES tickets.user_permission(id);


--
-- TOC entry 5471 (class 2606 OID 18696)
-- Name: tickets_comments tickets_comments_ticket_id_fkey; Type: FK CONSTRAINT; Schema: tickets; Owner: postgres
--

ALTER TABLE ONLY tickets.tickets_comments
    ADD CONSTRAINT tickets_comments_ticket_id_fkey FOREIGN KEY (ticket_id) REFERENCES tickets.tickets(id) ON DELETE CASCADE;


--
-- TOC entry 5472 (class 2606 OID 18701)
-- Name: tickets_comments tickets_comments_user_id_fkey; Type: FK CONSTRAINT; Schema: tickets; Owner: postgres
--

ALTER TABLE ONLY tickets.tickets_comments
    ADD CONSTRAINT tickets_comments_user_id_fkey FOREIGN KEY (user_id) REFERENCES tickets.user_permission(id);


--
-- TOC entry 5469 (class 2606 OID 18674)
-- Name: tickets_history tickets_history_ticket_id_fkey; Type: FK CONSTRAINT; Schema: tickets; Owner: postgres
--

ALTER TABLE ONLY tickets.tickets_history
    ADD CONSTRAINT tickets_history_ticket_id_fkey FOREIGN KEY (ticket_id) REFERENCES tickets.tickets(id) ON DELETE CASCADE;


--
-- TOC entry 5470 (class 2606 OID 18679)
-- Name: tickets_history tickets_history_user_id_fkey; Type: FK CONSTRAINT; Schema: tickets; Owner: postgres
--

ALTER TABLE ONLY tickets.tickets_history
    ADD CONSTRAINT tickets_history_user_id_fkey FOREIGN KEY (user_id) REFERENCES tickets.user_permission(id);


--
-- TOC entry 5458 (class 2606 OID 19018)
-- Name: tickets tickets_status_id_fkey; Type: FK CONSTRAINT; Schema: tickets; Owner: postgres
--

ALTER TABLE ONLY tickets.tickets
    ADD CONSTRAINT tickets_status_id_fkey FOREIGN KEY (status_id) REFERENCES tickets.status(id);


--
-- TOC entry 5459 (class 2606 OID 18552)
-- Name: tickets tickets_ticket_type_id_fkey; Type: FK CONSTRAINT; Schema: tickets; Owner: postgres
--

ALTER TABLE ONLY tickets.tickets
    ADD CONSTRAINT tickets_ticket_type_id_fkey FOREIGN KEY (ticket_type_id) REFERENCES tickets.ticket_type(id);


--
-- TOC entry 5460 (class 2606 OID 19004)
-- Name: tickets tickets_user_id_fkey; Type: FK CONSTRAINT; Schema: tickets; Owner: postgres
--

ALTER TABLE ONLY tickets.tickets
    ADD CONSTRAINT tickets_user_id_fkey FOREIGN KEY (user_id) REFERENCES tickets.users(id) ON DELETE CASCADE;


--
-- TOC entry 5454 (class 2606 OID 18492)
-- Name: user_groups user_groups_group_id_fkey; Type: FK CONSTRAINT; Schema: tickets; Owner: postgres
--

ALTER TABLE ONLY tickets.user_groups
    ADD CONSTRAINT user_groups_group_id_fkey FOREIGN KEY (group_id) REFERENCES tickets.groups(id) ON DELETE CASCADE;


--
-- TOC entry 5455 (class 2606 OID 18487)
-- Name: user_groups user_groups_user_id_fkey; Type: FK CONSTRAINT; Schema: tickets; Owner: postgres
--

ALTER TABLE ONLY tickets.user_groups
    ADD CONSTRAINT user_groups_user_id_fkey FOREIGN KEY (user_id) REFERENCES tickets.user_permission(id) ON DELETE CASCADE;


-- Completed on 2026-01-28 10:31:28

--
-- PostgreSQL database dump complete
--

\unrestrict 3yju0IWY7GaGqAgG5hCb2ilGLus4wPComOxKzbDTdDexhGYmcW6fQAydM6a7qQG

